"Daily Date","Share Code","Year High (GH¢)","Year Low (GH¢)","Previous Closing Price - VWAP (GH¢)","Opening Price (GH¢)","Last Transaction Price (GH¢)","Closing Price - VWAP (GH¢)","Price Change (GH¢)","Closing Bid Price (GH¢)","Closing Offer Price (GH¢)","Total Shares Traded","Total Value Traded (GH¢)"
"24/07/2026","ACCESS","46.64","16.20","31.90","31.90","31.90","31.90","0.00","30.00","31.90","820","26,158.00"
"24/07/2026","ADB","5.30","5.06","5.30","5.30","5.30","5.30","0.00","5.30","","0","0.00"
"24/07/2026","AGA","37.00","37.00","37.00","37.00","37.00","37.00","0.00","40.70","","0","0.00"
"24/07/2026","**ALW**","0.10","0.10","0.10","0.10","0.10","0.10","0.00","","","0","0.00"
"24/07/2026","ASG","8.89","8.89","8.89","8.89","8.89","8.89","0.00","8.89","","0","0.00"
"24/07/2026","ALLGH","8.46","6.12","7.00","7.00","7.00","7.00","0.00","","6.89","6,875","48,052.12"
"24/07/2026","BOPP","100.00","55.82","79.99","79.99","79.99","79.99","0.00","","79.50","271","21,587.13"
"24/07/2026","CAL","0.94","0.61","0.79","0.79","0.80","0.80","0.01","0.79","0.80","465,914","372,731.20"
"24/07/2026","CLYD","4.50","0.46","4.39","4.39","4.50","4.50","0.11","4.50","","2,638","11,904.80"
"24/07/2026","CMLT","0.14","0.14","0.14","0.14","0.14","0.14","0.00","0.15","","0","0.00"
"24/07/2026","CPC","0.16","0.05","0.15","0.15","0.16","0.16","0.01","0.16","","15,313","2,450.08"
"24/07/2026","DASPHARMA","0.44","0.38","0.44","0.44","0.44","0.44","0.00","0.48","","0","0.00"
"24/07/2026","EGH","57.00","25.00","38.05","38.05","38.32","38.32","0.27","38.05","38.06","6,029","230,761.74"
"24/07/2026","EGL","12.16","3.48","10.04","10.04","10.04","10.04","0.00","10.03","10.04","0","0.00"
"24/07/2026","ETI","2.82","0.76","1.95","1.95","1.97","1.97","0.02","1.96","2.00","115,786","229,108.35"
"24/07/2026","FML","16.35","8.00","13.30","13.30","13.30","13.30","0.00","13.30","","16,143","214,701.90"
"24/07/2026","FAB","8.40","7.71","8.40","8.40","8.40","8.40","0.00","8.00","9.24","0","0.00"
"24/07/2026","GCB","52.00","20.11","43.20","43.20","43.20","43.20","0.00","43.20","47.00","1,802","77,846.40"
"24/07/2026","GGBL","16.50","6.60","11.95","11.95","11.95","11.95","0.00","","11.95","2,610","31,189.50"
"24/07/2026","GOIL","8.01","2.96","7.96","7.96","7.96","7.96","0.00","7.96","","10,492","83,516.32"
"24/07/2026","KASA","2.30","1.20","2.03","2.03","2.01","2.01","-0.02","2.00","2.02","1,049,566","2,110,295.26"
"24/07/2026","MAC","5.20","5.20","5.20","5.20","5.20","5.20","0.00","5.20","","0","0.00"
"24/07/2026","MTNGH","7.00","4.20","6.98","6.98","7.00","7.00","0.02","7.00","7.20","903,387","6,323,717.10"
"24/07/2026","PBC**","0.02","0.02","0.02","0.02","0.02","0.02","0.00","","","0","0.00"
"24/07/2026","RBGH","5.58","1.30","4.20","4.20","4.32","4.32","0.12","4.34","4.40","40,566","175,348.04"
"24/07/2026","SCB","79.41","29.22","70.00","70.00","70.00","70.00","0.00","","70.00","115","8,050.00"
"24/07/2026","SIC","6.09","1.20","6.00","6.00","6.00","6.00","0.00","","6.00","28,587","171,522.00"
"24/07/2026","SOGEGH","11.51","4.49","6.80","6.80","7.00","7.00","0.20","6.80","7.00","28,089","196,623.00"
"24/07/2026","TBL","1.20","1.20","1.20","1.20","1.20","1.20","0.00","1.32","","0","0.00"
"24/07/2026","TOTAL","42.00","32.91","38.83","38.83","40.00","40.00","1.17","40.00","42.00","4,551","181,963.20"
"24/07/2026","TLW","13.11","11.92","13.11","13.11","13.11","13.11","0.00","13.11","14.00","12","157.32"
"24/07/2026","UNIL","30.00","19.79","29.50","29.50","29.50","29.50","0.00","29.50","","324","9,558.00"
"24/07/2026","ZEN","12.61","5.00","10.00","10.00","10.00","10.00","0.00","10.00","","334","3,340.00"
"24/07/2026","AADS","0.42","0.42","0.42","0.42","0.42","0.42","0.00","0.46","","0","0.00"
"24/07/2026","SCBPREF","0.99","0.90","0.99","0.99","0.99","0.99","0.00","0.90","","0","0.00"
"24/07/2026","GLD","533.93","466.72","462.39","462.39","462.39","462.39","0.00","","462.39","39","18,033.21"
"24/07/2026","SAMBA","0.55","0.55","0.55","0.55","0.55","0.55","0.00","0.55","","0","0.00"
"24/07/2026","MMH","0.11","0.10","0.11","0.11","0.11","0.11","0.00","0.11","","0","0.00"
"24/07/2026","HORDS","0.26","0.09","0.24","0.24","0.26","0.26","0.02","0.26","","10,000","2,600.00"
"24/07/2026","IIL","0.66","0.05","0.60","0.60","0.66","0.66","0.06","0.66","","500,500","330,330.00"
"24/07/2026","DIGICUT","0.09","0.09","0.09","0.09","0.09","0.09","0.00","0.09","","0","0.00"
"23/07/2026","ACCESS","46.64","16.20","31.90","31.90","31.90","31.90","0.00","","31.90","643","20,511.70"
"23/07/2026","ADB","5.30","5.06","5.30","5.30","5.30","5.30","0.00","5.30","","2","10.60"
"23/07/2026","AGA","37.00","37.00","37.00","37.00","37.00","37.00","0.00","40.70","","0","0.00"
"23/07/2026","**ALW**","0.10","0.10","0.10","0.10","0.10","0.10","0.00","","","0","0.00"
"23/07/2026","ASG","8.89","8.89","8.89","8.89","8.89","8.89","0.00","8.89","","0","0.00"
"23/07/2026","ALLGH","8.46","6.12","7.62","7.62","7.00","7.00","-0.62","","7.00","1,737","12,212.01"
"23/07/2026","BOPP","100.00","55.82","79.99","79.99","79.99","79.99","0.00","79.99","","0","0.00"
"23/07/2026","CAL","0.94","0.61","0.79","0.79","0.79","0.79","0.00","0.78","0.79","612,526","484,523.71"
"23/07/2026","CLYD","4.39","0.46","4.39","4.39","4.39","4.39","0.00","4.82","","1,000","4,390.00"
"23/07/2026","CMLT","0.14","0.14","0.14","0.14","0.14","0.14","0.00","0.15","","0","0.00"
"23/07/2026","CPC","0.15","0.05","0.15","0.15","0.15","0.15","0.00","0.16","","0","0.00"
"23/07/2026","DASPHARMA","0.44","0.38","0.44","0.44","0.44","0.44","0.00","0.48","","0","0.00"
"23/07/2026","EGH","57.00","25.00","38.00","38.00","38.05","38.05","0.05","","","31,108","1,184,150.00"
"23/07/2026","EGL","12.16","3.48","10.04","10.04","10.04","10.04","0.00","","10.04","0","0.00"
"23/07/2026","ETI","2.82","0.76","2.00","2.00","1.95","1.95","-0.05","1.81","2.00","111,805","217,811.39"
"23/07/2026","FML","16.35","8.00","13.30","13.30","13.30","13.30","0.00","12.00","13.30","1,953","25,974.90"
"23/07/2026","FAB","8.40","7.71","8.40","8.40","8.40","8.40","0.00","8.00","9.24","0","0.00"
"23/07/2026","GCB","52.00","20.11","42.77","42.77","43.20","43.20","0.43","","42.77","14,463","627,155.00"
"23/07/2026","GGBL","16.50","6.60","11.95","11.95","11.95","11.95","0.00","","11.95","1,409","16,837.55"
"23/07/2026","GOIL","8.01","2.96","7.96","7.96","7.96","7.96","0.00","7.96","","10,188","81,096.48"
"23/07/2026","KASA","2.30","1.20","2.06","2.06","2.03","2.03","-0.03","2.06","2.26","244,342","496,601.82"
"23/07/2026","MAC","5.20","5.20","5.20","5.20","5.20","5.20","0.00","5.20","","0","0.00"
"23/07/2026","MTNGH","6.98","4.20","6.80","6.80","6.98","6.98","0.18","7.00","7.13","824,406","5,759,794.30"
"23/07/2026","PBC**","0.02","0.02","0.02","0.02","0.02","0.02","0.00","","","0","0.00"
"23/07/2026","RBGH","5.58","1.30","4.08","4.08","4.20","4.20","0.12","4.20","","3,746","15,714.48"
"23/07/2026","SCB","79.41","29.22","70.00","70.00","70.00","70.00","0.00","","70.00","678","47,460.00"
"23/07/2026","SIC","6.09","1.20","6.00","6.00","6.00","6.00","0.00","","6.00","19,160","114,960.00"
"23/07/2026","SOGEGH","11.51","4.49","6.80","6.80","6.80","6.80","0.00","","6.80","11,470","77,996.00"
"23/07/2026","TBL","1.20","1.20","1.20","1.20","1.20","1.20","0.00","1.32","","0","0.00"
"23/07/2026","TOTAL","42.00","32.91","40.00","40.00","38.83","38.83","-1.17","39.99","40.00","6,635","259,438.60"
"23/07/2026","TLW","13.11","11.92","11.92","11.92","13.11","13.11","1.19","13.11","","1,000","13,110.00"
"23/07/2026","UNIL","30.00","19.79","29.50","29.50","29.50","29.50","0.00","","29.50","17","501.50"
"23/07/2026","ZEN","12.61","5.00","10.00","10.00","10.00","10.00","0.00","10.00","","325","3,250.00"
"23/07/2026","AADS","0.42","0.42","0.42","0.42","0.42","0.42","0.00","0.46","","0","0.00"
"23/07/2026","SCBPREF","0.99","0.90","0.99","0.99","0.99","0.99","0.00","0.90","","0","0.00"
"23/07/2026","GLD","533.93","466.72","462.39","462.39","462.39","462.39","0.00","462.39","","14","6,473.46"
"23/07/2026","SAMBA","0.55","0.55","0.55","0.55","0.55","0.55","0.00","0.55","","0","0.00"
"23/07/2026","MMH","0.11","0.10","0.11","0.11","0.11","0.11","0.00","0.11","","0","0.00"
"23/07/2026","HORDS","0.24","0.09","0.22","0.22","0.24","0.24","0.02","0.24","","2,002","480.48"
"23/07/2026","IIL","0.60","0.05","0.55","0.55","0.60","0.60","0.05","0.60","","20,000","12,000.00"
"23/07/2026","DIGICUT","0.09","0.09","0.09","0.09","0.09","0.09","0.00","0.09","","0","0.00"
"22/07/2026","ACCESS","46.64","16.20","31.90","31.90","31.90","31.90","0.00","","31.89","0","0.00"
"22/07/2026","ADB","5.30","5.06","5.30","5.30","5.30","5.30","0.00","5.30","","14","74.20"
"22/07/2026","AGA","37.00","37.00","37.00","37.00","37.00","37.00","0.00","40.70","","0","0.00"
"22/07/2026","**ALW**","0.10","0.10","0.10","0.10","0.10","0.10","0.00","","","0","0.00"
"22/07/2026","ASG","8.89","8.89","8.89","8.89","8.89","8.89","0.00","8.89","","0","0.00"
"22/07/2026","ALLGH","8.46","6.12","7.62","7.62","7.62","7.62","0.00","","7.62","8,736","66,568.32"
"22/07/2026","BOPP","100.00","55.82","80.00","80.00","79.99","79.99","-0.01","","79.50","700","55,993.00"
"22/07/2026","CAL","0.94","0.61","0.79","0.79","0.79","0.79","0.00","0.78","0.79","241,476","190,512.51"
"22/07/2026","CLYD","4.39","0.46","4.25","4.25","4.39","4.39","0.14","4.39","","105,941","464,765.96"
"22/07/2026","CMLT","0.14","0.14","0.14","0.14","0.14","0.14","0.00","0.15","","0","0.00"
"22/07/2026","CPC","0.15","0.05","0.15","0.15","0.15","0.15","0.00","0.16","","0","0.00"
"22/07/2026","DASPHARMA","0.44","0.38","0.44","0.44","0.44","0.44","0.00","0.48","","1,879","883.13"
"22/07/2026","EGH","57.00","25.00","38.00","38.00","38.00","38.00","0.00","38.00","","1,218","46,284.00"
"22/07/2026","EGL","12.16","3.48","10.04","10.04","10.04","10.04","0.00","","10.04","3,012","30,240.48"
"22/07/2026","ETI","2.82","0.76","2.00","2.00","2.00","2.00","0.00","1.96","2.00","119,959","239,918.00"
"22/07/2026","FML","16.35","8.00","13.30","13.30","13.30","13.30","0.00","13.30","","3,502","46,576.60"
"22/07/2026","FAB","8.40","7.71","8.40","8.40","8.40","8.40","0.00","8.40","9.24","105","970.20"
"22/07/2026","GCB","52.00","20.11","42.77","42.77","42.77","42.77","0.00","41.00","42.77","9,844","421,027.88"
"22/07/2026","GGBL","16.50","6.60","11.95","11.95","11.95","11.95","0.00","","11.95","40,684","486,173.80"
"22/07/2026","GOIL","8.01","2.96","7.96","7.96","7.96","7.96","0.00","7.96","","5,335","42,466.60"
"22/07/2026","KASA","2.30","1.20","2.13","2.13","2.06","2.06","-0.07","2.13","2.15","693,864","1,433,076.19"
"22/07/2026","MAC","5.20","5.20","5.20","5.20","5.20","5.20","0.00","5.20","","0","0.00"
"22/07/2026","MTNGH","6.80","4.20","6.69","6.69","6.80","6.80","0.11","6.80","6.90","291,825","1,983,924.88"
"22/07/2026","PBC**","0.02","0.02","0.02","0.02","0.02","0.02","0.00","","","0","0.00"
"22/07/2026","RBGH","5.58","1.30","4.08","4.08","4.08","4.08","0.00","4.08","4.11","2,735","11,158.95"
"22/07/2026","SCB","79.41","29.22","70.00","70.00","70.00","70.00","0.00","","70.00","699","48,930.00"
"22/07/2026","SIC","6.09","1.20","6.00","6.00","6.00","6.00","0.00","","6.00","24,228","145,368.00"
"22/07/2026","SOGEGH","11.51","4.49","6.80","6.80","6.80","6.80","0.00","","6.80","2,144","14,579.20"
"22/07/2026","TBL","1.20","1.20","1.20","1.20","1.20","1.20","0.00","1.32","","0","0.00"
"22/07/2026","TOTAL","42.00","32.91","40.00","40.00","40.00","40.00","0.00","","40.00","371","14,840.00"
"22/07/2026","TLW","11.92","11.92","11.92","11.92","11.92","11.92","0.00","11.92","","94","1,120.48"
"22/07/2026","UNIL","30.00","19.79","29.50","29.50","29.50","29.50","0.00","29.50","","65","1,917.50"
"22/07/2026","ZEN","12.61","5.00","11.00","11.00","10.00","10.00","-1.00","11.00","","854","8,632.00"
"22/07/2026","AADS","0.42","0.42","0.42","0.42","0.42","0.42","0.00","0.46","","0","0.00"
"22/07/2026","SCBPREF","0.99","0.90","0.99","0.99","0.99","0.99","0.00","0.90","","0","0.00"
"22/07/2026","GLD","533.93","466.72","462.39","462.39","462.39","462.39","0.00","462.39","","40","18,495.60"
"22/07/2026","SAMBA","0.55","0.55","0.55","0.55","0.55","0.55","0.00","0.55","","0","0.00"
"22/07/2026","MMH","0.11","0.10","0.11","0.11","0.11","0.11","0.00","0.11","","40,000","4,400.00"
"22/07/2026","HORDS","0.22","0.09","0.19","0.19","0.22","0.22","0.03","0.22","","3,016","663.52"
"22/07/2026","IIL","0.55","0.05","0.50","0.50","0.55","0.55","0.05","0.55","","41,800","22,990.00"
"22/07/2026","DIGICUT","0.09","0.09","0.09","0.09","0.09","0.09","0.00","0.09","","45,418","4,087.62"
"21/07/2026","ACCESS","46.64","16.20","31.90","31.90","31.90","31.90","0.00","","31.89","2","63.80"
"21/07/2026","ADB","5.30","5.06","5.30","5.30","5.30","5.30","0.00","5.30","","5","26.50"
"21/07/2026","AGA","37.00","37.00","37.00","37.00","37.00","37.00","0.00","40.70","","0","0.00"
"21/07/2026","**ALW**","0.10","0.10","0.10","0.10","0.10","0.10","0.00","","","0","0.00"
"21/07/2026","ASG","8.89","8.89","8.89","8.89","8.89","8.89","0.00","8.89","","13","115.57"
"21/07/2026","ALLGH","8.46","6.12","8.46","8.46","7.62","7.62","-0.84","","7.62","5,392","41,087.04"
"21/07/2026","BOPP","100.00","55.82","80.00","80.00","80.00","80.00","0.00","","79.99","0","0.00"
"21/07/2026","CAL","0.94","0.61","0.80","0.80","0.79","0.79","-0.01","0.78","0.79","115,273","91,721.97"
"21/07/2026","CLYD","4.25","0.46","4.00","4.00","4.25","4.25","0.25","4.39","","37,699","157,444.40"
"21/07/2026","CMLT","0.14","0.14","0.14","0.14","0.14","0.14","0.00","0.15","","0","0.00"
"21/07/2026","CPC","0.15","0.05","0.15","0.15","0.15","0.15","0.00","0.16","","0","0.00"
"21/07/2026","DASPHARMA","0.44","0.38","0.41","0.41","0.44","0.44","0.03","0.44","","2,000","880.00"
"21/07/2026","EGH","57.00","25.00","37.00","37.00","38.00","38.00","1.00","38.00","","1,430","53,910.00"
"21/07/2026","EGL","12.16","3.48","10.04","10.04","10.04","10.04","0.00","","10.03","642","6,439.26"
"21/07/2026","ETI","2.82","0.76","2.06","2.06","2.00","2.00","-0.06","1.97","2.00","217,226","434,882.44"
"21/07/2026","FML","16.35","8.00","13.30","13.30","13.30","13.30","0.00","13.30","","406","5,399.80"
"21/07/2026","FAB","8.40","7.71","8.40","8.40","8.40","8.40","0.00","8.40","","3","27.72"
"21/07/2026","GCB","52.00","20.11","42.77","42.77","42.77","42.77","0.00","40.00","42.70","479","20,472.69"
"21/07/2026","GGBL","16.50","6.60","11.95","11.95","11.95","11.95","0.00","","11.95","1,526","18,235.70"
"21/07/2026","GOIL","8.01","2.96","7.97","7.97","7.96","7.96","-0.01","","7.96","20,943","166,723.47"
"21/07/2026","KASA","2.30","1.20","2.00","2.00","2.13","2.13","0.13","1.93","2.00","848,512","1,828,181.85"
"21/07/2026","MAC","5.20","5.20","5.20","5.20","5.20","5.20","0.00","5.20","","50","260.00"
"21/07/2026","MTNGH","6.80","4.20","6.57","6.57","6.69","6.69","0.12","6.71","6.80","2,334,986","15,631,235.91"
"21/07/2026","PBC**","0.02","0.02","0.02","0.02","0.02","0.02","0.00","","","0","0.00"
"21/07/2026","RBGH","5.58","1.30","4.05","4.05","4.08","4.08","0.03","4.09","4.11","27,431","111,918.79"
"21/07/2026","SCB","79.41","29.22","70.02","70.02","70.00","70.00","-0.02","","70.00","4,713","329,918.62"
"21/07/2026","SIC","6.09","1.20","6.00","6.00","6.00","6.00","0.00","","6.00","2,935","17,610.00"
"21/07/2026","SOGEGH","11.51","4.49","6.80","6.80","6.80","6.80","0.00","","6.80","3,427","23,303.60"
"21/07/2026","TBL","1.20","1.20","1.20","1.20","1.20","1.20","0.00","1.32","","0","0.00"
"21/07/2026","TOTAL","42.00","32.91","40.00","40.00","40.00","40.00","0.00","40.00","41.00","6,143","245,720.00"
"21/07/2026","TLW","11.92","11.92","11.92","11.92","11.92","11.92","0.00","11.92","","5","59.60"
"21/07/2026","UNIL","30.00","19.79","29.50","29.50","29.50","29.50","0.00","29.50","","625","18,437.50"
"21/07/2026","ZEN","12.61","5.00","11.00","11.00","11.00","11.00","0.00","10.00","","4,474","49,214.00"
"21/07/2026","AADS","0.42","0.42","0.42","0.42","0.42","0.42","0.00","0.46","","0","0.00"
"21/07/2026","SCBPREF","0.99","0.90","0.99","0.99","0.99","0.99","0.00","0.90","","0","0.00"
"21/07/2026","GLD","533.93","466.72","462.39","462.39","462.39","462.39","0.00","462.39","","0","0.00"
"21/07/2026","SAMBA","0.55","0.55","0.55","0.55","0.55","0.55","0.00","0.55","","0","0.00"
"21/07/2026","MMH","0.11","0.10","0.11","0.11","0.11","0.11","0.00","0.11","","17","1.87"
"21/07/2026","HORDS","0.19","0.09","0.19","0.19","0.19","0.19","0.00","0.20","","11,572","2,314.40"
"21/07/2026","IIL","0.50","0.05","0.46","0.46","0.50","0.50","0.04","0.50","","185,345","92,672.50"
"21/07/2026","DIGICUT","0.09","0.09","0.09","0.09","0.09","0.09","0.00","0.09","","0","0.00"
"20/07/2026","ACCESS","46.64","16.20","31.90","31.90","31.90","31.90","0.00","","31.89","2,151","68,616.90"
"20/07/2026","ADB","5.30","5.06","5.30","5.30","5.30","5.30","0.00","5.30","","0","0.00"
"20/07/2026","AGA","37.00","37.00","37.00","37.00","37.00","37.00","0.00","40.70","","0","0.00"
"20/07/2026","**ALW**","0.10","0.10","0.10","0.10","0.10","0.10","0.00","","","0","0.00"
"20/07/2026","ASG","8.89","8.89","8.89","8.89","8.89","8.89","0.00","8.89","","0","0.00"
"20/07/2026","ALLGH","8.46","6.12","8.46","8.46","8.46","8.46","0.00","","7.62","51","388.62"
"20/07/2026","BOPP","100.00","55.82","80.00","80.00","80.00","80.00","0.00","","79.99","1","80.00"
"20/07/2026","CAL","0.94","0.61","0.80","0.80","0.80","0.80","0.00","","0.80","259,556","207,644.80"
"20/07/2026","CLYD","4.00","0.46","4.00","4.00","4.00","4.00","0.00","","","3,939","15,756.00"
"20/07/2026","CMLT","0.14","0.14","0.14","0.14","0.14","0.14","0.00","0.15","","0","0.00"
"20/07/2026","CPC","0.15","0.05","0.15","0.15","0.15","0.15","0.00","0.16","","0","0.00"
"20/07/2026","DASPHARMA","0.41","0.38","0.41","0.41","0.41","0.41","0.00","0.44","","0","0.00"
"20/07/2026","EGH","57.00","25.00","37.00","37.00","37.00","37.00","0.00","","","6,754","249,898.00"
"20/07/2026","EGL","12.16","3.48","10.05","10.05","10.04","10.04","-0.01","","10.05","8,000","80,320.00"
"20/07/2026","ETI","2.82","0.76","2.07","2.07","2.06","2.06","-0.01","","2.06","1,000","2,060.00"
"20/07/2026","FML","16.35","8.00","13.30","13.30","13.30","13.30","0.00","","13.30","524","6,969.20"
"20/07/2026","FAB","8.40","7.71","8.40","8.40","8.40","8.40","0.00","8.40","","250","2,100.00"
"20/07/2026","GCB","52.00","20.11","42.78","42.78","42.77","42.77","-0.01","","42.77","14,757","631,168.20"
"20/07/2026","GGBL","16.50","6.60","11.95","11.95","11.95","11.95","0.00","","11.95","3","35.85"
"20/07/2026","GOIL","8.01","2.96","7.98","7.98","7.97","7.97","-0.01","7.97","7.98","1,319","10,515.62"
"20/07/2026","KASA","2.30","1.20","2.00","2.00","2.00","2.00","0.00","1.93","2.00","435,857","871,714.00"
"20/07/2026","MAC","5.20","5.20","5.20","5.20","5.20","5.20","0.00","","","997","5,184.40"
"20/07/2026","MTNGH","6.80","4.20","6.57","6.57","6.57","6.57","0.00","6.60","6.70","46,258","303,919.35"
"20/07/2026","PBC**","0.02","0.02","0.02","0.02","0.02","0.02","0.00","","","0","0.00"
"20/07/2026","RBGH","5.58","1.30","4.05","4.05","4.05","4.05","0.00","4.05","4.08","20,892","84,612.60"
"20/07/2026","SCB","79.41","29.22","70.02","70.02","70.02","70.02","0.00","","70.02","0","0.00"
"20/07/2026","SIC","6.09","1.20","6.00","6.00","6.00","6.00","0.00","","6.00","7,810","46,860.00"
"20/07/2026","SOGEGH","11.51","4.49","6.80","6.80","6.80","6.80","0.00","","6.80","25","170.00"
"20/07/2026","TBL","1.20","1.20","1.20","1.20","1.20","1.20","0.00","1.32","","0","0.00"
"20/07/2026","TOTAL","42.00","32.91","40.00","40.00","40.00","40.00","0.00","40.00","41.00","0","0.00"
"20/07/2026","TLW","11.92","11.92","11.92","11.92","11.92","11.92","0.00","","","0","0.00"
"20/07/2026","UNIL","30.00","19.79","29.50","29.50","29.50","29.50","0.00","","29.50","0","0.00"
"20/07/2026","ZEN","12.61","5.00","11.00","11.00","11.00","11.00","0.00","11.00","","0","0.00"
"20/07/2026","AADS","0.42","0.42","0.42","0.42","0.42","0.42","0.00","0.46","","0","0.00"
"20/07/2026","SCBPREF","0.99","0.90","0.99","0.99","0.99","0.99","0.00","0.90","","0","0.00"
"20/07/2026","GLD","533.93","466.72","462.39","462.39","462.39","462.39","0.00","","","0","0.00"
"20/07/2026","SAMBA","0.55","0.55","0.55","0.55","0.55","0.55","0.00","","","0","0.00"
"20/07/2026","MMH","0.11","0.10","0.11","0.11","0.11","0.11","0.00","","","0","0.00"
"20/07/2026","HORDS","0.19","0.09","0.18","0.18","0.19","0.19","0.01","0.19","","20,000","3,800.00"
"20/07/2026","IIL","0.46","0.05","0.42","0.42","0.46","0.46","0.04","0.46","","29,500","13,570.00"
"20/07/2026","DIGICUT","0.09","0.09","0.09","0.09","0.09","0.09","0.00","0.09","","0","0.00"
"17/07/2026","ACCESS","46.64","16.20","31.90","31.90","31.90","31.90","0.00","","31.89","0","0.00"
"17/07/2026","ADB","5.30","5.06","5.30","5.30","5.30","5.30","0.00","5.30","","2","10.60"
"17/07/2026","AGA","37.00","37.00","37.00","37.00","37.00","37.00","0.00","40.70","","0","0.00"
"17/07/2026","**ALW**","0.10","0.10","0.10","0.10","0.10","0.10","0.00","","","0","0.00"
"17/07/2026","ASG","8.89","8.89","8.89","8.89","8.89","8.89","0.00","8.89","","1","8.89"
"17/07/2026","ALLGH","8.46","6.12","8.46","8.46","8.45","8.46","0.00","","7.62","23","194.35"
"17/07/2026","BOPP","100.00","55.82","80.00","80.00","80.00","80.00","0.00","","80.00","2,534","202,720.00"
"17/07/2026","CAL","0.94","0.61","0.80","0.80","0.80","0.80","0.00","0.79","0.80","232,982","185,819.46"
"17/07/2026","CLYD","4.00","0.46","3.70","3.70","4.00","4.00","0.30","4.05","","1,998","7,992.00"
"17/07/2026","CMLT","0.14","0.14","0.14","0.14","0.14","0.14","0.00","0.15","","0","0.00"
"17/07/2026","CPC","0.15","0.05","0.15","0.15","0.15","0.15","0.00","0.16","","0","0.00"
"17/07/2026","DASPHARMA","0.41","0.38","0.41","0.41","0.41","0.41","0.00","0.44","","0","0.00"
"17/07/2026","EGH","57.00","25.00","37.00","37.00","37.00","37.00","0.00","37.00","38.50","10,077","372,948.00"
"17/07/2026","EGL","12.16","3.48","10.05","10.05","10.05","10.05","0.00","","10.05","13,004","130,690.20"
"17/07/2026","ETI","2.82","0.76","1.96","1.96","2.05","2.07","0.11","1.96","2.05","42,655","88,226.49"
"17/07/2026","FML","16.35","8.00","13.30","13.30","13.30","13.30","0.00","12.00","13.30","11,847","157,565.10"
"17/07/2026","FAB","8.40","7.71","8.40","8.40","8.40","8.40","0.00","8.40","","0","0.00"
"17/07/2026","GCB","52.00","20.11","42.77","42.77","42.77","42.78","0.01","","42.77","19,672","841,469.73"
"17/07/2026","GGBL","16.50","6.60","11.98","11.98","11.95","11.95","-0.03","","11.95","735","8,784.21"
"17/07/2026","GOIL","8.01","2.96","7.98","7.98","7.98","7.98","0.00","","7.98","109,030","870,059.40"
"17/07/2026","KASA","2.30","1.20","2.00","2.00","2.00","2.00","0.00","1.93","2.00","671,057","1,343,523.48"
"17/07/2026","MAC","5.20","5.20","5.20","5.20","5.20","5.20","0.00","5.20","","0","0.00"
"17/07/2026","MTNGH","6.80","4.20","6.59","6.59","6.57","6.57","-0.02","6.57","6.70","1,466,436","9,635,726.94"
"17/07/2026","PBC**","0.02","0.02","0.02","0.02","0.02","0.02","0.00","","","0","0.00"
"17/07/2026","RBGH","5.58","1.30","4.05","4.05","4.05","4.05","0.00","4.05","4.08","5,178","20,970.90"
"17/07/2026","SCB","79.41","29.22","70.10","70.10","70.10","70.02","-0.08","","70.10","11,731","821,437.00"
"17/07/2026","SIC","6.09","1.20","6.00","6.00","6.00","6.00","0.00","","6.00","7,247","43,482.00"
"17/07/2026","SOGEGH","11.51","4.49","6.80","6.80","6.80","6.80","0.00","6.60","6.80","1,505","10,234.00"
"17/07/2026","TBL","1.20","1.20","1.20","1.20","1.20","1.20","0.00","1.32","","0","0.00"
"17/07/2026","TOTAL","42.00","32.91","40.00","40.00","40.00","40.00","0.00","36.00","40.00","689","27,560.00"
"17/07/2026","TLW","11.92","11.92","11.92","11.92","11.92","11.92","0.00","11.92","","8","95.36"
"17/07/2026","UNIL","30.00","19.79","29.50","29.50","29.50","29.50","0.00","","29.50","2,141","63,159.50"
"17/07/2026","ZEN","12.61","5.00","11.00","11.00","11.00","11.00","0.00","11.00","","10,415","114,565.00"
"17/07/2026","AADS","0.42","0.42","0.42","0.42","0.42","0.42","0.00","0.46","","0","0.00"
"17/07/2026","SCBPREF","0.99","0.90","0.99","0.99","0.99","0.99","0.00","","","0","0.00"
"17/07/2026","GLD","533.93","466.72","462.39","462.39","462.39","462.39","0.00","462.39","","1,192","551,168.88"
"17/07/2026","SAMBA","0.55","0.55","0.55","0.55","0.55","0.55","0.00","0.55","","0","0.00"
"17/07/2026","MMH","0.11","0.10","0.11","0.11","0.11","0.11","0.00","0.11","","9","0.99"
"17/07/2026","HORDS","0.18","0.09","0.17","0.17","0.18","0.18","0.01","0.18","","2,065","371.70"
"17/07/2026","IIL","0.42","0.05","0.39","0.39","0.42","0.42","0.03","0.42","","158,133","66,415.86"
"17/07/2026","DIGICUT","0.09","0.09","0.09","0.09","0.09","0.09","0.00","0.09","","0","0.00"
"16/07/2026","ACCESS","46.64","16.20","31.90","31.90","31.90","31.90","0.00","","31.89","6","191.34"
"16/07/2026","ADB","5.30","5.06","5.30","5.30","5.30","5.30","0.00","5.30","","0","0.00"
"16/07/2026","AGA","37.00","37.00","37.00","37.00","37.00","37.00","0.00","40.70","","0","0.00"
"16/07/2026","**ALW**","0.10","0.10","0.10","0.10","0.10","0.10","0.00","","","0","0.00"
"16/07/2026","ASG","8.89","8.89","8.89","8.89","8.89","8.89","0.00","8.89","","1","8.89"
"16/07/2026","ALLGH","8.46","6.12","8.46","8.46","8.46","8.46","0.00","","8.45","300","2,535.00"
"16/07/2026","BOPP","100.00","55.82","79.99","79.99","80.00","80.00","0.01","","80.00","11,884","950,705.06"
"16/07/2026","CAL","0.94","0.61","0.80","0.80","0.80","0.80","0.00","0.79","0.80","296,164","236,931.20"
"16/07/2026","CLYD","3.70","0.46","3.70","3.70","3.70","3.70","0.00","3.73","","426","1,576.32"
"16/07/2026","CMLT","0.14","0.14","0.14","0.14","0.14","0.14","0.00","0.15","","0","0.00"
"16/07/2026","CPC","0.15","0.05","0.15","0.15","0.15","0.15","0.00","0.16","","0","0.00"
"16/07/2026","DASPHARMA","0.41","0.38","0.41","0.41","0.41","0.41","0.00","0.44","","0","0.00"
"16/07/2026","EGH","57.00","25.00","36.79","36.79","37.00","37.00","0.21","37.00","38.00","13,000","479,139.95"
"16/07/2026","EGL","12.16","3.48","10.05","10.05","10.05","10.05","0.00","","10.05","12,077","121,373.85"
"16/07/2026","ETI","2.82","0.76","2.06","2.06","1.96","1.96","-0.10","1.95","2.00","69,222","135,356.62"
"16/07/2026","FML","16.35","8.00","13.30","13.30","13.30","13.30","0.00","13.30","","1,234","16,412.20"
"16/07/2026","FAB","8.40","7.71","8.40","8.40","8.40","8.40","0.00","8.40","","0","0.00"
"16/07/2026","GCB","52.00","20.11","42.77","42.77","42.77","42.77","0.00","","41.00","18,526","790,938.57"
"16/07/2026","GGBL","16.50","6.60","11.98","11.98","11.98","11.98","0.00","","11.98","59,123","708,293.54"
"16/07/2026","GOIL","8.01","2.96","7.98","7.98","7.98","7.98","0.00","7.98","","23,829","190,155.42"
"16/07/2026","KASA","2.30","1.20","2.02","2.02","2.00","2.00","-0.02","1.91","2.00","1,105,197","2,210,264.19"
"16/07/2026","MAC","5.20","5.20","5.20","5.20","5.20","5.20","0.00","5.20","","0","0.00"
"16/07/2026","MTNGH","6.80","4.20","6.47","6.47","6.59","6.59","0.12","6.59","6.60","191,493","1,261,658.50"
"16/07/2026","PBC**","0.02","0.02","0.02","0.02","0.02","0.02","0.00","","","0","0.00"
"16/07/2026","RBGH","5.58","1.30","4.00","4.00","4.05","4.05","0.05","4.05","4.08","20,160","81,628.15"
"16/07/2026","SCB","79.41","29.22","70.90","70.90","70.10","70.10","-0.80","70.00","70.80","17,843","1,250,590.00"
"16/07/2026","SIC","6.09","1.20","6.00","6.00","6.00","6.00","0.00","","6.00","149,911","899,466.00"
"16/07/2026","SOGEGH","11.51","4.49","6.80","6.80","6.80","6.80","0.00","","6.80","1,995","13,566.00"
"16/07/2026","TBL","1.20","1.20","1.20","1.20","1.20","1.20","0.00","1.32","","0","0.00"
"16/07/2026","TOTAL","42.00","32.91","42.00","42.00","40.00","40.00","-2.00","40.00","42.00","5,625","225,000.00"
"16/07/2026","TLW","11.92","11.92","11.92","11.92","11.92","11.92","0.00","11.92","","1,001","11,931.92"
"16/07/2026","UNIL","30.00","19.79","29.50","29.50","29.50","29.50","0.00","29.50","","161","4,749.50"
"16/07/2026","ZEN","12.61","5.00","11.00","11.00","11.00","11.00","0.00","11.00","","355","3,905.00"
"16/07/2026","AADS","0.42","0.42","0.42","0.42","0.42","0.42","0.00","0.46","","0","0.00"
"16/07/2026","SCBPREF","0.99","0.90","0.99","0.99","0.99","0.99","0.00","","","0","0.00"
"16/07/2026","GLD","533.93","466.72","462.39","462.39","462.39","462.39","0.00","462.39","","480","221,947.20"
"16/07/2026","SAMBA","0.55","0.55","0.55","0.55","0.55","0.55","0.00","0.55","","0","0.00"
"16/07/2026","MMH","0.11","0.10","0.11","0.11","0.11","0.11","0.00","0.11","","0","0.00"
"16/07/2026","HORDS","0.17","0.09","0.16","0.16","0.17","0.17","0.01","0.17","","357,000","60,690.00"
"16/07/2026","IIL","0.39","0.05","0.36","0.36","0.39","0.39","0.03","0.39","","31,000","12,090.00"
"16/07/2026","DIGICUT","0.09","0.09","0.09","0.09","0.09","0.09","0.00","0.09","","0","0.00"
"15/07/2026","ACCESS","46.64","16.20","31.90","31.90","31.90","31.90","0.00","","31.90","452","14,418.80"
"15/07/2026","ADB","5.30","5.06","5.30","5.30","5.30","5.30","0.00","5.30","","4","21.20"
"15/07/2026","AGA","37.00","37.00","37.00","37.00","37.00","37.00","0.00","40.70","","0","0.00"
"15/07/2026","**ALW**","0.10","0.10","0.10","0.10","0.10","0.10","0.00","","","0","0.00"
"15/07/2026","ASG","8.89","8.89","8.89","8.89","8.89","8.89","0.00","8.89","","11","97.79"
"15/07/2026","ALLGH","8.46","6.12","8.46","8.46","8.46","8.46","0.00","","8.45","0","0.00"
"15/07/2026","BOPP","100.00","55.82","79.99","79.99","79.99","79.99","0.00","","79.99","742","59,352.58"
"15/07/2026","CAL","0.94","0.61","0.79","0.79","0.80","0.80","0.01","0.80","0.81","543,290","434,632.00"
"15/07/2026","CLYD","3.70","0.46","3.70","3.70","3.70","3.70","0.00","3.70","","4","14.80"
"15/07/2026","CMLT","0.14","0.14","0.14","0.14","0.14","0.14","0.00","0.15","","0","0.00"
"15/07/2026","CPC","0.15","0.05","0.15","0.15","0.15","0.15","0.00","0.16","","0","0.00"
"15/07/2026","DASPHARMA","0.41","0.38","0.41","0.41","0.41","0.41","0.00","0.44","","0","0.00"
"15/07/2026","EGH","57.00","25.00","34.94","34.94","36.79","36.79","1.85","37.00","","10,354","381,087.66"
"15/07/2026","EGL","12.16","3.48","10.05","10.05","10.05","10.05","0.00","","10.05","4,856","48,802.80"
"15/07/2026","ETI","2.82","0.76","2.16","2.16","2.06","2.06","-0.10","","2.00","52,978","109,791.40"
"15/07/2026","FML","16.35","8.00","13.30","13.30","13.30","13.30","0.00","13.30","","7,026","93,445.80"
"15/07/2026","FAB","8.40","7.71","8.40","8.40","8.40","8.40","0.00","8.40","","0","0.00"
"15/07/2026","GCB","52.00","20.11","42.77","42.77","42.77","42.77","0.00","42.77","46.50","4,975","212,780.75"
"15/07/2026","GGBL","16.50","6.60","11.98","11.98","11.98","11.98","0.00","","11.98","1,697","20,330.06"
"15/07/2026","GOIL","8.01","2.96","7.98","7.98","7.98","7.98","0.00","","7.98","29,133","232,481.34"
"15/07/2026","KASA","2.30","1.20","1.88","1.88","2.02","2.02","0.14","2.06","","461,854","935,071.25"
"15/07/2026","MAC","5.20","5.20","5.20","5.20","5.20","5.20","0.00","5.20","","3","15.60"
"15/07/2026","MTNGH","6.80","4.20","6.45","6.45","6.47","6.47","0.02","6.47","6.50","5,083,148","32,908,828.70"
"15/07/2026","PBC**","0.02","0.02","0.02","0.02","0.02","0.02","0.00","","","0","0.00"
"15/07/2026","RBGH","5.58","1.30","4.00","4.00","4.00","4.00","0.00","4.00","4.10","1,080","4,320.00"
"15/07/2026","SCB","79.41","29.22","70.90","70.90","70.90","70.90","0.00","","70.90","351","24,885.90"
"15/07/2026","SIC","6.09","1.20","6.00","6.00","6.00","6.00","0.00","","6.00","7,826","46,956.00"
"15/07/2026","SOGEGH","11.51","4.49","6.80","6.80","6.80","6.80","0.00","","6.80","2,332","15,857.60"
"15/07/2026","TBL","1.20","1.20","1.20","1.20","1.20","1.20","0.00","1.32","","0","0.00"
"15/07/2026","TOTAL","42.00","32.91","42.00","42.00","42.00","42.00","0.00","","40.00","0","0.00"
"15/07/2026","TLW","11.92","11.92","11.92","11.92","11.92","11.92","0.00","11.92","","10","119.20"
"15/07/2026","UNIL","30.00","19.79","29.50","29.50","29.50","29.50","0.00","29.50","","34","1,003.00"
"15/07/2026","ZEN","12.61","5.00","11.00","11.00","11.00","11.00","0.00","11.00","","66","726.00"
"15/07/2026","AADS","0.42","0.42","0.42","0.42","0.42","0.42","0.00","0.46","","0","0.00"
"15/07/2026","SCBPREF","0.99","0.90","0.99","0.99","0.99","0.99","0.00","0.99","","0","0.00"
"15/07/2026","GLD","533.93","466.72","462.00","462.00","462.39","462.39","0.39","462.00","","1,427","659,833.00"
"15/07/2026","SAMBA","0.55","0.55","0.55","0.55","0.55","0.55","0.00","0.55","","0","0.00"
"15/07/2026","MMH","0.11","0.10","0.11","0.11","0.11","0.11","0.00","0.11","","0","0.00"
"15/07/2026","HORDS","0.16","0.09","0.16","0.16","0.16","0.16","0.00","0.17","","0","0.00"
"15/07/2026","IIL","0.36","0.05","0.33","0.33","0.36","0.36","0.03","0.36","","71,000","25,560.00"
"15/07/2026","DIGICUT","0.09","0.09","0.09","0.09","0.09","0.09","0.00","0.09","","0","0.00"
"14/07/2026","ACCESS","46.64","16.20","31.90","31.90","31.90","31.90","0.00","","31.90","82","2,615.80"
"14/07/2026","ADB","5.30","5.06","5.30","5.30","5.30","5.30","0.00","5.30","","13","68.90"
"14/07/2026","AGA","37.00","37.00","37.00","37.00","37.00","37.00","0.00","40.70","","0","0.00"
"14/07/2026","**ALW**","0.10","0.10","0.10","0.10","0.10","0.10","0.00","","","0","0.00"
"14/07/2026","ASG","8.89","8.89","8.89","8.89","8.89","8.89","0.00","8.89","","0","0.00"
"14/07/2026","ALLGH","8.46","6.12","8.46","8.46","8.46","8.46","0.00","","8.45","0","0.00"
"14/07/2026","BOPP","100.00","55.82","79.99","79.99","79.99","79.99","0.00","","79.99","32","2,559.68"
"14/07/2026","CAL","0.94","0.61","0.79","0.79","0.78","0.79","0.00","0.77","0.78","668,088","531,076.89"
"14/07/2026","CLYD","3.70","0.46","3.70","3.70","3.70","3.70","0.00","3.70","","7","25.90"
"14/07/2026","CMLT","0.14","0.14","0.14","0.14","0.14","0.14","0.00","0.15","","0","0.00"
"14/07/2026","CPC","0.15","0.05","0.15","0.15","0.15","0.15","0.00","0.16","","0","0.00"
"14/07/2026","DASPHARMA","0.41","0.38","0.41","0.41","0.41","0.41","0.00","0.44","","0","0.00"
"14/07/2026","EGH","57.00","25.00","34.50","34.50","35.00","34.94","0.44","35.00","37.00","18,722","653,948.50"
"14/07/2026","EGL","12.16","3.48","10.05","10.05","10.05","10.05","0.00","","10.05","1,976","19,858.80"
"14/07/2026","ETI","2.82","0.76","2.18","2.18","2.15","2.16","-0.02","2.13","2.15","64,212","138,975.23"
"14/07/2026","FML","16.35","8.00","13.30","13.30","13.30","13.30","0.00","12.00","13.30","1,643","21,851.90"
"14/07/2026","FAB","8.40","7.71","8.40","8.40","8.40","8.40","0.00","8.40","","0","0.00"
"14/07/2026","GCB","52.00","20.11","42.50","42.50","43.00","42.77","0.27","43.00","46.50","4,909","210,291.50"
"14/07/2026","GGBL","16.50","6.60","11.98","11.98","11.95","11.98","0.00","","11.95","4","47.89"
"14/07/2026","GOIL","8.01","2.96","7.98","7.98","7.98","7.98","0.00","","7.98","13,466","107,458.68"
"14/07/2026","KASA","2.30","1.20","1.88","1.88","1.88","1.88","0.00","1.87","1.88","238,671","446,480.38"
"14/07/2026","MAC","5.20","5.20","5.20","5.20","5.20","5.20","0.00","5.20","","20","104.00"
"14/07/2026","MTNGH","6.80","4.20","6.43","6.43","6.49","6.45","0.02","6.46","6.47","2,528,422","16,315,920.00"
"14/07/2026","PBC**","0.02","0.02","0.02","0.02","0.02","0.02","0.00","","","0","0.00"
"14/07/2026","RBGH","5.58","1.30","4.00","4.00","4.00","4.00","0.00","4.00","4.10","10,000","40,000.00"
"14/07/2026","SCB","79.41","29.22","70.90","70.90","70.80","70.90","0.00","","70.80","22","1,557.60"
"14/07/2026","SIC","6.09","1.20","6.00","6.00","6.00","6.00","0.00","","6.00","59,602","357,612.00"
"14/07/2026","SOGEGH","11.51","4.49","6.80","6.80","6.80","6.80","0.00","","6.80","4,376","29,756.80"
"14/07/2026","TBL","1.20","1.20","1.20","1.20","1.20","1.20","0.00","1.32","","0","0.00"
"14/07/2026","TOTAL","42.00","32.91","40.26","40.26","42.00","42.00","1.74","40.26","42.00","2,210","91,890.84"
"14/07/2026","TLW","11.92","11.92","11.92","11.92","11.92","11.92","0.00","11.92","13.00","716","8,534.72"
"14/07/2026","UNIL","30.00","19.79","29.50","29.50","29.50","29.50","0.00","29.50","","0","0.00"
"14/07/2026","ZEN","12.61","5.00","11.00","11.00","11.00","11.00","0.00","11.00","","140","1,540.00"
"14/07/2026","AADS","0.42","0.42","0.42","0.42","0.42","0.42","0.00","0.46","","0","0.00"
"14/07/2026","SCBPREF","0.99","0.90","0.99","0.99","0.99","0.99","0.00","0.99","","0","0.00"
"14/07/2026","GLD","533.93","466.72","462.00","462.00","462.00","462.00","0.00","462.00","","10","4,620.00"
"14/07/2026","SAMBA","0.55","0.55","0.55","0.55","0.55","0.55","0.00","0.55","","0","0.00"
"14/07/2026","MMH","0.11","0.10","0.11","0.11","0.11","0.11","0.00","0.11","","0","0.00"
"14/07/2026","HORDS","0.16","0.09","0.15","0.15","0.16","0.16","0.01","0.16","","32,979","5,176.64"
"14/07/2026","IIL","0.33","0.05","0.30","0.30","0.33","0.33","0.03","0.33","","142,464","47,013.12"
"14/07/2026","DIGICUT","0.09","0.09","0.09","0.09","0.09","0.09","0.00","0.09","","0","0.00"
"13/07/2026","ACCESS","46.64","16.20","31.90","31.90","31.90","31.90","0.00","","31.90","12,080,473","277,852,258.50"
"13/07/2026","ADB","5.30","5.06","5.30","5.30","5.30","5.30","0.00","5.30","","0","0.00"
"13/07/2026","AGA","37.00","37.00","37.00","37.00","37.00","37.00","0.00","40.70","","0","0.00"
"13/07/2026","**ALW**","0.10","0.10","0.10","0.10","0.10","0.10","0.00","","","0","0.00"
"13/07/2026","ASG","8.89","8.89","8.89","8.89","8.89","8.89","0.00","8.89","","4","35.56"
"13/07/2026","ALLGH","8.46","6.12","8.46","8.46","8.46","8.46","0.00","","8.45","0","0.00"
"13/07/2026","BOPP","100.00","55.82","79.99","79.99","79.99","79.99","0.00","","79.99","16","1,279.84"
"13/07/2026","CAL","0.94","0.61","0.79","0.79","0.80","0.79","0.00","0.79","0.80","779,412","612,589.84"
"13/07/2026","CLYD","3.70","0.46","3.49","3.49","3.71","3.70","0.21","3.71","","15,258","56,478.17"
"13/07/2026","CMLT","0.14","0.14","0.14","0.14","0.14","0.14","0.00","0.15","","0","0.00"
"13/07/2026","CPC","0.15","0.05","0.15","0.15","0.15","0.15","0.00","0.15","","0","0.00"
"13/07/2026","DASPHARMA","0.41","0.38","0.41","0.41","0.41","0.41","0.00","0.44","","0","0.00"
"13/07/2026","EGH","57.00","25.00","34.00","34.00","34.50","34.50","0.50","34.50","","192,141","6,628,274.00"
"13/07/2026","EGL","12.16","3.48","10.05","10.05","10.05","10.05","0.00","","10.05","5,824","58,531.20"
"13/07/2026","ETI","2.82","0.76","2.18","2.18","2.17","2.18","0.00","2.16","2.17","106,667","232,422.76"
"13/07/2026","FML","16.35","8.00","13.30","13.30","13.30","13.30","0.00","13.10","13.30","3,032","40,325.60"
"13/07/2026","FAB","8.40","7.71","8.40","8.40","8.40","8.40","0.00","8.40","","0","0.00"
"13/07/2026","GCB","52.00","20.11","42.50","42.50","42.60","42.50","0.00","42.50","42.60","8,102","344,337.50"
"13/07/2026","GGBL","16.50","6.60","11.98","11.98","11.98","11.98","0.00","","11.98","1,245","14,915.10"
"13/07/2026","GOIL","8.01","2.96","7.98","7.98","7.98","7.98","0.00","","","10,268","81,938.64"
"13/07/2026","KASA","2.30","1.20","1.88","1.88","1.88","1.88","0.00","","","348,003","652,788.82"
"13/07/2026","MAC","5.20","5.20","5.20","5.20","5.20","5.20","0.00","5.20","","0","0.00"
"13/07/2026","MTNGH","6.80","4.20","6.49","6.49","6.50","6.43","-0.06","6.41","6.50","367,000","2,367,979.27"
"13/07/2026","PBC**","0.02","0.02","0.02","0.02","0.02","0.02","0.00","","","0","0.00"
"13/07/2026","RBGH","5.58","1.30","3.93","3.93","4.00","4.00","0.07","3.93","4.00","6,002","23,780.92"
"13/07/2026","SCB","79.41","29.22","70.90","70.90","70.85","70.90","0.00","","70.85","7","495.95"
"13/07/2026","SIC","6.09","1.20","6.00","6.00","6.00","6.00","0.00","","6.00","9,803","58,818.00"
"13/07/2026","SOGEGH","11.51","4.49","6.80","6.80","6.80","6.80","0.00","","6.80","1,982","13,477.60"
"13/07/2026","TBL","1.20","1.20","1.20","1.20","1.20","1.20","0.00","1.32","","0","0.00"
"13/07/2026","TOTAL","41.00","32.91","40.26","40.26","40.26","40.26","0.00","40.26","42.00","612","24,639.12"
"13/07/2026","TLW","11.92","11.92","11.92","11.92","11.92","11.92","0.00","11.92","13.11","20","238.40"
"13/07/2026","UNIL","30.00","19.79","29.50","29.50","29.50","29.50","0.00","29.50","","233","6,873.50"
"13/07/2026","ZEN","12.61","5.00","11.00","11.00","11.00","11.00","0.00","11.00","","52,352","575,872.00"
"13/07/2026","AADS","0.42","0.42","0.42","0.42","0.42","0.42","0.00","0.46","","0","0.00"
"13/07/2026","SCBPREF","0.99","0.90","0.99","0.99","0.99","0.99","0.00","0.99","","0","0.00"
"13/07/2026","GLD","533.93","466.72","462.00","462.00","462.00","462.00","0.00","462.00","","1","462.00"
"13/07/2026","SAMBA","0.55","0.55","0.55","0.55","0.55","0.55","0.00","0.55","","0","0.00"
"13/07/2026","MMH","0.11","0.10","0.11","0.11","0.11","0.11","0.00","0.11","","0","0.00"
"13/07/2026","HORDS","0.15","0.09","0.14","0.14","0.15","0.15","0.01","0.15","","2,100","315.00"
"13/07/2026","IIL","0.30","0.05","0.28","0.28","0.30","0.30","0.02","0.30","","1,000,050","300,015.00"
"13/07/2026","DIGICUT","0.09","0.09","0.09","0.09","0.09","0.09","0.00","0.09","","0","0.00"
"10/07/2026","ACCESS","46.64","16.20","31.90","31.90","31.90","31.90","0.00","","31.90","190","6,061.00"
"10/07/2026","ADB","5.30","5.06","5.30","5.30","5.30","5.30","0.00","5.30","","0","0.00"
"10/07/2026","AGA","37.00","37.00","37.00","37.00","37.00","37.00","0.00","40.70","","0","0.00"
"10/07/2026","**ALW**","0.10","0.10","0.10","0.10","0.10","0.10","0.00","","","0","0.00"
"10/07/2026","ASG","8.89","8.89","8.89","8.89","8.89","8.89","0.00","8.89","","0","0.00"
"10/07/2026","ALLGH","8.46","6.12","8.46","8.46","8.46","8.46","0.00","","8.45","0","0.00"
"10/07/2026","BOPP","100.00","55.82","79.99","79.99","79.99","79.99","0.00","","79.99","415","33,195.85"
"10/07/2026","CAL","0.94","0.61","0.79","0.79","0.79","0.79","0.00","0.74","0.79","292,902","230,197.77"
"10/07/2026","CLYD","3.49","0.46","3.47","3.47","3.50","3.49","0.02","3.47","3.50","52,764","183,609.88"
"10/07/2026","CMLT","0.14","0.14","0.14","0.14","0.14","0.14","0.00","0.15","","0","0.00"
"10/07/2026","CPC","0.15","0.05","0.14","0.14","0.15","0.15","0.01","0.14","","8,813","1,321.95"
"10/07/2026","DASPHARMA","0.41","0.38","0.41","0.41","0.41","0.41","0.00","0.45","","0","0.00"
"10/07/2026","EGH","57.00","25.00","34.00","34.00","34.00","34.00","0.00","34.00","34.50","3,549","120,666.00"
"10/07/2026","EGL","12.16","3.48","10.05","10.05","10.05","10.05","0.00","10.05","","2,923","29,376.15"
"10/07/2026","ETI","2.82","0.76","2.18","2.18","2.18","2.18","0.00","1.98","2.18","45,877","100,011.86"
"10/07/2026","FML","16.35","8.00","13.30","13.30","13.30","13.30","0.00","13.10","13.30","1,246","16,571.80"
"10/07/2026","FAB","8.40","7.71","8.40","8.40","8.40","8.40","0.00","8.40","","0","0.00"
"10/07/2026","GCB","52.00","20.11","42.50","42.50","42.50","42.50","0.00","","42.50","7,692","326,938.70"
"10/07/2026","GGBL","16.50","6.60","11.97","11.97","11.97","11.98","0.01","11.97","11.99","2,647","31,706.91"
"10/07/2026","GOIL","8.01","2.96","7.98","7.98","7.98","7.98","0.00","7.98","","20,266","161,681.96"
"10/07/2026","KASA","2.30","1.20","1.88","1.88","1.88","1.88","0.00","1.87","1.88","1,748,506","3,287,051.34"
"10/07/2026","MAC","5.20","5.20","5.20","5.20","5.20","5.20","0.00","5.20","","0","0.00"
"10/07/2026","MTNGH","6.80","4.20","6.46","6.46","6.50","6.49","0.03","6.47","6.50","214,823","1,390,563.34"
"10/07/2026","PBC**","0.02","0.02","0.02","0.02","0.02","0.02","0.00","","","0","0.00"
"10/07/2026","RBGH","5.58","1.30","3.93","3.93","3.93","3.93","0.00","3.93","4.00","19,810","76,003.30"
"10/07/2026","SCB","79.41","29.22","70.90","70.90","70.90","70.90","0.00","","70.80","0","0.00"
"10/07/2026","SIC","6.09","1.20","6.00","6.00","6.00","6.00","0.00","5.90","6.00","34,630","207,780.00"
"10/07/2026","SOGEGH","11.51","4.49","6.80","6.80","6.80","6.80","0.00","6.80","","3,683","25,044.40"
"10/07/2026","TBL","1.20","1.20","1.20","1.20","1.20","1.20","0.00","1.32","","0","0.00"
"10/07/2026","TOTAL","41.00","32.91","41.00","41.00","41.00","40.26","-0.74","41.00","42.00","2,358","95,080.50"
"10/07/2026","TLW","11.92","11.92","11.92","11.92","11.92","11.92","0.00","11.92","13.11","500","5,960.00"
"10/07/2026","UNIL","30.00","19.79","29.50","29.50","29.50","29.50","0.00","","29.50","156","4,602.00"
"10/07/2026","ZEN","12.61","5.00","11.00","11.00","11.01","11.00","0.00","11.01","","124","1,364.52"
"10/07/2026","AADS","0.42","0.42","0.42","0.42","0.42","0.42","0.00","0.46","","0","0.00"
"10/07/2026","SCBPREF","0.99","0.90","0.99","0.99","0.99","0.99","0.00","0.99","","0","0.00"
"10/07/2026","GLD","533.93","466.72","462.00","462.00","462.00","462.00","0.00","462.00","","11","5,082.00"
"10/07/2026","SAMBA","0.55","0.55","0.55","0.55","0.55","0.55","0.00","0.55","","0","0.00"
"10/07/2026","MMH","0.11","0.10","0.11","0.11","0.11","0.11","0.00","0.11","","0","0.00"
"10/07/2026","HORDS","0.14","0.09","0.13","0.13","0.14","0.14","0.01","0.14","","2,000","280.00"
"10/07/2026","IIL","0.28","0.05","0.26","0.26","0.28","0.28","0.02","0.28","","1,002,000","280,560.00"
"10/07/2026","DIGICUT","0.09","0.09","0.09","0.09","0.09","0.09","0.00","0.09","","0","0.00"
"09/07/2026","ACCESS","46.64","16.20","31.90","31.90","31.90","31.90","0.00","","31.90","1,142","36,429.80"
"09/07/2026","ADB","5.30","5.06","5.30","5.30","5.30","5.30","0.00","5.30","","0","0.00"
"09/07/2026","AGA","37.00","37.00","37.00","37.00","37.00","37.00","0.00","40.70","","0","0.00"
"09/07/2026","**ALW**","0.10","0.10","0.10","0.10","0.10","0.10","0.00","","","0","0.00"
"09/07/2026","ASG","8.89","8.89","8.89","8.89","8.89","8.89","0.00","8.89","","20","177.80"
"09/07/2026","ALLGH","8.46","6.12","8.46","8.46","8.46","8.46","0.00","","8.45","0","0.00"
"09/07/2026","BOPP","100.00","55.82","79.99","79.99","79.99","79.99","0.00","","79.99","530","42,394.70"
"09/07/2026","CAL","0.94","0.61","0.78","0.78","0.78","0.79","0.01","0.77","0.78","434,294","341,638.79"
"09/07/2026","CLYD","3.47","0.46","3.47","3.47","3.47","3.47","0.00","3.49","","0","0.00"
"09/07/2026","CMLT","0.14","0.14","0.14","0.14","0.14","0.14","0.00","0.15","","0","0.00"
"09/07/2026","CPC","0.14","0.05","0.13","0.13","0.14","0.14","0.01","0.14","","5,550","777.00"
"09/07/2026","DASPHARMA","0.41","0.38","0.41","0.41","0.41","0.41","0.00","0.45","","0","0.00"
"09/07/2026","EGH","57.00","25.00","34.00","34.00","34.00","34.00","0.00","34.00","34.50","7,201","244,884.00"
"09/07/2026","EGL","12.16","3.48","10.05","10.05","10.05","10.05","0.00","","10.05","1,764","17,728.20"
"09/07/2026","ETI","2.82","0.76","2.19","2.19","2.18","2.18","-0.01","2.16","2.18","33,770","73,526.87"
"09/07/2026","FML","16.35","8.00","13.30","13.30","13.30","13.30","0.00","13.10","13.30","6,215","82,659.50"
"09/07/2026","FAB","8.40","7.71","8.40","8.40","8.40","8.40","0.00","8.40","","0","0.00"
"09/07/2026","GCB","52.00","20.11","42.35","42.35","42.50","42.50","0.15","42.50","","14,969","635,884.90"
"09/07/2026","GGBL","16.50","6.60","11.97","11.97","11.97","11.97","0.00","","11.97","923","11,048.31"
"09/07/2026","GOIL","8.01","2.96","7.98","7.98","7.98","7.98","0.00","7.95","","13,623","108,711.54"
"09/07/2026","KASA","2.30","1.20","1.88","1.88","1.88","1.88","0.00","1.88","1.99","859,409","1,613,729.49"
"09/07/2026","MAC","5.20","5.20","5.20","5.20","5.20","5.20","0.00","","","227","1,180.40"
"09/07/2026","MTNGH","6.80","4.20","6.43","6.43","6.45","6.46","0.03","6.43","6.45","2,162,353","13,963,188.47"
"09/07/2026","PBC**","0.02","0.02","0.02","0.02","0.02","0.02","0.00","","","0","0.00"
"09/07/2026","RBGH","5.58","1.30","3.93","3.93","3.93","3.93","0.00","3.93","4.00","48,353","190,027.29"
"09/07/2026","SCB","79.41","29.22","70.90","70.90","70.90","70.90","0.00","","70.90","63","4,466.70"
"09/07/2026","SIC","6.09","1.20","6.00","6.00","6.00","6.00","0.00","","6.00","52,549","315,294.00"
"09/07/2026","SOGEGH","11.51","4.49","6.80","6.80","6.80","6.80","0.00","6.80","","1,953","13,280.40"
"09/07/2026","TBL","1.20","1.20","1.20","1.20","1.20","1.20","0.00","1.32","","0","0.00"
"09/07/2026","TOTAL","41.00","32.91","41.00","41.00","41.00","41.00","0.00","41.00","43.55","14,337","587,817.00"
"09/07/2026","TLW","11.92","11.92","11.92","11.92","11.92","11.92","0.00","11.92","13.11","132","1,573.44"
"09/07/2026","UNIL","30.00","19.79","29.50","29.50","29.50","29.50","0.00","29.50","","76","2,242.00"
"09/07/2026","ZEN","12.61","5.00","11.00","11.00","11.01","11.00","0.00","11.01","","371","4,081.01"
"09/07/2026","AADS","0.42","0.42","0.42","0.42","0.46","0.42","0.00","0.46","","45","20.70"
"09/07/2026","SCBPREF","0.99","0.90","0.99","0.99","0.99","0.99","0.00","0.99","","0","0.00"
"09/07/2026","GLD","533.93","466.72","462.00","462.00","462.00","462.00","0.00","462.00","","21","9,702.00"
"09/07/2026","SAMBA","0.55","0.55","0.55","0.55","0.55","0.55","0.00","0.55","","0","0.00"
"09/07/2026","MMH","0.11","0.10","0.11","0.11","0.11","0.11","0.00","0.11","","0","0.00"
"09/07/2026","HORDS","0.13","0.09","0.12","0.12","0.13","0.13","0.01","0.13","","2,290","297.70"
"09/07/2026","IIL","0.26","0.05","0.24","0.24","0.26","0.26","0.02","0.26","","2,005","521.30"
"09/07/2026","DIGICUT","0.09","0.09","0.09","0.09","0.09","0.09","0.00","0.09","","0","0.00"
"08/07/2026","ACCESS","46.64","16.20","31.90","31.90","31.90","31.90","0.00","","31.90","592","18,884.80"
"08/07/2026","ADB","5.30","5.06","5.30","5.30","5.30","5.30","0.00","5.30","","3","15.90"
"08/07/2026","AGA","37.00","37.00","37.00","37.00","37.00","37.00","0.00","40.70","","0","0.00"
"08/07/2026","**ALW**","0.10","0.10","0.10","0.10","0.10","0.10","0.00","","","0","0.00"
"08/07/2026","ASG","8.89","8.89","8.89","8.89","8.89","8.89","0.00","8.89","","0","0.00"
"08/07/2026","ALLGH","8.46","6.12","8.46","8.46","8.46","8.46","0.00","","8.45","11","93.06"
"08/07/2026","BOPP","100.00","55.82","79.99","79.99","79.99","79.99","0.00","79.99","80.00","0","0.00"
"08/07/2026","CAL","0.94","0.61","0.78","0.78","0.78","0.78","0.00","0.77","0.78","388,864","304,566.03"
"08/07/2026","CLYD","3.47","0.46","3.40","3.40","3.47","3.47","0.07","3.40","","4,000","13,867.50"
"08/07/2026","CMLT","0.14","0.14","0.14","0.14","0.14","0.14","0.00","0.15","","0","0.00"
"08/07/2026","CPC","0.13","0.05","0.13","0.13","0.13","0.13","0.00","0.14","","0","0.00"
"08/07/2026","DASPHARMA","0.41","0.38","0.41","0.41","0.41","0.41","0.00","0.44","","0","0.00"
"08/07/2026","EGH","57.00","25.00","34.00","34.00","34.00","34.00","0.00","34.00","35.00","7,614","258,962.00"
"08/07/2026","EGL","12.16","3.48","10.05","10.05","10.05","10.05","0.00","","10.05","8,570","86,128.50"
"08/07/2026","ETI","2.82","0.76","2.19","2.19","2.19","2.19","0.00","","2.19","279,323","611,600.37"
"08/07/2026","FML","16.35","8.00","13.30","13.30","13.30","13.30","0.00","","13.30","3,776","50,220.80"
"08/07/2026","FAB","8.40","7.71","8.40","8.40","8.40","8.40","0.00","8.40","","6,492","54,532.80"
"08/07/2026","GCB","52.00","20.11","41.97","41.97","42.35","42.35","0.38","42.50","43.00","7,998","338,925.17"
"08/07/2026","GGBL","16.50","6.60","11.97","11.97","11.97","11.97","0.00","","11.97","640","7,660.80"
"08/07/2026","GOIL","8.01","2.96","7.98","7.98","7.98","7.98","0.00","7.93","7.98","24,620","196,467.60"
"08/07/2026","KASA","2.30","1.20","1.88","1.88","1.88","1.88","0.00","1.88","1.99","1,381,990","2,597,719.96"
"08/07/2026","MAC","5.20","5.20","5.20","5.20","5.20","5.20","0.00","5.20","","0","0.00"
"08/07/2026","MTNGH","6.80","4.20","6.42","6.42","6.43","6.43","0.01","6.42","6.50","1,909,288","12,279,240.78"
"08/07/2026","PBC**","0.02","0.02","0.02","0.02","0.02","0.02","0.00","","","0","0.00"
"08/07/2026","RBGH","5.58","1.30","3.80","3.80","3.93","3.93","0.13","3.88","4.00","33,297","129,970.60"
"08/07/2026","SCB","79.41","29.22","70.90","70.90","70.90","70.90","0.00","","70.90","2,200","155,980.00"
"08/07/2026","SIC","6.09","1.20","6.01","6.01","6.00","6.00","-0.01","","6.00","54,478","326,868.00"
"08/07/2026","SOGEGH","11.51","4.49","6.80","6.80","6.80","6.80","0.00","","6.80","20,483","139,284.40"
"08/07/2026","TBL","1.20","1.20","1.20","1.20","1.20","1.20","0.00","1.32","","0","0.00"
"08/07/2026","TOTAL","41.00","32.91","39.60","39.60","41.00","41.00","1.40","41.00","43.55","2,121","87,054.60"
"08/07/2026","TLW","11.92","11.92","11.92","11.92","11.92","11.92","0.00","","13.11","20","238.40"
"08/07/2026","UNIL","30.00","19.79","29.50","29.50","29.50","29.50","0.00","29.50","","235","6,932.50"
"08/07/2026","ZEN","12.61","5.00","11.00","11.00","11.00","11.00","0.00","11.00","","1,212","13,332.02"
"08/07/2026","AADS","0.42","0.42","0.42","0.42","0.42","0.42","0.00","0.46","","0","0.00"
"08/07/2026","SCBPREF","0.99","0.90","0.99","0.99","0.99","0.99","0.00","0.99","","0","0.00"
"08/07/2026","GLD","533.93","466.72","462.00","462.00","462.00","462.00","0.00","462.00","","11","5,082.00"
"08/07/2026","SAMBA","0.55","0.55","0.55","0.55","0.55","0.55","0.00","0.55","","0","0.00"
"08/07/2026","MMH","0.11","0.10","0.11","0.11","0.11","0.11","0.00","0.11","","20","2.20"
"08/07/2026","HORDS","0.12","0.09","0.11","0.11","0.12","0.12","0.01","0.12","","2,102","252.24"
"08/07/2026","IIL","0.24","0.05","0.22","0.22","0.24","0.24","0.02","0.24","","2,000","480.00"
"08/07/2026","DIGICUT","0.09","0.09","0.09","0.09","0.09","0.09","0.00","0.09","","0","0.00"
"07/07/2026","ACCESS","46.64","16.20","31.90","31.90","31.90","31.90","0.00","","31.90","592","18,884.80"
"07/07/2026","ADB","5.30","5.06","5.30","5.30","5.30","5.30","0.00","5.30","","0","0.00"
"07/07/2026","AGA","37.00","37.00","37.00","37.00","37.00","37.00","0.00","40.70","","0","0.00"
"07/07/2026","**ALW**","0.10","0.10","0.10","0.10","0.10","0.10","0.00","","","0","0.00"
"07/07/2026","ASG","8.89","8.89","8.89","8.89","8.89","8.89","0.00","8.89","","1","8.89"
"07/07/2026","ALLGH","8.46","6.12","8.46","8.46","8.46","8.46","0.00","","8.46","1,005","8,502.30"
"07/07/2026","BOPP","100.00","55.82","79.99","79.99","79.99","79.99","0.00","79.99","80.00","0","0.00"
"07/07/2026","CAL","0.94","0.61","0.79","0.79","0.78","0.78","-0.01","0.77","0.78","190,699","149,346.19"
"07/07/2026","CLYD","3.40","0.46","3.40","3.40","3.40","3.40","0.00","3.40","","10","34.00"
"07/07/2026","CMLT","0.14","0.14","0.14","0.14","0.14","0.14","0.00","0.15","","0","0.00"
"07/07/2026","CPC","0.13","0.05","0.13","0.13","0.13","0.13","0.00","0.14","","0","0.00"
"07/07/2026","DASPHARMA","0.41","0.38","0.41","0.41","0.41","0.41","0.00","0.44","","0","0.00"
"07/07/2026","EGH","57.00","25.00","33.75","33.75","34.00","34.00","0.25","33.75","34.00","1,512","51,397.00"
"07/07/2026","EGL","12.16","3.48","10.05","10.05","10.05","10.05","0.00","","10.05","6,560","65,928.00"
"07/07/2026","ETI","2.82","0.76","2.20","2.20","2.20","2.19","-0.01","2.18","2.20","34,728","76,300.36"
"07/07/2026","FML","16.35","8.00","13.30","13.30","13.30","13.30","0.00","13.10","13.30","1,812","24,099.60"
"07/07/2026","FAB","8.40","7.71","8.40","8.40","8.40","8.40","0.00","8.40","","0","0.00"
"07/07/2026","GCB","52.00","20.11","41.94","41.94","42.00","41.97","0.03","42.00","42.50","10,872","456,271.68"
"07/07/2026","GGBL","16.50","6.60","11.97","11.97","11.97","11.97","0.00","","11.97","505","6,044.85"
"07/07/2026","GOIL","8.01","2.96","7.98","7.98","7.98","7.98","0.00","7.50","7.98","32,534","259,621.32"
"07/07/2026","KASA","2.30","1.20","1.88","1.88","1.88","1.88","0.00","1.88","1.99","3,947,129","7,419,060.44"
"07/07/2026","MAC","5.20","5.20","5.20","5.20","5.20","5.20","0.00","5.20","","0","0.00"
"07/07/2026","MTNGH","6.80","4.20","6.40","6.40","6.42","6.42","0.02","6.42","6.50","49,567","317,959.57"
"07/07/2026","PBC**","0.02","0.02","0.02","0.02","0.02","0.02","0.00","","","0","0.00"
"07/07/2026","RBGH","5.58","1.30","4.00","4.00","3.80","3.80","-0.20","3.80","4.00","31,647","120,284.20"
"07/07/2026","SCB","79.41","29.22","70.90","70.90","70.90","70.90","0.00","","70.90","46","3,261.40"
"07/07/2026","SIC","6.09","1.20","6.01","6.01","6.00","6.01","0.00","","6.00","17,946","107,854.45"
"07/07/2026","SOGEGH","11.51","4.49","6.80","6.80","6.80","6.80","0.00","","6.80","7,256","49,340.80"
"07/07/2026","TBL","1.20","1.20","1.20","1.20","1.20","1.20","0.00","1.32","","0","0.00"
"07/07/2026","TOTAL","40.30","32.91","39.60","39.60","40.00","39.60","0.00","40.00","41.00","324","12,832.00"
"07/07/2026","TLW","11.92","11.92","11.92","11.92","11.92","11.92","0.00","11.92","","0","0.00"
"07/07/2026","UNIL","30.00","19.79","29.50","29.50","29.50","29.50","0.00","29.50","","82","2,419.00"
"07/07/2026","ZEN","12.61","5.00","11.00","11.00","11.01","11.00","0.00","11.01","","36,831","405,141.95"
"07/07/2026","AADS","0.42","0.42","0.42","0.42","0.42","0.42","0.00","0.46","","0","0.00"
"07/07/2026","SCBPREF","0.99","0.90","0.90","0.90","0.99","0.99","0.09","0.99","","3,064","3,033.36"
"07/07/2026","GLD","533.93","466.72","462.00","462.00","462.00","462.00","0.00","462.00","","8","3,696.00"
"07/07/2026","SAMBA","0.55","0.55","0.55","0.55","0.55","0.55","0.00","0.55","","0","0.00"
"07/07/2026","MMH","0.11","0.10","0.11","0.11","0.11","0.11","0.00","0.11","","4","0.44"
"07/07/2026","HORDS","0.11","0.09","0.11","0.11","0.11","0.11","0.00","0.12","","1,508","180.96"
"07/07/2026","IIL","0.22","0.05","0.20","0.20","0.22","0.22","0.02","0.22","","2,101","462.22"
"07/07/2026","DIGICUT","0.09","0.09","0.09","0.09","0.09","0.09","0.00","0.09","","0","0.00"
"06/07/2026","ACCESS","46.64","16.20","31.90","31.90","31.90","31.90","0.00","31.90","35.05","673","21,468.70"
"06/07/2026","ADB","5.30","5.06","5.30","5.30","5.30","5.30","0.00","5.30","","14","74.20"
"06/07/2026","AGA","37.00","37.00","37.00","37.00","37.00","37.00","0.00","40.70","","0","0.00"
"06/07/2026","**ALW**","0.10","0.10","0.10","0.10","0.10","0.10","0.00","","","0","0.00"
"06/07/2026","ASG","8.89","8.89","8.89","8.89","8.89","8.89","0.00","8.89","","5","44.45"
"06/07/2026","ALLGH","8.46","6.12","8.46","8.46","8.46","8.46","0.00","","8.46","6,129","51,851.34"
"06/07/2026","BOPP","100.00","55.82","79.99","79.99","79.99","79.99","0.00","79.99","80.00","0","0.00"
"06/07/2026","CAL","0.94","0.61","0.78","0.78","0.79","0.79","0.01","0.78","0.79","605,677","478,063.95"
"06/07/2026","CLYD","3.40","0.46","3.10","3.10","3.40","3.40","0.30","3.40","","118,392","402,532.80"
"06/07/2026","CMLT","0.14","0.14","0.14","0.14","0.14","0.14","0.00","0.15","","0","0.00"
"06/07/2026","CPC","0.13","0.05","0.13","0.13","0.13","0.13","0.00","0.14","","0","0.00"
"06/07/2026","DASPHARMA","0.41","0.38","0.41","0.41","0.41","0.41","0.00","0.44","","0","0.00"
"06/07/2026","EGH","57.00","25.00","33.67","33.67","34.00","33.75","0.08","33.67","","11,650","392,915.50"
"06/07/2026","EGL","12.16","3.48","10.05","10.05","10.05","10.05","0.00","","10.05","2,027","20,371.35"
"06/07/2026","ETI","2.82","0.76","2.20","2.20","2.20","2.20","0.00","2.18","2.20","92,054","202,518.80"
"06/07/2026","FML","16.35","8.00","13.30","13.30","13.30","13.30","0.00","13.10","13.30","4,259","56,644.70"
"06/07/2026","FAB","8.40","7.71","8.40","8.40","8.40","8.40","0.00","8.40","","0","0.00"
"06/07/2026","GCB","52.00","20.11","41.00","41.00","42.00","41.94","0.94","41.50","42.00","8,158","340,728.00"
"06/07/2026","GGBL","16.50","6.60","11.97","11.97","11.97","11.97","0.00","","11.97","3,871","46,335.87"
"06/07/2026","GOIL","8.01","2.96","7.50","7.50","7.50","7.98","0.48","","7.50","10,208","79,582.90"
"06/07/2026","KASA","2.30","1.20","1.88","1.88","1.88","1.88","0.00","1.88","1.99","1,615,279","3,034,734.01"
"06/07/2026","MAC","5.20","5.20","5.20","5.20","5.20","5.20","0.00","","","256","1,331.20"
"06/07/2026","MTNGH","6.80","4.20","6.42","6.42","6.40","6.40","-0.02","6.36","6.40","1,437,714","9,207,298.27"
"06/07/2026","PBC**","0.02","0.02","0.02","0.02","0.02","0.02","0.00","","","0","0.00"
"06/07/2026","RBGH","5.58","1.30","4.00","4.00","3.61","4.00","0.00","3.61","3.98","6,700","26,720.83"
"06/07/2026","SCB","79.41","29.22","71.00","71.00","70.90","70.90","-0.10","","70.90","1,249","88,564.60"
"06/07/2026","SIC","6.09","1.20","6.01","6.01","6.01","6.01","0.00","","6.01","11,199","67,305.99"
"06/07/2026","SOGEGH","11.51","4.49","6.80","6.80","6.80","6.80","0.00","6.80","6.81","34,718","236,082.40"
"06/07/2026","TBL","1.20","1.20","1.20","1.20","1.20","1.20","0.00","1.32","","0","0.00"
"06/07/2026","TOTAL","40.30","32.91","39.60","39.60","39.60","39.60","0.00","39.60","43.55","1,428","56,548.80"
"06/07/2026","TLW","11.92","11.92","11.92","11.92","11.92","11.92","0.00","11.92","13.11","102","1,215.84"
"06/07/2026","UNIL","30.00","19.79","29.50","29.50","29.50","29.50","0.00","29.50","","586","17,287.00"
"06/07/2026","ZEN","12.61","5.00","10.99","10.99","11.00","11.00","0.01","11.00","","2,023","22,253.00"
"06/07/2026","AADS","0.42","0.42","0.42","0.42","0.42","0.42","0.00","0.46","","0","0.00"
"06/07/2026","SCBPREF","0.90","0.90","0.90","0.90","0.90","0.90","0.00","0.90","","0","0.00"
"06/07/2026","GLD","533.93","466.72","462.00","462.00","462.00","462.00","0.00","462.00","","12","5,544.00"
"06/07/2026","SAMBA","0.55","0.55","0.55","0.55","0.55","0.55","0.00","0.55","","0","0.00"
"06/07/2026","MMH","0.11","0.10","0.11","0.11","0.11","0.11","0.00","0.11","","0","0.00"
"06/07/2026","HORDS","0.11","0.09","0.11","0.11","0.11","0.11","0.00","0.11","","1,000,000","110,000.00"
"06/07/2026","IIL","0.20","0.05","0.18","0.18","0.20","0.20","0.02","0.20","","7,000","1,400.00"
"06/07/2026","DIGICUT","0.09","0.09","0.09","0.09","0.09","0.09","0.00","0.09","","0","0.00"
"02/07/2026","ACCESS","46.64","16.20","31.90","31.90","31.90","31.90","0.00","","31.90","0","0.00"
"02/07/2026","ADB","5.30","5.06","5.30","5.30","5.30","5.30","0.00","5.30","","3","15.90"
"02/07/2026","AGA","37.00","37.00","37.00","37.00","37.00","37.00","0.00","40.70","","0","0.00"
"02/07/2026","**ALW**","0.10","0.10","0.10","0.10","0.10","0.10","0.00","","","0","0.00"
"02/07/2026","ASG","8.89","8.89","8.89","8.89","8.89","8.89","0.00","8.89","","0","0.00"
"02/07/2026","ALLGH","8.46","6.12","8.46","8.46","8.46","8.46","0.00","","8.45","0","0.00"
"02/07/2026","BOPP","100.00","55.82","79.99","79.99","79.99","79.99","0.00","79.99","80.00","400","31,996.00"
"02/07/2026","CAL","0.94","0.61","0.78","0.78","0.78","0.78","0.00","0.78","0.79","343,159","269,161.86"
"02/07/2026","CLYD","3.10","0.46","3.10","3.10","3.10","3.10","0.00","3.31","","0","0.00"
"02/07/2026","CMLT","0.14","0.14","0.14","0.14","0.14","0.14","0.00","0.15","","0","0.00"
"02/07/2026","CPC","0.13","0.05","0.13","0.13","0.13","0.13","0.00","0.14","","0","0.00"
"02/07/2026","DASPHARMA","0.41","0.38","0.41","0.41","0.41","0.41","0.00","0.44","","0","0.00"
"02/07/2026","EGH","57.00","25.00","33.67","33.67","33.67","33.67","0.00","33.67","","3,950","132,996.50"
"02/07/2026","EGL","12.16","3.48","10.05","10.05","10.05","10.05","0.00","","10.05","6,268","62,993.40"
"02/07/2026","ETI","2.82","0.76","2.23","2.23","2.20","2.20","-0.03","2.20","2.21","303,919","668,631.80"
"02/07/2026","FML","16.35","8.00","13.30","13.30","13.30","13.30","0.00","13.10","13.30","2,380","31,654.00"
"02/07/2026","FAB","8.40","7.71","8.40","8.40","8.40","8.40","0.00","8.40","","0","0.00"
"02/07/2026","GCB","52.00","20.11","40.00","40.00","41.00","41.00","1.00","40.00","41.00","4,523","183,975.00"
"02/07/2026","GGBL","16.50","6.60","11.98","11.98","11.97","11.97","-0.01","","11.97","2,376","28,440.86"
"02/07/2026","GOIL","8.01","2.96","7.45","7.45","7.50","7.50","0.05","7.45","7.50","30,020","225,145.30"
"02/07/2026","KASA","2.30","1.20","1.88","1.88","1.88","1.88","0.00","1.85","1.88","489,795","920,285.24"
"02/07/2026","MAC","5.20","5.20","5.20","5.20","5.20","5.20","0.00","","","0","0.00"
"02/07/2026","MTNGH","6.80","4.20","6.31","6.31","6.45","6.42","0.11","6.43","6.45","1,385,876","8,900,299.17"
"02/07/2026","PBC**","0.02","0.02","0.02","0.02","0.02","0.02","0.00","","","0","0.00"
"02/07/2026","RBGH","5.58","1.30","4.00","4.00","4.00","4.00","0.00","3.60","4.00","22,569","88,277.00"
"02/07/2026","SCB","79.41","29.22","71.00","71.00","71.00","71.00","0.00","71.00","","624","44,304.00"
"02/07/2026","SIC","6.09","1.20","6.01","6.01","6.01","6.01","0.00","","6.01","12,505","75,155.05"
"02/07/2026","SOGEGH","11.51","4.49","6.81","6.81","6.81","6.80","-0.01","6.80","6.81","3,912","26,603.02"
"02/07/2026","TBL","1.20","1.20","1.20","1.20","1.20","1.20","0.00","1.32","","0","0.00"
"02/07/2026","TOTAL","40.30","32.91","39.60","39.60","39.60","39.60","0.00","38.00","39.60","16,593","657,082.80"
"02/07/2026","TLW","11.92","11.92","11.92","11.92","11.92","11.92","0.00","11.92","13.11","7","83.44"
"02/07/2026","UNIL","30.00","19.79","29.50","29.50","29.50","29.50","0.00","29.50","","4","118.00"
"02/07/2026","ZEN","12.61","5.00","10.99","10.99","10.99","10.99","0.00","11.00","","0","0.00"
"02/07/2026","AADS","0.42","0.42","0.42","0.42","0.42","0.42","0.00","0.46","","0","0.00"
"02/07/2026","SCBPREF","0.90","0.90","0.90","0.90","0.90","0.90","0.00","0.90","","0","0.00"
"02/07/2026","GLD","533.93","466.72","462.00","462.00","462.00","462.00","0.00","462.00","","2","924.00"
"02/07/2026","SAMBA","0.55","0.55","0.55","0.55","0.55","0.55","0.00","0.55","","0","0.00"
"02/07/2026","MMH","0.11","0.10","0.11","0.11","0.11","0.11","0.00","0.11","","9","0.99"
"02/07/2026","HORDS","0.11","0.09","0.11","0.11","0.11","0.11","0.00","0.11","","160","17.60"
"02/07/2026","IIL","0.18","0.05","0.18","0.18","0.18","0.18","0.00","0.20","","0","0.00"
"02/07/2026","DIGICUT","0.09","0.09","0.09","0.09","0.09","0.09","0.00","0.09","","0","0.00"
"01/07/2026","ACCESS","46.64","16.20","31.90","31.90","31.90","31.90","0.00","31.90","35.05","542","17,289.80"
"01/07/2026","ADB","5.30","5.06","5.30","5.30","5.30","5.30","0.00","5.30","","0","0.00"
"01/07/2026","AGA","37.00","37.00","37.00","37.00","37.00","37.00","0.00","40.70","","0","0.00"
"01/07/2026","**ALW**","0.10","0.10","0.10","0.10","0.10","0.10","0.00","","","0","0.00"
"01/07/2026","ASG","8.89","8.89","8.89","8.89","8.89","8.89","0.00","8.89","","0","0.00"
"01/07/2026","ALLGH","8.46","6.12","8.46","8.46","8.45","8.46","0.00","","8.45","0","0.00"
"01/07/2026","BOPP","100.00","55.82","79.99","79.99","79.99","79.99","0.00","79.99","80.00","0","0.00"
"01/07/2026","CAL","0.94","0.61","0.78","0.78","0.78","0.78","0.00","0.77","0.79","532,119","418,622.94"
"01/07/2026","CLYD","3.10","0.46","2.95","2.95","3.20","3.10","0.15","3.20","","2,800","8,600.00"
"01/07/2026","CMLT","0.14","0.14","0.14","0.14","0.14","0.14","0.00","0.15","","0","0.00"
"01/07/2026","CPC","0.13","0.05","0.13","0.13","0.13","0.13","0.00","0.14","","0","0.00"
"01/07/2026","DASPHARMA","0.41","0.38","0.41","0.41","0.41","0.41","0.00","0.44","","0","0.00"
"01/07/2026","EGH","57.00","25.00","33.67","33.67","33.67","33.67","0.00","31.50","33.67","7,345","247,121.70"
"01/07/2026","EGL","12.16","3.48","10.05","10.05","10.05","10.05","0.00","","10.05","22,983","230,979.15"
"01/07/2026","ETI","2.82","0.76","2.27","2.27","2.20","2.23","-0.04","","2.20","32,081","72,133.85"
"01/07/2026","FML","16.35","8.00","13.34","13.34","13.30","13.30","-0.04","13.10","13.30","7,848","104,378.40"
"01/07/2026","FAB","8.40","7.71","8.40","8.40","8.40","8.40","0.00","8.40","","0","0.00"
"01/07/2026","GCB","52.00","20.11","40.00","40.00","40.00","40.00","0.00","39.00","40.00","2,593","104,551.00"
"01/07/2026","GGBL","16.50","6.60","11.99","11.99","11.98","11.98","-0.01","11.98","11.99","5,100","61,099.00"
"01/07/2026","GOIL","8.01","2.96","7.50","7.50","7.45","7.45","-0.05","7.45","7.50","2,901","21,690.20"
"01/07/2026","KASA","2.30","1.20","1.88","1.88","1.88","1.88","0.00","1.80","1.88","996,243","1,870,906.39"
"01/07/2026","MAC","5.20","5.20","5.20","5.20","5.20","5.20","0.00","5.20","","2","10.40"
"01/07/2026","MTNGH","6.80","4.20","6.41","6.41","6.43","6.31","-0.10","6.30","6.43","1,990,039","12,572,775.81"
"01/07/2026","PBC**","0.02","0.02","0.02","0.02","0.02","0.02","0.00","","","0","0.00"
"01/07/2026","RBGH","5.58","1.30","4.39","4.39","4.00","4.00","-0.39","","4.00","2,000","8,000.00"
"01/07/2026","SCB","79.41","29.22","71.00","71.00","71.00","71.00","0.00","","71.00","90","6,390.00"
"01/07/2026","SIC","6.09","1.20","6.01","6.01","6.00","6.01","0.00","","6.01","6,701","40,273.01"
"01/07/2026","SOGEGH","11.51","4.49","6.81","6.81","6.81","6.81","0.00","","6.81","8,814","60,023.34"
"01/07/2026","TBL","1.20","1.20","1.20","1.20","1.20","1.20","0.00","1.32","","0","0.00"
"01/07/2026","TOTAL","40.30","32.91","39.60","39.60","39.59","39.60","0.00","","39.60","2,287","90,565.20"
"01/07/2026","TLW","11.92","11.92","11.92","11.92","11.92","11.92","0.00","11.92","","25","298.00"
"01/07/2026","UNIL","30.00","19.79","29.50","29.50","29.50","29.50","0.00","29.50","","80","2,360.00"
"01/07/2026","ZEN","12.61","5.00","10.99","10.99","10.99","10.99","0.00","11.00","","171","1,879.34"
"01/07/2026","AADS","0.42","0.42","0.42","0.42","0.42","0.42","0.00","0.46","","0","0.00"
"01/07/2026","SCBPREF","0.90","0.90","0.90","0.90","0.90","0.90","0.00","0.90","","0","0.00"
"01/07/2026","GLD","533.93","466.72","462.00","462.00","462.00","462.00","0.00","462.00","","28","12,936.00"
"01/07/2026","SAMBA","0.55","0.55","0.55","0.55","0.55","0.55","0.00","0.55","","0","0.00"
"01/07/2026","MMH","0.11","0.10","0.11","0.11","0.11","0.11","0.00","0.11","","0","0.00"
"01/07/2026","HORDS","0.11","0.09","0.11","0.11","0.11","0.11","0.00","0.11","","97","10.67"
"01/07/2026","IIL","0.18","0.05","0.18","0.18","0.18","0.18","0.00","0.19","","2,000,000","380,000.00"
"01/07/2026","DIGICUT","0.09","0.09","0.09","0.09","0.09","0.09","0.00","0.09","","0","0.00"
"30/06/2026","ACCESS","46.64","16.20","31.90","31.90","31.90","31.90","0.00","31.90","35.05","176","5,614.40"
"30/06/2026","ADB","5.30","5.06","5.30","5.30","5.30","5.30","0.00","5.30","","2","10.60"
"30/06/2026","AGA","37.00","37.00","37.00","37.00","37.00","37.00","0.00","40.70","","0","0.00"
"30/06/2026","**ALW**","0.10","0.10","0.10","0.10","0.10","0.10","0.00","","","0","0.00"
"30/06/2026","ASG","8.89","8.89","8.89","8.89","8.89","8.89","0.00","8.89","","5","44.45"
"30/06/2026","ALLGH","8.46","6.12","8.46","8.46","8.45","8.46","0.00","","8.45","2,559","21,624.14"
"30/06/2026","BOPP","100.00","55.82","79.99","79.99","79.99","79.99","0.00","79.99","80.00","0","0.00"
"30/06/2026","CAL","0.94","0.61","0.78","0.78","0.78","0.78","0.00","0.78","0.80","506,926","395,708.65"
"30/06/2026","CLYD","2.95","0.46","2.95","2.95","2.95","2.95","0.00","3.24","","0","0.00"
"30/06/2026","CMLT","0.14","0.14","0.14","0.14","0.14","0.14","0.00","0.15","","0","0.00"
"30/06/2026","CPC","0.13","0.05","0.13","0.13","0.13","0.13","0.00","0.14","","0","0.00"
"30/06/2026","DASPHARMA","0.41","0.38","0.41","0.41","0.41","0.41","0.00","0.44","","0","0.00"
"30/06/2026","EGH","57.00","25.00","33.67","33.67","33.67","33.67","0.00","31.50","33.67","6,039","203,303.76"
"30/06/2026","EGL","12.16","3.48","10.05","10.05","10.05","10.05","0.00","","10.05","1,299","13,054.95"
"30/06/2026","ETI","2.82","0.76","2.27","2.27","2.27","2.27","0.00","","2.27","8,325","18,897.75"
"30/06/2026","FML","16.35","8.00","13.34","13.34","13.30","13.34","0.00","13.10","13.30","952","12,699.20"
"30/06/2026","FAB","8.40","7.71","8.40","8.40","8.40","8.40","0.00","8.40","","0","0.00"
"30/06/2026","GCB","52.00","20.11","40.00","40.00","40.00","40.00","0.00","40.00","42.00","12,198","487,920.00"
"30/06/2026","GGBL","16.50","6.60","11.99","11.99","11.99","11.99","0.00","","11.98","0","0.00"
"30/06/2026","GOIL","8.01","2.96","7.50","7.50","7.50","7.50","0.00","7.40","7.50","1,992","14,940.00"
"30/06/2026","KASA","2.30","1.20","1.88","1.88","1.88","1.88","0.00","1.88","1.90","862,853","1,621,400.04"
"30/06/2026","MAC","5.20","5.20","5.20","5.20","5.20","5.20","0.00","5.20","","10","52.00"
"30/06/2026","MTNGH","6.80","4.20","6.44","6.44","6.40","6.41","-0.03","6.20","6.40","690,773","4,425,912.48"
"30/06/2026","PBC**","0.02","0.02","0.02","0.02","0.02","0.02","0.00","","","0","0.00"
"30/06/2026","RBGH","5.58","1.30","4.39","4.39","4.37","4.39","0.00","4.00","4.37","44,543","195,541.83"
"30/06/2026","SCB","79.41","29.22","71.00","71.00","71.00","71.00","0.00","","71.00","120","8,520.00"
"30/06/2026","SIC","6.09","1.20","6.02","6.02","6.00","6.01","-0.01","6.00","6.02","17,112","102,944.85"
"30/06/2026","SOGEGH","11.51","4.49","6.80","6.80","6.81","6.81","0.01","6.81","6.85","2,227","15,157.95"
"30/06/2026","TBL","1.20","1.20","1.20","1.20","1.20","1.20","0.00","1.32","","0","0.00"
"30/06/2026","TOTAL","40.30","32.91","36.00","36.00","39.59","39.60","3.60","36.00","39.59","9,944","393,449.77"
"30/06/2026","TLW","11.92","11.92","11.92","11.92","11.92","11.92","0.00","11.92","13.11","0","0.00"
"30/06/2026","UNIL","30.00","19.79","29.50","29.50","29.50","29.50","0.00","29.50","","59","1,740.50"
"30/06/2026","ZEN","12.61","5.00","10.99","10.99","10.99","10.99","0.00","10.99","","29","318.71"
"30/06/2026","AADS","0.42","0.42","0.42","0.42","0.42","0.42","0.00","0.46","","0","0.00"
"30/06/2026","SCBPREF","0.90","0.90","0.90","0.90","0.90","0.90","0.00","0.90","","0","0.00"
"30/06/2026","GLD","533.93","466.72","462.00","462.00","462.00","462.00","0.00","462.00","","1","462.00"
"30/06/2026","SAMBA","0.55","0.55","0.55","0.55","0.55","0.55","0.00","0.55","","0","0.00"
"30/06/2026","MMH","0.11","0.10","0.11","0.11","0.11","0.11","0.00","0.11","","3","0.33"
"30/06/2026","HORDS","0.11","0.09","0.11","0.11","0.11","0.11","0.00","0.11","","90","9.90"
"30/06/2026","IIL","0.18","0.05","0.17","0.17","0.18","0.18","0.01","0.18","","5,004","900.72"
"30/06/2026","DIGICUT","0.09","0.09","0.09","0.09","0.09","0.09","0.00","0.09","","0","0.00"
"29/06/2026","ACCESS","46.64","16.20","31.90","31.90","31.90","31.90","0.00","31.90","35.05","290","9,251.00"
"29/06/2026","ADB","5.30","5.06","5.30","5.30","5.30","5.30","0.00","5.30","","1","5.30"
"29/06/2026","AGA","37.00","37.00","37.00","37.00","37.00","37.00","0.00","40.70","","0","0.00"
"29/06/2026","**ALW**","0.10","0.10","0.10","0.10","0.10","0.10","0.00","","","0","0.00"
"29/06/2026","ASG","8.89","8.89","8.89","8.89","8.89","8.89","0.00","8.89","","1","8.89"
"29/06/2026","ALLGH","8.46","6.12","8.46","8.46","8.46","8.46","0.00","","8.46","610","5,160.60"
"29/06/2026","BOPP","100.00","55.82","79.99","79.99","79.98","79.99","0.00","79.99","","680","54,393.00"
"29/06/2026","CAL","0.94","0.61","0.81","0.81","0.80","0.78","-0.03","0.75","0.80","208,047","163,876.87"
"29/06/2026","CLYD","2.95","0.46","2.95","2.95","2.95","2.95","0.00","3.24","","0","0.00"
"29/06/2026","CMLT","0.14","0.14","0.14","0.14","0.14","0.14","0.00","0.15","","0","0.00"
"29/06/2026","CPC","0.13","0.05","0.13","0.13","0.13","0.13","0.00","0.14","","0","0.00"
"29/06/2026","DASPHARMA","0.41","0.38","0.41","0.41","0.41","0.41","0.00","0.44","","0","0.00"
"29/06/2026","EGH","57.00","25.00","33.67","33.67","33.67","33.67","0.00","31.00","33.67","2,817","94,848.39"
"29/06/2026","EGL","12.16","3.48","10.05","10.05","10.05","10.05","0.00","10.05","","1,669","16,773.45"
"29/06/2026","ETI","2.82","0.76","2.27","2.27","2.27","2.27","0.00","","2.27","27,068","61,444.36"
"29/06/2026","FML","16.35","8.00","13.34","13.34","13.34","13.34","0.00","","13.34","3,561","47,503.74"
"29/06/2026","FAB","8.40","7.71","8.40","8.40","8.40","8.40","0.00","8.40","","0","0.00"
"29/06/2026","GCB","52.00","20.11","39.00","39.00","40.00","40.00","1.00","40.00","","5,493","219,227.00"
"29/06/2026","GGBL","16.50","6.60","11.99","11.99","11.99","11.99","0.00","","11.97","107","1,282.41"
"29/06/2026","GOIL","8.01","2.96","7.50","7.50","7.50","7.50","0.00","","7.50","8,577","64,327.50"
"29/06/2026","KASA","2.30","1.20","1.99","1.99","1.90","1.88","-0.11","1.85","1.90","1,406,198","2,660,339.47"
"29/06/2026","MAC","5.20","5.20","5.20","5.20","5.20","5.20","0.00","5.20","","0","0.00"
"29/06/2026","MTNGH","6.80","4.20","6.46","6.46","6.45","6.44","-0.02","6.40","6.45","488,690","3,148,678.90"
"29/06/2026","PBC**","0.02","0.02","0.02","0.02","0.02","0.02","0.00","","","0","0.00"
"29/06/2026","RBGH","5.58","1.30","4.39","4.39","4.39","4.39","0.00","","4.35","0","0.00"
"29/06/2026","SCB","79.41","29.22","71.00","71.00","71.00","71.00","0.00","","71.00","308","21,868.00"
"29/06/2026","SIC","6.09","1.20","6.03","6.03","6.02","6.02","-0.01","","6.02","16,788","101,077.24"
"29/06/2026","SOGEGH","11.51","4.49","6.80","6.80","6.80","6.80","0.00","6.80","6.75","2,713","18,448.40"
"29/06/2026","TBL","1.20","1.20","1.20","1.20","1.20","1.20","0.00","1.32","","0","0.00"
"29/06/2026","TOTAL","40.30","32.91","36.00","36.00","36.00","36.00","0.00","","36.00","776","27,936.00"
"29/06/2026","TLW","11.92","11.92","11.92","11.92","11.92","11.92","0.00","11.92","","8","95.36"
"29/06/2026","UNIL","30.00","19.79","29.50","29.50","29.50","29.50","0.00","29.50","","888","26,196.00"
"29/06/2026","ZEN","12.61","5.00","10.99","10.99","10.99","10.99","0.00","10.99","","182","2,000.18"
"29/06/2026","AADS","0.42","0.42","0.42","0.42","0.42","0.42","0.00","0.46","","0","0.00"
"29/06/2026","SCBPREF","0.90","0.90","0.90","0.90","0.90","0.90","0.00","0.90","","0","0.00"
"29/06/2026","GLD","533.93","466.72","462.00","462.00","462.00","462.00","0.00","462.00","","6","2,772.00"
"29/06/2026","SAMBA","0.55","0.55","0.55","0.55","0.55","0.55","0.00","0.55","","0","0.00"
"29/06/2026","MMH","0.11","0.10","0.11","0.11","0.11","0.11","0.00","0.11","","3","0.33"
"29/06/2026","HORDS","0.11","0.09","0.11","0.11","0.11","0.11","0.00","0.11","","1,946","214.06"
"29/06/2026","IIL","0.17","0.05","0.16","0.16","0.17","0.17","0.01","0.17","","1,250,339","212,557.63"
"29/06/2026","DIGICUT","0.09","0.09","0.09","0.09","0.09","0.09","0.00","0.09","","0","0.00"
"26/06/2026","ACCESS","46.64","16.20","31.90","31.90","31.90","31.90","0.00","31.90","35.05","169","5,391.10"
"26/06/2026","ADB","5.30","5.06","5.30","5.30","5.30","5.30","0.00","5.30","","73","386.90"
"26/06/2026","AGA","37.00","37.00","37.00","37.00","37.00","37.00","0.00","40.70","","0","0.00"
"26/06/2026","**ALW**","0.10","0.10","0.10","0.10","0.10","0.10","0.00","","","0","0.00"
"26/06/2026","ASG","8.89","8.89","8.89","8.89","8.89","8.89","0.00","8.89","","5","44.45"
"26/06/2026","ALLGH","8.46","6.12","8.46","8.46","8.46","8.46","0.00","","8.46","3,887","32,884.02"
"26/06/2026","BOPP","100.00","55.82","79.99","79.99","79.99","79.99","0.00","79.99","","0","0.00"
"26/06/2026","CAL","0.94","0.61","0.82","0.82","0.80","0.81","-0.01","0.79","0.80","904,631","739,781.98"
"26/06/2026","CLYD","2.95","0.46","2.95","2.95","2.95","2.95","0.00","3.24","","0","0.00"
"26/06/2026","CMLT","0.14","0.14","0.14","0.14","0.14","0.14","0.00","0.15","","0","0.00"
"26/06/2026","CPC","0.13","0.05","0.13","0.13","0.13","0.13","0.00","0.14","","0","0.00"
"26/06/2026","DASPHARMA","0.41","0.38","0.41","0.41","0.41","0.41","0.00","0.44","","1,118","480.74"
"26/06/2026","EGH","57.00","25.00","33.67","33.67","33.67","33.67","0.00","30.31","33.67","2,898","97,575.66"
"26/06/2026","EGL","12.16","3.48","10.05","10.05","10.05","10.05","0.00","10.05","","10,021","100,711.05"
"26/06/2026","ETI","2.82","0.76","2.28","2.28","2.27","2.27","-0.01","2.27","2.28","209,127","474,741.16"
"26/06/2026","FML","16.35","8.00","13.50","13.50","13.34","13.34","-0.16","","13.34","6,695","89,311.30"
"26/06/2026","FAB","8.40","7.71","8.40","8.40","8.40","8.40","0.00","8.40","","0","0.00"
"26/06/2026","GCB","52.00","20.11","39.00","39.00","39.00","39.00","0.00","39.00","40.50","1,532","59,748.00"
"26/06/2026","GGBL","16.50","6.60","11.99","11.99","11.99","11.99","0.00","","11.98","881","10,557.76"
"26/06/2026","GOIL","8.01","2.96","7.50","7.50","7.50","7.50","0.00","","7.50","16,318","122,385.00"
"26/06/2026","KASA","2.30","1.20","2.10","2.10","1.99","1.99","-0.11","","2.01","2,421,114","4,821,524.77"
"26/06/2026","MAC","5.20","5.20","5.20","5.20","5.20","5.20","0.00","5.20","","0","0.00"
"26/06/2026","MTNGH","6.80","4.20","6.44","6.44","6.49","6.46","0.02","6.47","6.49","1,233,371","7,972,277.49"
"26/06/2026","PBC**","0.02","0.02","0.02","0.02","0.02","0.02","0.00","","","0","0.00"
"26/06/2026","RBGH","5.58","1.30","4.39","4.39","4.20","4.39","0.00","","4.30","14,000","58,980.00"
"26/06/2026","SCB","79.41","29.22","71.00","71.00","70.90","71.00","0.00","","70.90","80","5,674.50"
"26/06/2026","SIC","6.09","1.20","6.05","6.05","6.03","6.03","-0.02","","6.03","19,656","118,526.10"
"26/06/2026","SOGEGH","11.51","4.49","6.80","6.80","6.80","6.80","0.00","","6.80","7,930","53,924.00"
"26/06/2026","TBL","1.20","1.20","1.20","1.20","1.20","1.20","0.00","1.32","","0","0.00"
"26/06/2026","TOTAL","40.30","32.91","36.00","36.00","39.60","36.00","0.00","36.00","39.59","118","4,626.00"
"26/06/2026","TLW","11.92","11.92","11.92","11.92","11.92","11.92","0.00","11.92","","0","0.00"
"26/06/2026","UNIL","30.00","19.79","29.50","29.50","29.50","29.50","0.00","29.50","","326","9,617.00"
"26/06/2026","ZEN","12.61","5.00","10.01","10.01","10.01","10.99","0.98","10.99","","1,001","11,000.99"
"26/06/2026","AADS","0.42","0.42","0.42","0.42","0.42","0.42","0.00","0.46","","0","0.00"
"26/06/2026","SCBPREF","0.90","0.90","0.90","0.90","0.90","0.90","0.00","0.90","","0","0.00"
"26/06/2026","GLD","533.93","466.72","462.00","462.00","462.00","462.00","0.00","462.00","","5","2,310.00"
"26/06/2026","SAMBA","0.55","0.55","0.55","0.55","0.55","0.55","0.00","0.55","","0","0.00"
"26/06/2026","MMH","0.11","0.10","0.11","0.11","0.11","0.11","0.00","0.11","","0","0.00"
"26/06/2026","HORDS","0.11","0.09","0.11","0.11","0.11","0.11","0.00","0.11","","50","5.50"
"26/06/2026","IIL","0.16","0.05","0.15","0.15","0.16","0.16","0.01","0.16","","2,930,505","468,880.80"
"26/06/2026","DIGICUT","0.09","0.09","0.09","0.09","0.09","0.09","0.00","0.09","","0","0.00"
"25/06/2026","ACCESS","46.64","16.20","31.90","31.90","31.90","31.90","0.00","","31.90","1,147","36,589.30"
"25/06/2026","ADB","5.30","5.06","5.30","5.30","5.30","5.30","0.00","5.30","","2","10.60"
"25/06/2026","AGA","37.00","37.00","37.00","37.00","37.00","37.00","0.00","40.70","","0","0.00"
"25/06/2026","**ALW**","0.10","0.10","0.10","0.10","0.10","0.10","0.00","","","0","0.00"
"25/06/2026","ASG","8.89","8.89","8.89","8.89","8.89","8.89","0.00","8.89","","1","8.89"
"25/06/2026","ALLGH","8.46","6.12","8.46","8.46","8.46","8.46","0.00","","8.46","983","8,316.18"
"25/06/2026","BOPP","100.00","55.82","79.99","79.99","79.99","79.99","0.00","","","1,238","99,027.62"
"25/06/2026","CAL","0.94","0.61","0.82","0.82","0.82","0.82","0.00","0.79","0.82","402,169","331,715.41"
"25/06/2026","CLYD","2.95","0.46","2.74","2.74","2.95","2.95","0.21","2.83","","4,100","12,080.00"
"25/06/2026","CMLT","0.14","0.14","0.14","0.14","0.14","0.14","0.00","0.15","","0","0.00"
"25/06/2026","CPC","0.13","0.05","0.13","0.13","0.13","0.13","0.00","0.14","","0","0.00"
"25/06/2026","DASPHARMA","0.41","0.38","0.41","0.41","0.41","0.41","0.00","0.43","","1","0.41"
"25/06/2026","EGH","57.00","25.00","33.67","33.67","33.67","33.67","0.00","","33.67","217,149","7,311,703.75"
"25/06/2026","EGL","12.16","3.48","10.05","10.05","10.05","10.05","0.00","","10.05","10,582","106,349.10"
"25/06/2026","ETI","2.82","0.76","2.28","2.28","2.28","2.28","0.00","","2.27","49,372","112,463.85"
"25/06/2026","FML","16.35","8.00","13.50","13.50","13.50","13.50","0.00","13.20","13.34","322","4,295.48"
"25/06/2026","FAB","8.40","7.71","8.40","8.40","8.40","8.40","0.00","8.40","","0","0.00"
"25/06/2026","GCB","52.00","20.11","37.41","37.41","39.00","39.00","1.59","39.00","","1,600","62,400.00"
"25/06/2026","GGBL","16.50","6.60","12.97","12.97","11.99","11.99","-0.98","","12.97","4,409","53,544.80"
"25/06/2026","GOIL","8.01","2.96","7.50","7.50","7.50","7.50","0.00","","7.50","69,969","524,767.50"
"25/06/2026","KASA","2.30","1.20","2.23","2.23","2.10","2.10","-0.13","","2.01","589,203","1,234,064.19"
"25/06/2026","MAC","5.20","5.20","5.20","5.20","5.20","5.20","0.00","","","0","0.00"
"25/06/2026","MTNGH","6.80","4.20","6.50","6.50","6.44","6.44","-0.06","6.42","6.45","573,459","3,693,178.82"
"25/06/2026","PBC**","0.02","0.02","0.02","0.02","0.02","0.02","0.00","","","0","0.00"
"25/06/2026","RBGH","5.58","1.30","4.50","4.50","4.39","4.39","-0.11","4.20","4.50","10,371","45,968.10"
"25/06/2026","SCB","79.41","29.22","71.00","71.00","71.00","71.00","0.00","","71.00","427","30,317.00"
"25/06/2026","SIC","6.09","1.20","6.05","6.05","6.05","6.05","0.00","","6.03","6,281","37,990.39"
"25/06/2026","SOGEGH","11.51","4.49","6.80","6.80","6.80","6.80","0.00","","6.80","32,300","219,640.00"
"25/06/2026","TBL","1.20","1.20","1.20","1.20","1.20","1.20","0.00","1.32","","0","0.00"
"25/06/2026","TOTAL","40.30","32.91","36.00","36.00","36.00","36.00","0.00","36.00","39.60","211","7,596.00"
"25/06/2026","TLW","11.92","11.92","11.92","11.92","11.92","11.92","0.00","11.92","","33","393.36"
"25/06/2026","UNIL","30.00","19.79","29.50","29.50","29.50","29.50","0.00","","29.50","664","19,588.00"
"25/06/2026","ZEN","12.61","5.00","10.01","10.01","10.01","10.01","0.00","10.01","","411","4,114.11"
"25/06/2026","AADS","0.42","0.42","0.42","0.42","0.42","0.42","0.00","0.46","","0","0.00"
"25/06/2026","SCBPREF","0.90","0.90","0.90","0.90","0.90","0.90","0.00","0.90","","0","0.00"
"25/06/2026","GLD","533.93","466.72","462.00","462.00","462.00","462.00","0.00","462.00","","18","8,316.00"
"25/06/2026","SAMBA","0.55","0.55","0.55","0.55","0.55","0.55","0.00","0.55","","0","0.00"
"25/06/2026","MMH","0.11","0.10","0.11","0.11","0.11","0.11","0.00","0.11","","6","0.66"
"25/06/2026","HORDS","0.11","0.09","0.11","0.11","0.11","0.11","0.00","0.11","","286","31.46"
"25/06/2026","IIL","0.15","0.05","0.14","0.14","0.15","0.15","0.01","0.15","","5,000","750.00"
"25/06/2026","DIGICUT","0.09","0.09","0.09","0.09","0.09","0.09","0.00","0.09","","0","0.00"
"24/06/2026","ACCESS","46.64","16.20","31.90","31.90","31.90","31.90","0.00","","31.90","0","0.00"
"24/06/2026","ADB","5.30","5.06","5.30","5.30","5.30","5.30","0.00","5.30","","2","10.60"
"24/06/2026","AGA","37.00","37.00","37.00","37.00","37.00","37.00","0.00","40.70","","0","0.00"
"24/06/2026","**ALW**","0.10","0.10","0.10","0.10","0.10","0.10","0.00","","","0","0.00"
"24/06/2026","ASG","8.89","8.89","8.89","8.89","8.89","8.89","0.00","8.89","","5","44.45"
"24/06/2026","ALLGH","8.46","6.12","8.46","8.46","8.46","8.46","0.00","8.46","","204","1,725.84"
"24/06/2026","BOPP","100.00","55.82","79.99","79.99","79.99","79.99","0.00","","79.99","911","72,870.89"
"24/06/2026","CAL","0.94","0.61","0.82","0.82","0.82","0.82","0.00","0.80","0.82","233,593","190,929.64"
"24/06/2026","CLYD","2.74","0.46","2.74","2.74","2.74","2.74","0.00","3.00","","0","0.00"
"24/06/2026","CMLT","0.14","0.14","0.14","0.14","0.14","0.14","0.00","0.15","","0","0.00"
"24/06/2026","CPC","0.13","0.05","0.13","0.13","0.13","0.13","0.00","0.14","","0","0.00"
"24/06/2026","DASPHARMA","0.41","0.38","0.41","0.41","0.41","0.41","0.00","0.41","","70","28.70"
"24/06/2026","EGH","57.00","25.00","35.02","35.02","31.60","33.67","-1.35","31.60","35.00","1,469","49,631.10"
"24/06/2026","EGL","12.16","3.48","10.05","10.05","10.05","10.05","0.00","","10.05","301","3,025.05"
"24/06/2026","ETI","2.82","0.76","2.27","2.27","2.27","2.28","0.01","","2.29","52,122","118,742.68"
"24/06/2026","FML","16.35","8.00","13.34","13.34","13.34","13.50","0.16","","13.34","8,005","107,481.02"
"24/06/2026","FAB","8.40","7.71","8.40","8.40","8.40","8.40","0.00","8.40","","0","0.00"
"24/06/2026","GCB","52.00","20.11","36.00","36.00","38.00","37.41","1.41","38.00","","95,114","3,558,349.60"
"24/06/2026","GGBL","16.50","6.60","12.97","12.97","12.97","12.97","0.00","","12.97","293","3,800.21"
"24/06/2026","GOIL","8.01","2.96","7.50","7.50","7.50","7.50","0.00","7.48","7.50","13,910","104,325.00"
"24/06/2026","KASA","2.30","1.20","2.30","2.30","2.20","2.23","-0.07","2.12","2.24","2,620,033","5,866,908.03"
"24/06/2026","MAC","5.20","5.20","5.20","5.20","5.20","5.20","0.00","5.20","","0","0.00"
"24/06/2026","MTNGH","6.80","4.20","6.50","6.50","6.49","6.50","0.00","6.49","6.50","810,162","5,265,594.85"
"24/06/2026","PBC**","0.02","0.02","0.02","0.02","0.02","0.02","0.00","","","0","0.00"
"24/06/2026","RBGH","5.58","1.30","4.50","4.50","4.50","4.50","0.00","","4.50","1,667","7,501.50"
"24/06/2026","SCB","79.41","29.22","71.37","71.37","71.00","71.00","-0.37","","71.37","2,014","142,999.18"
"24/06/2026","SIC","6.09","1.20","6.09","6.09","6.05","6.05","-0.04","","6.05","95,528","578,005.24"
"24/06/2026","SOGEGH","11.51","4.49","6.85","6.85","6.80","6.80","-0.05","6.80","6.85","3,279","22,313.60"
"24/06/2026","TBL","1.20","1.20","1.20","1.20","1.20","1.20","0.00","1.32","","0","0.00"
"24/06/2026","TOTAL","40.30","32.91","36.00","36.00","36.00","36.00","0.00","36.00","39.60","521","18,756.00"
"24/06/2026","TLW","11.92","11.92","11.92","11.92","13.11","11.92","0.00","","","6","71.52"
"24/06/2026","UNIL","30.00","19.79","29.50","29.50","29.50","29.50","0.00","","29.50","159","4,690.50"
"24/06/2026","ZEN","12.61","5.00","10.01","10.01","10.01","10.01","0.00","10.01","","587","5,875.87"
"24/06/2026","AADS","0.42","0.42","0.42","0.42","0.42","0.42","0.00","0.46","","0","0.00"
"24/06/2026","SCBPREF","0.90","0.90","0.90","0.90","0.90","0.90","0.00","0.90","","0","0.00"
"24/06/2026","GLD","533.93","466.72","462.00","462.00","462.00","462.00","0.00","462.00","","3","1,386.00"
"24/06/2026","SAMBA","0.55","0.55","0.55","0.55","0.55","0.55","0.00","0.55","","0","0.00"
"24/06/2026","MMH","0.11","0.10","0.11","0.11","0.11","0.11","0.00","0.11","","42","4.62"
"24/06/2026","HORDS","0.11","0.09","0.11","0.11","0.11","0.11","0.00","0.11","","0","0.00"
"24/06/2026","IIL","0.13","0.05","0.13","0.13","0.13","0.13","0.00","0.14","","0","0.00"
"24/06/2026","DIGICUT","0.09","0.09","0.09","0.09","0.09","0.09","0.00","0.09","","0","0.00"
"23/06/2026","ACCESS","46.64","16.20","31.90","31.90","31.90","31.90","0.00","","31.90","279","9,022.95"
"23/06/2026","ADB","5.30","5.06","5.30","5.30","5.30","5.30","0.00","5.30","","1","5.30"
"23/06/2026","AGA","37.00","37.00","37.00","37.00","37.00","37.00","0.00","37.00","","0","0.00"
"23/06/2026","**ALW**","0.10","0.10","0.10","0.10","0.10","0.10","0.00","","","0","0.00"
"23/06/2026","ASG","8.89","8.89","8.89","8.89","8.89","8.89","0.00","8.89","","2","17.78"
"23/06/2026","ALLGH","8.46","6.12","8.46","8.46","8.46","8.46","0.00","8.46","","608","5,143.68"
"23/06/2026","BOPP","100.00","55.82","79.99","79.99","79.99","79.99","0.00","","79.99","0","0.00"
"23/06/2026","CAL","0.94","0.61","0.82","0.82","0.82","0.82","0.00","0.78","0.82","156,441","128,281.62"
"23/06/2026","CLYD","2.74","0.46","2.50","2.50","2.74","2.74","0.24","2.74","","4,445","12,179.30"
"23/06/2026","CMLT","0.14","0.14","0.14","0.14","0.14","0.14","0.00","0.15","","0","0.00"
"23/06/2026","CPC","0.13","0.05","0.13","0.13","0.13","0.13","0.00","0.14","","0","0.00"
"23/06/2026","DASPHARMA","0.41","0.38","0.41","0.41","0.41","0.41","0.00","0.42","","711","291.51"
"23/06/2026","EGH","57.00","25.00","35.10","35.10","35.00","35.02","-0.08","","35.10","3,234","113,345.70"
"23/06/2026","EGL","12.16","3.48","10.05","10.05","10.05","10.05","0.00","10.05","","169","1,698.45"
"23/06/2026","ETI","2.82","0.76","2.26","2.26","2.25","2.27","0.01","2.20","2.27","65,662","149,112.59"
"23/06/2026","FML","16.35","8.00","13.34","13.34","13.34","13.34","0.00","13.34","","2,965","39,553.10"
"23/06/2026","FAB","8.40","7.71","8.40","8.40","8.40","8.40","0.00","","","428","3,595.20"
"23/06/2026","GCB","52.00","20.11","36.00","36.00","36.00","36.00","0.00","35.00","36.00","51,809","1,865,124.00"
"23/06/2026","GGBL","16.50","6.60","12.98","12.98","12.97","12.97","-0.01","","12.97","2,744","35,589.68"
"23/06/2026","GOIL","8.01","2.96","7.50","7.50","7.50","7.50","0.00","","7.50","4,177","31,327.50"
"23/06/2026","KASA","2.30","1.20","2.10","2.10","2.30","2.30","0.20","1.59","","9,019,735","20,758,570.59"
"23/06/2026","MAC","5.20","5.20","5.20","5.20","5.20","5.20","0.00","5.20","","0","0.00"
"23/06/2026","MTNGH","6.80","4.20","6.45","6.45","6.49","6.50","0.05","6.50","6.60","1,206,189","7,837,359.01"
"23/06/2026","PBC**","0.02","0.02","0.02","0.02","0.02","0.02","0.00","","","0","0.00"
"23/06/2026","RBGH","5.58","1.30","4.50","4.50","4.50","4.50","0.00","4.35","4.50","11,057","49,756.50"
"23/06/2026","SCB","79.41","29.22","71.37","71.37","71.37","71.37","0.00","","71.37","359","25,621.83"
"23/06/2026","SIC","6.09","1.20","5.96","5.96","5.96","6.09","0.13","5.60","6.15","46,398","281,222.04"
"23/06/2026","SOGEGH","11.51","4.49","6.85","6.85","6.79","6.85","0.00","","6.85","25,427","174,174.95"
"23/06/2026","TBL","1.20","1.20","1.20","1.20","1.20","1.20","0.00","1.31","","0","0.00"
"23/06/2026","TOTAL","40.30","32.91","36.00","36.00","36.00","36.00","0.00","36.00","39.60","165","5,945.20"
"23/06/2026","TLW","11.92","11.92","11.92","11.92","13.11","11.92","0.00","11.92","13.11","30","369.50"
"23/06/2026","UNIL","30.00","19.79","29.50","29.50","29.50","29.50","0.00","","29.50","974","28,733.00"
"23/06/2026","ZEN","12.61","5.00","10.01","10.01","10.01","10.01","0.00","10.00","","760","7,607.60"
"23/06/2026","AADS","0.42","0.42","0.42","0.42","0.42","0.42","0.00","","","0","0.00"
"23/06/2026","SCBPREF","0.90","0.90","0.90","0.90","0.90","0.90","0.00","","","0","0.00"
"23/06/2026","GLD","533.93","466.72","462.00","462.00","462.00","462.00","0.00","462.00","","14","6,468.00"
"23/06/2026","SAMBA","0.55","0.55","0.55","0.55","0.55","0.55","0.00","0.55","","0","0.00"
"23/06/2026","MMH","0.11","0.10","0.11","0.11","0.11","0.11","0.00","0.11","","0","0.00"
"23/06/2026","HORDS","0.11","0.09","0.11","0.11","0.11","0.11","0.00","0.11","","624","68.64"
"23/06/2026","IIL","0.13","0.05","0.13","0.13","0.13","0.13","0.00","0.14","","82,893","11,059.34"
"23/06/2026","DIGICUT","0.09","0.09","0.09","0.09","0.09","0.09","0.00","0.09","","0","0.00"
"22/06/2026","ACCESS","46.64","16.20","31.90","31.90","31.90","31.90","0.00","","31.90","534","17,034.60"
"22/06/2026","ADB","5.30","5.06","5.30","5.30","5.30","5.30","0.00","5.30","","19","100.70"
"22/06/2026","AGA","37.00","37.00","37.00","37.00","37.00","37.00","0.00","37.00","","0","0.00"
"22/06/2026","**ALW**","0.10","0.10","0.10","0.10","0.10","0.10","0.00","","","0","0.00"
"22/06/2026","ASG","8.89","8.89","8.89","8.89","8.89","8.89","0.00","8.89","","0","0.00"
"22/06/2026","ALLGH","8.46","6.12","8.46","8.46","8.46","8.46","0.00","8.46","","1,116","9,441.36"
"22/06/2026","BOPP","100.00","55.82","79.99","79.99","79.99","79.99","0.00","","79.99","6","479.94"
"22/06/2026","CAL","0.94","0.61","0.82","0.82","0.82","0.82","0.00","0.78","0.82","881,852","722,038.53"
"22/06/2026","CLYD","2.50","0.46","2.50","2.50","2.50","2.50","0.00","2.74","","0","0.00"
"22/06/2026","CMLT","0.14","0.14","0.14","0.14","0.14","0.14","0.00","0.15","","0","0.00"
"22/06/2026","CPC","0.13","0.05","0.13","0.13","0.13","0.13","0.00","0.14","","0","0.00"
"22/06/2026","DASPHARMA","0.41","0.38","0.41","0.41","0.41","0.41","0.00","0.42","","0","0.00"
"22/06/2026","EGH","57.00","25.00","39.00","39.00","39.00","35.10","-3.90","","35.10","10,030","354,689.40"
"22/06/2026","EGL","12.16","3.48","10.05","10.05","10.05","10.05","0.00","10.05","","3,042","30,572.10"
"22/06/2026","ETI","2.82","0.76","2.28","2.28","2.27","2.26","-0.02","2.20","2.27","128,528","290,963.15"
"22/06/2026","FML","16.35","8.00","13.34","13.34","13.34","13.34","0.00","13.34","","1,557","20,770.38"
"22/06/2026","FAB","8.40","7.71","8.40","8.40","8.40","8.40","0.00","","","0","0.00"
"22/06/2026","GCB","52.00","20.11","36.00","36.00","36.00","36.00","0.00","35.00","36.00","18,470","664,920.00"
"22/06/2026","GGBL","16.50","6.60","12.99","12.99","12.97","12.98","-0.01","","12.97","3,013","39,100.57"
"22/06/2026","GOIL","8.01","2.96","7.50","7.50","7.50","7.50","0.00","","7.50","17,561","131,707.50"
"22/06/2026","KASA","2.10","1.20","1.91","1.91","1.91","2.10","0.19","1.59","","15,796,133","33,171,879.30"
"22/06/2026","MAC","5.20","5.20","5.20","5.20","5.20","5.20","0.00","5.20","","5","26.00"
"22/06/2026","MTNGH","6.80","4.20","6.41","6.41","6.50","6.45","0.04","6.50","6.60","1,667,810","10,768,781.59"
"22/06/2026","PBC**","0.02","0.02","0.02","0.02","0.02","0.02","0.00","","","0","0.00"
"22/06/2026","RBGH","5.58","1.30","4.82","4.82","4.50","4.50","-0.32","4.35","4.50","8,115","36,603.90"
"22/06/2026","SCB","79.41","29.22","71.37","71.37","71.37","71.37","0.00","","71.37","92","6,566.04"
"22/06/2026","SIC","6.03","1.20","5.60","5.60","6.15","5.96","0.36","5.60","6.15","29,336","175,128.85"
"22/06/2026","SOGEGH","11.51","4.49","6.79","6.79","6.79","6.85","0.06","","6.85","5,501","37,545.65"
"22/06/2026","TBL","1.20","1.20","1.20","1.20","1.20","1.20","0.00","1.31","","0","0.00"
"22/06/2026","TOTAL","40.30","32.91","36.00","36.00","36.00","36.00","0.00","36.00","39.60","525","18,900.00"
"22/06/2026","TLW","11.92","11.92","11.92","11.92","13.11","11.92","0.00","11.92","13.11","81","977.42"
"22/06/2026","UNIL","30.00","19.79","29.50","29.50","29.50","29.50","0.00","","29.50","281","8,289.50"
"22/06/2026","ZEN","12.61","5.00","10.00","10.00","10.01","10.01","0.01","10.00","","240,050","2,402,900.00"
"22/06/2026","AADS","0.42","0.42","0.42","0.42","0.42","0.42","0.00","","","0","0.00"
"22/06/2026","SCBPREF","0.90","0.90","0.90","0.90","0.90","0.90","0.00","","","0","0.00"
"22/06/2026","GLD","533.93","466.72","462.00","462.00","462.00","462.00","0.00","462.00","","19","8,778.00"
"22/06/2026","SAMBA","0.55","0.55","0.55","0.55","0.55","0.55","0.00","0.55","","0","0.00"
"22/06/2026","MMH","0.11","0.10","0.11","0.11","0.11","0.11","0.00","0.11","","0","0.00"
"22/06/2026","HORDS","0.11","0.09","0.11","0.11","0.11","0.11","0.00","0.11","","0","0.00"
"22/06/2026","IIL","0.13","0.05","0.13","0.13","0.13","0.13","0.00","0.14","","0","0.00"
"22/06/2026","DIGICUT","0.09","0.09","0.09","0.09","0.09","0.09","0.00","0.09","","0","0.00"
"19/06/2026","ACCESS","46.64","16.20","31.90","31.90","31.90","31.90","0.00","","31.00","5,396","172,132.40"
"19/06/2026","ADB","5.30","5.06","5.30","5.30","5.30","5.30","0.00","5.30","","0","0.00"
"19/06/2026","AGA","37.00","37.00","37.00","37.00","37.00","37.00","0.00","37.00","","0","0.00"
"19/06/2026","**ALW**","0.10","0.10","0.10","0.10","0.10","0.10","0.00","","","0","0.00"
"19/06/2026","ASG","8.89","8.89","8.89","8.89","8.89","8.89","0.00","8.89","","1","8.89"
"19/06/2026","ALLGH","8.46","6.12","8.46","8.46","8.46","8.46","0.00","8.46","","120","1,015.20"
"19/06/2026","BOPP","100.00","55.82","79.99","79.99","79.99","79.99","0.00","","79.99","6","479.94"
"19/06/2026","CAL","0.94","0.61","0.78","0.78","0.82","0.82","0.04","0.75","0.78","205,913","167,252.04"
"19/06/2026","CLYD","2.50","0.46","2.50","2.50","2.50","2.50","0.00","2.74","","0","0.00"
"19/06/2026","CMLT","0.14","0.14","0.14","0.14","0.14","0.14","0.00","0.15","","0","0.00"
"19/06/2026","CPC","0.13","0.05","0.13","0.13","0.13","0.13","0.00","0.14","","0","0.00"
"19/06/2026","DASPHARMA","0.41","0.38","0.41","0.41","0.41","0.41","0.00","0.41","","20","8.20"
"19/06/2026","EGH","57.00","25.00","40.00","40.00","39.00","39.00","-1.00","","39.00","4,323","168,597.00"
"19/06/2026","EGL","12.16","3.48","10.05","10.05","10.05","10.05","0.00","10.05","","4,913","49,375.65"
"19/06/2026","ETI","2.82","0.76","2.20","2.20","2.29","2.28","0.08","2.21","2.25","165,527","377,406.91"
"19/06/2026","FML","16.35","8.00","13.34","13.34","13.34","13.34","0.00","13.34","","360","4,802.40"
"19/06/2026","FAB","8.40","7.71","8.40","8.40","8.40","8.40","0.00","","","0","0.00"
"19/06/2026","GCB","52.00","20.11","36.00","36.00","36.00","36.00","0.00","35.00","36.00","98,700","3,553,200.00"
"19/06/2026","GGBL","16.50","6.60","12.99","12.99","12.98","12.99","0.00","","12.98","0","0.00"
"19/06/2026","GOIL","8.01","2.96","7.49","7.49","7.50","7.50","0.01","7.49","7.50","21,902","164,264.58"
"19/06/2026","KASA","1.91","1.20","1.74","1.74","1.91","1.91","0.17","1.59","","6,865","13,112.15"
"19/06/2026","MAC","5.20","5.20","5.20","5.20","5.20","5.20","0.00","5.20","","1","5.20"
"19/06/2026","MTNGH","6.80","4.20","6.44","6.44","6.46","6.41","-0.03","6.40","6.45","1,884,843","12,099,111.13"
"19/06/2026","PBC**","0.02","0.02","0.02","0.02","0.02","0.02","0.00","","","0","0.00"
"19/06/2026","RBGH","5.58","1.30","4.82","4.82","4.82","4.82","0.00","","4.82","11,403","54,962.46"
"19/06/2026","SCB","79.41","29.22","71.37","71.37","71.37","71.37","0.00","","71.38","253","18,056.61"
"19/06/2026","SIC","6.03","1.20","5.10","5.10","5.60","5.60","0.50","5.10","5.18","26,550","148,680.00"
"19/06/2026","SOGEGH","11.51","4.49","6.79","6.79","6.79","6.79","0.00","","6.80","9,899","67,214.21"
"19/06/2026","TBL","1.20","1.20","1.20","1.20","1.20","1.20","0.00","1.20","","0","0.00"
"19/06/2026","TOTAL","40.30","32.91","36.29","36.29","36.00","36.00","-0.29","36.29","","2,045","73,796.84"
"19/06/2026","TLW","11.92","11.92","11.92","11.92","11.92","11.92","0.00","11.92","13.00","2","23.84"
"19/06/2026","UNIL","30.00","19.79","29.50","29.50","29.50","29.50","0.00","","29.50","410","12,095.00"
"19/06/2026","ZEN","12.61","5.00","10.00","10.00","10.00","10.00","0.00","10.00","","692","6,920.00"
"19/06/2026","AADS","0.42","0.42","0.42","0.42","0.42","0.42","0.00","","","0","0.00"
"19/06/2026","SCBPREF","0.90","0.90","0.90","0.90","0.90","0.90","0.00","","","0","0.00"
"19/06/2026","GLD","533.93","466.72","462.00","462.00","462.00","462.00","0.00","462.00","","0","0.00"
"19/06/2026","SAMBA","0.55","0.55","0.55","0.55","0.55","0.55","0.00","0.55","","0","0.00"
"19/06/2026","MMH","0.11","0.10","0.11","0.11","0.11","0.11","0.00","0.11","","0","0.00"
"19/06/2026","HORDS","0.11","0.09","0.11","0.11","0.11","0.11","0.00","0.11","","684","75.24"
"19/06/2026","IIL","0.13","0.05","0.13","0.13","0.13","0.13","0.00","0.13","","0","0.00"
"19/06/2026","DIGICUT","0.09","0.09","0.09","0.09","0.09","0.09","0.00","0.09","","0","0.00"
"18/06/2026","ACCESS","46.64","16.20","29.00","29.00","31.90","31.90","2.90","","31.00","1,378","43,921.50"
"18/06/2026","ADB","5.30","5.06","5.30","5.30","5.30","5.30","0.00","5.30","","0","0.00"
"18/06/2026","AGA","37.00","37.00","37.00","37.00","37.00","37.00","0.00","37.00","","0","0.00"
"18/06/2026","**ALW**","0.10","0.10","0.10","0.10","0.10","0.10","0.00","","","0","0.00"
"18/06/2026","ASG","8.89","8.89","8.89","8.89","8.89","8.89","0.00","8.89","","0","0.00"
"18/06/2026","ALLGH","8.46","6.12","8.46","8.46","8.46","8.46","0.00","8.46","","224","1,895.04"
"18/06/2026","BOPP","100.00","55.82","79.99","79.99","79.99","79.99","0.00","","79.99","724","57,912.76"
"18/06/2026","CAL","0.94","0.61","0.78","0.78","0.78","0.78","0.00","0.75","0.78","392,831","306,854.96"
"18/06/2026","CLYD","2.50","0.46","2.50","2.50","2.50","2.50","0.00","2.74","","3,012","7,770.00"
"18/06/2026","CMLT","0.14","0.14","0.14","0.14","0.14","0.14","0.00","0.15","","0","0.00"
"18/06/2026","CPC","0.13","0.05","0.13","0.13","0.13","0.13","0.00","0.14","","0","0.00"
"18/06/2026","DASPHARMA","0.41","0.38","0.41","0.41","0.41","0.41","0.00","0.41","","2","0.82"
"18/06/2026","EGH","57.00","25.00","41.00","41.00","39.00","40.00","-1.00","","39.00","4,175","168,161.00"
"18/06/2026","EGL","12.16","3.48","10.05","10.05","10.05","10.05","0.00","10.05","","270","2,713.50"
"18/06/2026","ETI","2.82","0.76","2.20","2.20","2.25","2.20","0.00","2.21","2.25","1,196,533","2,634,465.91"
"18/06/2026","FML","16.35","8.00","13.34","13.34","13.34","13.34","0.00","13.34","","6,137","81,867.58"
"18/06/2026","FAB","8.40","7.71","8.40","8.40","8.40","8.40","0.00","","","0","0.00"
"18/06/2026","GCB","52.00","20.11","36.00","36.00","36.00","36.00","0.00","35.00","36.00","34,021","1,224,768.61"
"18/06/2026","GGBL","16.50","6.60","12.99","12.99","12.98","12.99","0.00","","12.98","999","12,973.38"
"18/06/2026","GOIL","8.01","2.96","7.50","7.50","7.50","7.49","-0.01","7.49","7.50","27,387","205,249.17"
"18/06/2026","KASA","1.74","1.20","1.59","1.59","1.74","1.74","0.15","1.59","","46,054","80,133.96"
"18/06/2026","MAC","5.20","5.20","5.20","5.20","5.20","5.20","0.00","5.20","","0","0.00"
"18/06/2026","MTNGH","6.80","4.20","6.39","6.39","6.45","6.44","0.05","6.40","6.45","389,213","2,508,098.77"
"18/06/2026","PBC**","0.02","0.02","0.02","0.02","0.02","0.02","0.00","","","0","0.00"
"18/06/2026","RBGH","5.58","1.30","4.87","4.87","4.82","4.82","-0.05","","4.82","2,807","13,580.74"
"18/06/2026","SCB","79.41","29.22","71.38","71.38","71.37","71.37","-0.01","","71.38","1,975","140,957.74"
"18/06/2026","SIC","6.03","1.20","5.18","5.18","5.10","5.10","-0.08","5.10","5.18","3,924","20,016.16"
"18/06/2026","SOGEGH","11.51","4.49","6.82","6.82","6.79","6.79","-0.03","","6.80","35,867","243,700.39"
"18/06/2026","TBL","1.20","1.20","1.20","1.20","1.20","1.20","0.00","1.20","","0","0.00"
"18/06/2026","TOTAL","40.30","32.91","36.29","36.29","36.29","36.29","0.00","36.29","","1,309","47,503.61"
"18/06/2026","TLW","11.92","11.92","11.92","11.92","11.92","11.92","0.00","11.92","13.00","1","11.92"
"18/06/2026","UNIL","30.00","19.79","29.50","29.50","29.50","29.50","0.00","","29.50","277","8,171.50"
"18/06/2026","ZEN","12.61","5.00","10.00","10.00","10.00","10.00","0.00","10.00","","3,181","31,810.00"
"18/06/2026","AADS","0.42","0.42","0.42","0.42","0.42","0.42","0.00","","","0","0.00"
"18/06/2026","SCBPREF","0.90","0.90","0.90","0.90","0.90","0.90","0.00","","","0","0.00"
"18/06/2026","GLD","533.93","466.72","462.00","462.00","462.00","462.00","0.00","462.00","","0","0.00"
"18/06/2026","SAMBA","0.55","0.55","0.55","0.55","0.55","0.55","0.00","0.55","","0","0.00"
"18/06/2026","MMH","0.11","0.10","0.11","0.11","0.11","0.11","0.00","0.11","","0","0.00"
"18/06/2026","HORDS","0.11","0.09","0.11","0.11","0.11","0.11","0.00","0.11","","2,029","223.19"
"18/06/2026","IIL","0.13","0.05","0.12","0.12","0.13","0.13","0.01","0.13","","5,002","650.26"
"18/06/2026","DIGICUT","0.09","0.09","0.09","0.09","0.09","0.09","0.00","0.09","","0","0.00"
"17/06/2026","ACCESS","46.64","16.20","29.00","29.00","29.00","29.00","0.00","29.00","","76","2,204.00"
"17/06/2026","ADB","5.30","5.06","5.30","5.30","5.30","5.30","0.00","5.30","","0","0.00"
"17/06/2026","AGA","37.00","37.00","37.00","37.00","37.00","37.00","0.00","40.70","","0","0.00"
"17/06/2026","**ALW**","0.10","0.10","0.10","0.10","0.10","0.10","0.00","","","0","0.00"
"17/06/2026","ASG","8.89","8.89","8.89","8.89","8.89","8.89","0.00","8.89","","0","0.00"
"17/06/2026","ALLGH","8.46","6.12","8.46","8.46","8.46","8.46","0.00","8.46","","641","5,422.86"
"17/06/2026","BOPP","100.00","55.82","79.99","79.99","80.00","79.99","0.00","79.99","","0","0.00"
"17/06/2026","CAL","0.94","0.61","0.77","0.77","0.79","0.78","0.01","0.79","0.81","504,455","394,658.00"
"17/06/2026","CLYD","2.50","0.46","2.50","2.50","2.50","2.50","0.00","2.55","","0","0.00"
"17/06/2026","CMLT","0.14","0.14","0.14","0.14","0.14","0.14","0.00","0.14","","0","0.00"
"17/06/2026","CPC","0.13","0.05","0.13","0.13","0.13","0.13","0.00","0.13","","0","0.00"
"17/06/2026","DASPHARMA","0.41","0.38","0.41","0.41","0.41","0.41","0.00","0.41","","0","0.00"
"17/06/2026","EGH","57.00","25.00","41.00","41.00","41.00","41.00","0.00","","41.00","253","10,373.00"
"17/06/2026","EGL","12.16","3.48","10.05","10.05","10.05","10.05","0.00","10.05","","42","422.10"
"17/06/2026","ETI","2.82","0.76","2.29","2.29","2.20","2.20","-0.09","2.20","2.24","173,702","383,875.69"
"17/06/2026","FML","16.35","8.00","13.34","13.34","13.34","13.34","0.00","","13.34","2,483","33,123.22"
"17/06/2026","FAB","8.40","7.71","8.40","8.40","8.40","8.40","0.00","","","0","0.00"
"17/06/2026","GCB","52.00","20.11","36.00","36.00","36.00","36.00","0.00","35.00","36.00","466,600","16,797,600.00"
"17/06/2026","GGBL","16.50","6.60","12.99","12.99","12.99","12.99","0.00","","12.99","1,254","16,289.46"
"17/06/2026","GOIL","8.01","2.96","7.50","7.50","7.50","7.50","0.00","","7.50","16,666","124,995.00"
"17/06/2026","KASA","1.59","1.20","1.45","1.45","1.59","1.59","0.14","1.59","","2,378","3,781.02"
"17/06/2026","MAC","5.20","5.20","5.20","5.20","5.20","5.20","0.00","5.20","","0","0.00"
"17/06/2026","MTNGH","6.80","4.20","6.42","6.42","6.40","6.39","-0.03","6.38","6.40","2,239,198","14,316,486.68"
"17/06/2026","PBC**","0.02","0.02","0.02","0.02","0.02","0.02","0.00","","","0","0.00"
"17/06/2026","RBGH","5.58","1.30","4.87","4.87","4.85","4.87","0.00","4.81","4.82","0","0.00"
"17/06/2026","SCB","79.41","29.22","71.38","71.38","71.38","71.38","0.00","","71.38","734","52,392.92"
"17/06/2026","SIC","6.03","1.20","5.18","5.18","4.94","5.18","0.00","","5.18","17,544","90,877.92"
"17/06/2026","SOGEGH","11.51","4.49","6.85","6.85","6.80","6.82","-0.03","","6.80","37,071","252,782.20"
"17/06/2026","TBL","1.20","1.20","1.20","1.20","1.20","1.20","0.00","1.32","","0","0.00"
"17/06/2026","TOTAL","40.30","32.91","36.30","36.30","36.30","36.29","-0.01","36.30","","1,152","41,809.32"
"17/06/2026","TLW","11.92","11.92","11.92","11.92","11.92","11.92","0.00","11.92","13.00","39","464.88"
"17/06/2026","UNIL","30.00","19.79","29.50","29.50","29.50","29.50","0.00","","29.50","1,059","31,240.50"
"17/06/2026","ZEN","12.61","5.00","10.00","10.00","10.00","10.00","0.00","10.00","","17,330","173,300.00"
"17/06/2026","AADS","0.42","0.42","0.42","0.42","0.42","0.42","0.00","0.42","","0","0.00"
"17/06/2026","SCBPREF","0.90","0.90","0.90","0.90","0.90","0.90","0.00","0.90","","0","0.00"
"17/06/2026","GLD","533.93","466.72","462.00","462.00","462.00","462.00","0.00","462.00","","4","1,848.00"
"17/06/2026","SAMBA","0.55","0.55","0.55","0.55","0.55","0.55","0.00","0.55","","0","0.00"
"17/06/2026","MMH","0.10","0.10","0.10","0.10","0.10","0.10","0.00","0.11","","1","0.11"
"17/06/2026","HORDS","0.11","0.09","0.11","0.11","0.11","0.11","0.00","0.11","","546","60.06"
"17/06/2026","IIL","0.08","0.05","0.08","0.08","0.08","0.08","0.00","0.12","","882","105.84"
"17/06/2026","DIGICUT","0.09","0.09","0.09","0.09","0.09","0.09","0.00","0.09","","0","0.00"
"16/06/2026","ACCESS","46.64","16.20","29.00","29.00","29.00","29.00","0.00","29.00","","1,001","29,029.00"
"16/06/2026","ADB","5.30","5.06","5.30","5.30","5.30","5.30","0.00","5.30","","0","0.00"
"16/06/2026","AGA","37.00","37.00","37.00","37.00","37.00","37.00","0.00","37.00","","0","0.00"
"16/06/2026","**ALW**","0.10","0.10","0.10","0.10","0.10","0.10","0.00","","","0","0.00"
"16/06/2026","ASG","8.89","8.89","8.89","8.89","8.89","8.89","0.00","8.89","","2","17.78"
"16/06/2026","ALLGH","8.46","6.12","8.46","8.46","8.46","8.46","0.00","8.46","","434","3,671.64"
"16/06/2026","BOPP","100.00","55.82","79.99","79.99","80.00","79.99","0.00","79.99","","0","0.00"
"16/06/2026","CAL","0.94","0.61","0.77","0.77","0.77","0.77","0.00","0.70","0.77","310,013","238,710.01"
"16/06/2026","CLYD","2.50","0.46","2.50","2.50","2.50","2.50","0.00","2.60","","0","0.00"
"16/06/2026","CMLT","0.14","0.14","0.14","0.14","0.14","0.14","0.00","0.15","","0","0.00"
"16/06/2026","CPC","0.13","0.05","0.13","0.13","0.13","0.13","0.00","0.14","","0","0.00"
"16/06/2026","DASPHARMA","0.41","0.38","0.41","0.41","0.41","0.41","0.00","0.41","","0","0.00"
"16/06/2026","EGH","57.00","25.00","41.00","41.00","41.00","41.00","0.00","","41.00","284","11,644.00"
"16/06/2026","EGL","12.16","3.48","10.05","10.05","10.05","10.05","0.00","10.05","","9,249","92,952.45"
"16/06/2026","ETI","2.82","0.76","2.25","2.25","2.26","2.29","0.04","2.26","2.37","76,977","175,439.04"
"16/06/2026","FML","16.35","8.00","13.34","13.34","13.34","13.34","0.00","13.34","","202","2,694.68"
"16/06/2026","FAB","8.40","7.71","7.97","7.97","8.40","8.40","0.43","7.97","","8,309","69,741.42"
"16/06/2026","GCB","52.00","20.11","36.00","36.00","36.00","36.00","0.00","35.00","36.00","11,494","413,684.00"
"16/06/2026","GGBL","16.50","6.60","12.99","12.99","12.99","12.99","0.00","","12.99","416","5,403.84"
"16/06/2026","GOIL","8.01","2.96","7.50","7.50","7.50","7.50","0.00","","7.50","2,366","17,745.00"
"16/06/2026","KASA","1.45","1.20","1.32","1.32","1.45","1.45","0.13","1.45","","2,455","3,559.75"
"16/06/2026","MAC","5.20","5.20","5.20","5.20","5.20","5.20","0.00","5.20","","0","0.00"
"16/06/2026","MTNGH","6.80","4.20","6.45","6.45","6.45","6.42","-0.03","6.40","6.45","488,128","3,137,057.00"
"16/06/2026","PBC**","0.02","0.02","0.02","0.02","0.02","0.02","0.00","","","0","0.00"
"16/06/2026","RBGH","5.58","1.30","5.00","5.00","4.85","4.87","-0.13","","4.85","7,893","38,554.65"
"16/06/2026","SCB","79.41","29.22","71.38","71.38","71.38","71.38","0.00","71.38","","2","142.76"
"16/06/2026","SIC","6.03","1.20","5.18","5.18","4.94","5.18","0.00","5.18","","13,084","67,775.12"
"16/06/2026","SOGEGH","11.51","4.49","6.80","6.80","6.90","6.85","0.05","6.80","6.90","9,476","64,736.80"
"16/06/2026","TBL","1.20","1.20","1.20","1.20","1.20","1.20","0.00","1.20","","0","0.00"
"16/06/2026","TOTAL","40.30","32.91","36.30","36.30","36.30","36.30","0.00","36.30","","1,456","52,852.80"
"16/06/2026","TLW","11.92","11.92","11.92","11.92","11.92","11.92","0.00","11.92","13.00","60","726.00"
"16/06/2026","UNIL","30.00","19.79","29.50","29.50","29.50","29.50","0.00","","29.50","248","7,316.00"
"16/06/2026","ZEN","12.61","5.00","10.00","10.00","10.00","10.00","0.00","9.00","","40,316","403,160.00"
"16/06/2026","AADS","0.42","0.42","0.42","0.42","0.42","0.42","0.00","0.46","","841","353.22"
"16/06/2026","SCBPREF","0.90","0.90","0.90","0.90","0.90","0.90","0.00","","","0","0.00"
"16/06/2026","GLD","533.93","466.72","462.03","462.03","462.00","462.00","-0.03","462.00","","2","924.00"
"16/06/2026","SAMBA","0.55","0.55","0.55","0.55","0.55","0.55","0.00","0.55","","0","0.00"
"16/06/2026","MMH","0.10","0.10","0.10","0.10","0.10","0.10","0.00","0.11","","0","0.00"
"16/06/2026","HORDS","0.11","0.09","0.11","0.11","0.11","0.11","0.00","0.11","","103","11.33"
"16/06/2026","IIL","0.08","0.05","0.08","0.08","0.08","0.08","0.00","0.12","","5,108","612.96"
"16/06/2026","DIGICUT","0.09","0.09","0.09","0.09","0.09","0.09","0.00","0.09","","0","0.00"
"15/06/2026","ACCESS","46.64","16.20","29.00","29.00","29.00","29.00","0.00","29.00","","396","11,484.00"
"15/06/2026","ADB","5.30","5.06","5.30","5.30","5.30","5.30","0.00","5.30","","5","26.50"
"15/06/2026","AGA","37.00","37.00","37.00","37.00","37.00","37.00","0.00","37.00","","0","0.00"
"15/06/2026","**ALW**","0.10","0.10","0.10","0.10","0.10","0.10","0.00","","","0","0.00"
"15/06/2026","ASG","8.89","8.89","8.89","8.89","8.89","8.89","0.00","8.89","","5","44.45"
"15/06/2026","ALLGH","8.46","6.12","8.46","8.46","8.46","8.46","0.00","","","22,249","188,226.54"
"15/06/2026","BOPP","100.00","55.82","80.00","80.00","80.00","79.99","-0.01","79.99","80.00","3,026","242,050.00"
"15/06/2026","CAL","0.94","0.61","0.77","0.77","0.77","0.77","0.00","0.83","","362,501","279,392.55"
"15/06/2026","CLYD","2.50","0.46","2.45","2.45","2.50","2.50","0.05","2.69","","1,087","2,717.50"
"15/06/2026","CMLT","0.14","0.14","0.14","0.14","0.14","0.14","0.00","0.15","","0","0.00"
"15/06/2026","CPC","0.13","0.05","0.13","0.13","0.13","0.13","0.00","0.14","","1,310","183.40"
"15/06/2026","DASPHARMA","0.41","0.38","0.41","0.41","0.41","0.41","0.00","0.41","","158","64.78"
"15/06/2026","EGH","57.00","25.00","41.00","41.00","41.00","41.00","0.00","","41.00","2,395","98,195.00"
"15/06/2026","EGL","12.16","3.48","10.05","10.05","10.05","10.05","0.00","10.05","","4,505","45,275.25"
"15/06/2026","ETI","2.82","0.76","2.09","2.09","2.29","2.25","0.16","2.29","","387,529","873,525.28"
"15/06/2026","FML","16.35","8.00","13.34","13.34","13.34","13.34","0.00","","13.34","4,449","59,349.66"
"15/06/2026","FAB","7.97","7.71","7.97","7.97","7.97","7.97","0.00","7.97","","0","0.00"
"15/06/2026","GCB","52.00","20.11","36.00","36.00","36.00","36.00","0.00","35.00","36.00","793,567","28,568,412.00"
"15/06/2026","GGBL","16.50","6.60","12.99","12.99","12.99","12.99","0.00","","12.99","2,965","38,515.35"
"15/06/2026","GOIL","8.01","2.96","7.50","7.50","7.50","7.50","0.00","","7.50","26,773","200,797.50"
"15/06/2026","KASA","1.32","1.20","1.20","1.20","1.32","1.32","0.12","1.32","","279,318","368,699.76"
"15/06/2026","MAC","5.20","5.20","5.20","5.20","5.20","5.20","0.00","5.20","","0","0.00"
"15/06/2026","MTNGH","6.80","4.20","6.42","6.42","6.48","6.45","0.03","6.42","6.48","2,302,263","14,857,303.42"
"15/06/2026","PBC**","0.02","0.02","0.02","0.02","0.02","0.02","0.00","","","0","0.00"
"15/06/2026","RBGH","5.58","1.30","5.00","5.00","5.00","5.00","0.00","4.85","5.00","5,775","28,875.00"
"15/06/2026","SCB","79.41","29.22","71.38","71.38","71.38","71.38","0.00","","71.38","210","14,989.80"
"15/06/2026","SIC","6.03","1.20","4.93","4.93","4.94","5.18","0.25","4.94","","33,539","172,107.95"
"15/06/2026","SOGEGH","11.51","4.49","6.80","6.80","6.80","6.80","0.00","","6.80","27,029","183,797.20"
"15/06/2026","TBL","1.20","1.20","1.20","1.20","1.20","1.20","0.00","1.20","","0","0.00"
"15/06/2026","TOTAL","40.30","32.91","36.30","36.30","36.30","36.30","0.00","36.30","","0","0.00"
"15/06/2026","TLW","11.92","11.92","11.92","11.92","11.92","11.92","0.00","11.92","","61","727.12"
"15/06/2026","UNIL","30.00","19.79","29.50","29.50","29.50","29.50","0.00","","29.50","1,357","40,031.50"
"15/06/2026","ZEN","12.61","5.00","10.00","10.00","10.00","10.00","0.00","","10.00","9,977","99,770.00"
"15/06/2026","AADS","0.42","0.42","0.42","0.42","0.42","0.42","0.00","0.46","","0","0.00"
"15/06/2026","SCBPREF","0.90","0.90","0.90","0.90","0.90","0.90","0.00","","","0","0.00"
"15/06/2026","GLD","533.93","466.72","462.03","462.03","462.00","462.03","0.00","462.03","","16","7,392.48"
"15/06/2026","SAMBA","0.55","0.55","0.55","0.55","0.55","0.55","0.00","0.55","","0","0.00"
"15/06/2026","MMH","0.10","0.10","0.10","0.10","0.10","0.10","0.00","0.11","","0","0.00"
"15/06/2026","HORDS","0.11","0.09","0.11","0.11","0.11","0.11","0.00","0.11","","289","31.79"
"15/06/2026","IIL","0.08","0.05","0.08","0.08","0.08","0.08","0.00","0.11","0.12","1,457","160.27"
"15/06/2026","DIGICUT","0.09","0.09","0.09","0.09","0.09","0.09","0.00","0.09","","0","0.00"
"12/06/2026","ACCESS","46.64","16.20","27.60","27.60","29.00","29.00","1.40","27.60","29.00","1,953","56,508.20"
"12/06/2026","ADB","5.30","5.06","5.30","5.30","5.30","5.30","0.00","5.30","","0","0.00"
"12/06/2026","AGA","37.00","37.00","37.00","37.00","37.00","37.00","0.00","40.70","","0","0.00"
"12/06/2026","**ALW**","0.10","0.10","0.10","0.10","0.10","0.10","0.00","","","0","0.00"
"12/06/2026","ASG","8.89","8.89","8.89","8.89","8.89","8.89","0.00","8.89","","1","8.89"
"12/06/2026","ALLGH","8.46","6.12","8.46","8.46","8.46","8.46","0.00","","8.46","12,177","103,017.42"
"12/06/2026","BOPP","100.00","55.82","80.00","80.00","80.00","80.00","0.00","","80.00","1,051","84,168.00"
"12/06/2026","CAL","0.94","0.61","0.78","0.78","0.77","0.77","-0.01","0.75","0.77","1,420,857","1,094,898.22"
"12/06/2026","CLYD","2.45","0.46","2.24","2.24","2.45","2.45","0.21","2.24","","14,986","36,715.70"
"12/06/2026","CMLT","0.14","0.14","0.14","0.14","0.14","0.14","0.00","0.15","","0","0.00"
"12/06/2026","CPC","0.13","0.05","0.12","0.12","0.13","0.13","0.01","0.13","","160,000","20,800.00"
"12/06/2026","DASPHARMA","0.41","0.38","0.41","0.41","0.41","0.41","0.00","0.42","","0","0.00"
"12/06/2026","EGH","57.00","25.00","41.70","41.70","41.00","41.00","-0.70","41.00","41.70","1,422","58,316.70"
"12/06/2026","EGL","12.16","3.48","10.05","10.05","10.05","10.05","0.00","","10.05","73,226","736,147.88"
"12/06/2026","ETI","2.82","0.76","1.91","1.91","2.09","2.09","0.18","2.10","2.10","375,323","784,460.10"
"12/06/2026","FML","16.35","8.00","13.31","13.31","13.34","13.34","0.03","13.31","13.34","8,646","115,106.25"
"12/06/2026","FAB","7.97","7.71","7.97","7.97","7.97","7.97","0.00","7.97","","0","0.00"
"12/06/2026","GCB","52.00","20.11","36.00","36.00","36.00","36.00","0.00","35.00","36.00","1,521,998","54,791,928.00"
"12/06/2026","GGBL","16.50","6.60","14.25","14.25","12.99","12.99","-1.26","","12.99","3,127","42,940.12"
"12/06/2026","GOIL","8.01","2.96","7.50","7.50","7.50","7.50","0.00","7.30","7.50","48,000","360,000.00"
"12/06/2026","MAC","5.20","5.20","5.20","5.20","5.20","5.20","0.00","5.20","","0","0.00"
"12/06/2026","MTNGH","6.80","4.20","6.47","6.47","6.42","6.42","-0.05","6.40","6.42","4,912,881","31,536,457.13"
"12/06/2026","PBC**","0.02","0.02","0.02","0.02","0.02","0.02","0.00","","","0","0.00"
"12/06/2026","RBGH","5.58","1.30","5.00","5.00","5.00","5.00","0.00","4.80","5.00","11,552","57,760.00"
"12/06/2026","SCB","79.41","29.22","71.38","71.38","71.38","71.38","0.00","","71.38","278","19,843.64"
"12/06/2026","SIC","6.03","1.20","4.49","4.49","4.93","4.93","0.44","4.93","","68,218","336,180.75"
"12/06/2026","SOGEGH","11.51","4.49","6.61","6.61","6.80","6.80","0.19","6.50","6.80","34,614","235,295.62"
"12/06/2026","TBL","1.20","1.20","1.20","1.20","1.20","1.20","0.00","1.32","","0","0.00"
"12/06/2026","TOTAL","40.30","32.91","36.00","36.00","36.30","36.30","0.30","36.30","","2,691","97,683.30"
"12/06/2026","TLW","11.92","11.92","11.92","11.92","11.92","11.92","0.00","11.92","","29","345.68"
"12/06/2026","UNIL","30.00","19.79","29.50","29.50","29.50","29.50","0.00","","29.50","579","17,080.50"
"12/06/2026","ZEN","12.61","5.00","10.00","10.00","10.00","10.00","0.00","10.00","","30,296","302,960.00"
"12/06/2026","AADS","0.42","0.42","0.42","0.42","0.42","0.42","0.00","0.46","","0","0.00"
"12/06/2026","SCBPREF","0.90","0.90","0.90","0.90","0.90","0.90","0.00","0.90","","0","0.00"
"12/06/2026","GLD","533.93","466.72","473.48","473.48","462.00","462.03","-11.45","473.00","","17,847","8,245,798.00"
"12/06/2026","SAMBA","0.55","0.55","0.55","0.55","0.55","0.55","0.00","0.55","","0","0.00"
"12/06/2026","MMH","0.10","0.10","0.10","0.10","0.10","0.10","0.00","0.11","","32","3.52"
"12/06/2026","HORDS","0.11","0.09","0.11","0.11","0.11","0.11","0.00","0.11","","710","78.10"
"12/06/2026","IIL","0.08","0.05","0.08","0.08","0.08","0.08","0.00","0.11","0.12","1,788","208.94"
"12/06/2026","DIGICUT","0.09","0.09","0.09","0.09","0.09","0.09","0.00","0.09","","0","0.00"
"11/06/2026","ACCESS","46.64","16.20","27.60","27.60","27.60","27.60","0.00","27.60","29.00","662","18,271.20"
"11/06/2026","ADB","5.30","5.06","5.30","5.30","5.30","5.30","0.00","5.30","","4","21.20"
"11/06/2026","AGA","37.00","37.00","37.00","37.00","37.00","37.00","0.00","40.70","","0","0.00"
"11/06/2026","**ALW**","0.10","0.10","0.10","0.10","0.10","0.10","0.00","","","0","0.00"
"11/06/2026","ASG","8.89","8.89","8.89","8.89","8.89","8.89","0.00","8.89","","2","17.78"
"11/06/2026","ALLGH","8.46","6.12","8.46","8.46","8.46","8.46","0.00","8.40","8.46","1,045","8,840.70"
"11/06/2026","BOPP","100.00","55.82","80.00","80.00","80.00","80.00","0.00","80.00","","76","6,080.00"
"11/06/2026","CAL","0.94","0.61","0.77","0.77","0.80","0.78","0.01","0.76","0.77","357,357","278,585.80"
"11/06/2026","CLYD","2.04","0.46","2.24","2.24","2.24","2.24","0.00","2.24","","200","448.00"
"11/06/2026","CMLT","0.14","0.14","0.14","0.14","0.14","0.14","0.00","0.15","","0","0.00"
"11/06/2026","CPC","0.12","0.05","0.12","0.12","0.12","0.12","0.00","0.13","","0","0.00"
"11/06/2026","DASPHARMA","0.41","0.38","0.41","0.41","0.41","0.41","0.00","0.42","","0","0.00"
"11/06/2026","EGH","57.00","25.00","41.70","41.70","41.00","41.70","0.00","","41.70","810","33,777.00"
"11/06/2026","EGL","12.16","3.48","10.05","10.05","10.05","10.05","0.00","10.02","10.05","1,128","11,329.77"
"11/06/2026","ETI","2.82","0.76","1.85","1.85","2.00","1.91","0.06","1.90","","41,401","78,937.87"
"11/06/2026","FML","16.35","8.00","13.31","13.31","13.30","13.31","0.00","13.30","13.34","1,387","18,460.97"
"11/06/2026","FAB","7.97","7.71","7.97","7.97","7.97","7.97","0.00","7.90","","0","0.00"
"11/06/2026","GCB","52.00","20.11","36.00","36.00","36.00","36.00","0.00","35.00","36.00","3,012","108,432.00"
"11/06/2026","GGBL","16.50","6.60","14.25","14.25","14.25","14.25","0.00","","14.25","182","2,593.50"
"11/06/2026","GOIL","8.01","2.96","7.50","7.50","7.50","7.50","0.00","7.50","","1,165","8,737.50"
"11/06/2026","MAC","5.20","5.20","5.20","5.20","5.20","5.20","0.00","5.20","","0","0.00"
"11/06/2026","MTNGH","6.80","4.20","6.46","6.46","6.47","6.47","0.01","6.47","6.47","236,423","1,529,228.75"
"11/06/2026","PBC**","0.02","0.02","0.02","0.02","0.02","0.02","0.00","","","0","0.00"
"11/06/2026","RBGH","5.58","1.30","5.00","5.00","5.00","5.00","0.00","","5.00","1,584","7,920.00"
"11/06/2026","SCB","79.41","29.22","71.38","71.38","71.38","71.38","0.00","","71.38","9","642.42"
"11/06/2026","SIC","6.03","1.20","4.49","4.49","4.48","4.49","0.00","4.45","4.49","9,684","43,481.16"
"11/06/2026","SOGEGH","11.51","4.49","6.61","6.61","6.62","6.61","0.00","6.62","6.80","829","5,479.69"
"11/06/2026","TBL","1.20","1.20","1.20","1.20","1.20","1.20","0.00","1.32","","0","0.00"
"11/06/2026","TOTAL","40.30","32.91","36.00","36.00","36.00","36.00","0.00","36.00","36.30","706","25,416.00"
"11/06/2026","TLW","11.92","11.92","11.92","11.92","11.92","11.92","0.00","11.92","","0","0.00"
"11/06/2026","UNIL","30.00","19.79","29.50","29.50","29.50","29.50","0.00","","29.50","50","1,475.00"
"11/06/2026","ZEN","12.61","5.00","10.00","10.00","10.00","10.00","0.00","9.00","10.00","1","10.00"
"11/06/2026","AADS","0.42","0.42","0.42","0.42","0.42","0.42","0.00","0.46","","0","0.00"
"11/06/2026","SCBPREF","0.90","0.90","0.90","0.90","0.90","0.90","0.00","0.90","","0","0.00"
"11/06/2026","GLD","533.93","466.72","473.48","473.48","472.00","473.48","0.00","","","7","3,314.36"
"11/06/2026","SAMBA","0.55","0.55","0.55","0.55","0.55","0.55","0.00","0.55","","0","0.00"
"11/06/2026","MMH","0.10","0.10","0.10","0.10","0.10","0.10","0.00","0.11","","0","0.00"
"11/06/2026","HORDS","0.11","0.09","0.11","0.11","0.11","0.11","0.00","0.11","","0","0.00"
"11/06/2026","IIL","0.08","0.05","0.08","0.08","0.08","0.08","0.00","0.11","","500","55.00"
"11/06/2026","DIGICUT","0.09","0.09","0.09","0.09","0.09","0.09","0.00","0.09","","0","0.00"
"10/06/2026","ACCESS","46.64","16.20","27.60","27.60","27.60","27.60","0.00","27.60","29.00","236","6,513.60"
"10/06/2026","ADB","5.30","5.06","5.30","5.30","5.30","5.30","0.00","5.30","","0","0.00"
"10/06/2026","AGA","37.00","37.00","37.00","37.00","37.00","37.00","0.00","40.70","","0","0.00"
"10/06/2026","**ALW**","0.10","0.10","0.10","0.10","0.10","0.10","0.00","","","10,272","86,901.12"
"10/06/2026","ASG","8.89","8.89","8.89","8.89","8.89","8.89","0.00","8.89","","1","8.89"
"10/06/2026","ALLGH","8.46","6.12","8.46","8.46","8.46","8.46","0.00","8.40","8.46","0","0.00"
"10/06/2026","BOPP","100.00","55.82","80.00","80.00","80.00","80.00","0.00","80.00","","557","44,560.00"
"10/06/2026","CAL","0.94","0.61","0.79","0.79","0.77","0.77","-0.02","0.76","0.77","1,356,050","1,045,581.98"
"10/06/2026","CLYD","2.04","0.46","2.04","2.04","2.24","2.24","0.20","2.24","","1,000","2,240.00"
"10/06/2026","CMLT","0.14","0.14","0.14","0.14","0.14","0.14","0.00","0.15","","0","0.00"
"10/06/2026","CPC","0.12","0.05","0.12","0.12","0.12","0.12","0.00","0.13","","0","0.00"
"10/06/2026","DASPHARMA","0.41","0.38","0.41","0.41","0.41","0.41","0.00","0.42","","0","0.00"
"10/06/2026","EGH","57.00","25.00","41.70","41.70","41.00","41.70","0.00","","41.70","3,420","142,614.00"
"10/06/2026","EGL","12.16","3.48","10.02","10.02","10.05","10.05","0.03","10.02","10.05","7,320","73,456.20"
"10/06/2026","ETI","2.82","0.76","1.74","1.74","1.90","1.85","0.11","1.90","","46,713","86,317.79"
"10/06/2026","FML","16.35","8.00","13.30","13.30","13.30","13.31","0.01","13.30","13.34","5,374","71,507.92"
"10/06/2026","FAB","7.97","7.71","7.97","7.97","7.97","7.97","0.00","7.90","","0","0.00"
"10/06/2026","GCB","52.00","20.11","36.00","36.00","36.00","36.00","0.00","35.00","36.00","50,824","1,829,664.00"
"10/06/2026","GGBL","16.50","6.60","14.50","14.50","14.25","14.25","-0.25","","14.25","937","13,352.25"
"10/06/2026","GOIL","8.01","2.96","7.50","7.50","7.50","7.50","0.00","7.50","","28,997","217,477.50"
"10/06/2026","MAC","5.20","5.20","5.20","5.20","5.20","5.20","0.00","5.20","","0","0.00"
"10/06/2026","MTNGH","6.80","4.20","6.47","6.47","6.48","6.46","-0.01","6.47","6.47","1,450,030","9,368,561.08"
"10/06/2026","PBC**","0.02","0.02","0.02","0.02","0.02","0.02","0.00","","","0","0.00"
"10/06/2026","RBGH","5.58","1.30","5.00","5.00","5.00","5.00","0.00","","5.00","16,056","80,280.00"
"10/06/2026","SCB","79.41","29.22","71.38","71.38","71.38","71.38","0.00","","71.38","250","17,845.00"
"10/06/2026","SIC","6.03","1.20","4.49","4.49","4.48","4.49","0.00","4.45","4.49","93,273","418,645.77"
"10/06/2026","SOGEGH","11.51","4.49","6.51","6.51","6.62","6.61","0.10","6.62","6.80","11,184","73,909.25"
"10/06/2026","TBL","1.20","1.20","1.20","1.20","1.20","1.20","0.00","1.32","","0","0.00"
"10/06/2026","TOTAL","40.30","32.91","33.00","33.00","36.00","36.00","3.00","36.00","36.30","2,367","84,765.00"
"10/06/2026","TLW","11.92","11.92","11.92","11.92","11.92","11.92","0.00","11.92","","0","0.00"
"10/06/2026","UNIL","30.00","19.79","29.50","29.50","29.50","29.50","0.00","","29.50","1,843","54,368.50"
"10/06/2026","ZEN","12.61","5.00","10.00","10.00","10.00","10.00","0.00","9.00","10.00","2,097,320","10,973,200.00"
"10/06/2026","AADS","0.42","0.42","0.42","0.42","0.42","0.42","0.00","0.46","","0","0.00"
"10/06/2026","SCBPREF","0.90","0.90","0.90","0.90","0.90","0.90","0.00","0.90","","0","0.00"
"10/06/2026","GLD","533.93","466.72","498.90","498.90","472.00","473.48","-25.42","","","6,650","3,148,643.97"
"10/06/2026","SAMBA","0.55","0.55","0.55","0.55","0.55","0.55","0.00","0.55","","0","0.00"
"10/06/2026","MMH","0.10","0.10","0.10","0.10","0.10","0.10","0.00","0.11","","0","0.00"
"10/06/2026","HORDS","0.11","0.09","0.11","0.11","0.11","0.11","0.00","0.11","","254,419","27,986.09"
"10/06/2026","IIL","0.08","0.05","0.08","0.08","0.08","0.08","0.00","0.11","","100","11.00"
"10/06/2026","DIGICUT","0.09","0.09","0.09","0.09","0.09","0.09","0.00","0.09","","0","0.00"
"09/06/2026","ACCESS","46.64","16.20","27.60","27.60","27.60","27.60","0.00","26.50","27.60","6,605","182,298.00"
"09/06/2026","ADB","5.30","5.06","5.30","5.30","5.30","5.30","0.00","5.30","","0","0.00"
"09/06/2026","AGA","37.00","37.00","37.00","37.00","37.00","37.00","0.00","40.70","","0","0.00"
"09/06/2026","**ALW**","0.10","0.10","0.10","0.10","0.10","0.10","0.00","","","0","0.00"
"09/06/2026","ASG","8.89","8.89","8.89","8.89","8.89","8.89","0.00","8.89","","2","17.78"
"09/06/2026","ALLGH","8.46","6.12","8.46","8.46","8.46","8.46","0.00","8.40","8.46","6,058","51,250.68"
"09/06/2026","BOPP","100.00","55.82","80.00","80.00","80.00","80.00","0.00","","80.00","680","54,400.00"
"09/06/2026","CAL","0.94","0.61","0.77","0.77","0.75","0.79","0.02","0.74","0.75","865,546","684,010.37"
"09/06/2026","CLYD","2.04","0.46","2.04","2.04","2.04","2.04","0.00","2.05","","0","0.00"
"09/06/2026","CMLT","0.14","0.14","0.14","0.14","0.14","0.14","0.00","0.15","","0","0.00"
"09/06/2026","CPC","0.12","0.05","0.12","0.12","0.12","0.12","0.00","0.13","","0","0.00"
"09/06/2026","DASPHARMA","0.41","0.38","0.41","0.41","0.41","0.41","0.00","0.42","","0","0.00"
"09/06/2026","EGH","57.00","25.00","41.70","41.70","41.00","41.70","0.00","","41.70","2,428","101,247.60"
"09/06/2026","EGL","12.16","3.48","10.03","10.03","10.02","10.02","-0.01","","10.02","1,247","12,495.02"
"09/06/2026","ETI","2.82","0.76","1.67","1.67","1.80","1.74","0.07","1.80","","315,668","543,906.76"
"09/06/2026","FML","16.35","8.00","13.30","13.30","13.30","13.30","0.00","","13.30","167","2,221.10"
"09/06/2026","FAB","7.97","7.71","7.97","7.97","7.97","7.97","0.00","7.90","","0","0.00"
"09/06/2026","GCB","52.00","20.11","36.00","36.00","36.00","36.00","0.00","36.00","38.00","90,785","3,268,260.00"
"09/06/2026","GGBL","16.50","6.60","14.50","14.50","14.40","14.50","0.00","","14.30","4,413","63,865.10"
"09/06/2026","GOIL","8.01","2.96","7.50","7.50","7.50","7.50","0.00","7.30","7.50","17,949","134,617.50"
"09/06/2026","MAC","5.20","5.20","5.20","5.20","5.20","5.20","0.00","5.20","","3","15.60"
"09/06/2026","MTNGH","6.80","4.20","6.47","6.47","6.48","6.47","0.00","6.47","6.50","1,058,892","6,854,685.24"
"09/06/2026","PBC**","0.02","0.02","0.02","0.02","0.02","0.02","0.00","","","0","0.00"
"09/06/2026","RBGH","5.58","1.30","5.09","5.09","5.00","5.00","-0.09","","5.00","3,271","16,355.00"
"09/06/2026","SCB","79.41","29.22","71.38","71.38","71.38","71.38","0.00","","","20,026","1,429,455.88"
"09/06/2026","SIC","6.03","1.20","4.49","4.49","4.48","4.49","0.00","4.34","4.48","136,410","612,331.25"
"09/06/2026","SOGEGH","11.51","4.49","6.42","6.42","6.51","6.51","0.09","6.51","6.60","13,255","86,172.27"
"09/06/2026","TBL","1.20","1.20","1.20","1.20","1.20","1.20","0.00","1.32","","0","0.00"
"09/06/2026","TOTAL","40.30","32.91","33.00","33.00","33.00","33.00","0.00","","33.00","3,205","105,765.00"
"09/06/2026","TLW","11.92","11.92","11.92","11.92","11.92","11.92","0.00","11.92","","0","0.00"
"09/06/2026","UNIL","30.00","19.79","29.50","29.50","29.50","29.50","0.00","","29.50","1,536","45,312.00"
"09/06/2026","ZEN","12.61","5.00","10.00","10.00","10.00","10.00","0.00","9.50","10.00","40,355","403,550.00"
"09/06/2026","AADS","0.42","0.42","0.42","0.42","0.42","0.42","0.00","0.46","","0","0.00"
"09/06/2026","SCBPREF","0.90","0.90","0.90","0.90","0.90","0.90","0.00","0.90","","0","0.00"
"09/06/2026","GLD","533.93","466.72","499.02","499.02","499.02","498.90","-0.12","","","10,946","5,459,867.44"
"09/06/2026","SAMBA","0.55","0.55","0.55","0.55","0.55","0.55","0.00","0.55","","0","0.00"
"09/06/2026","MMH","0.10","0.10","0.10","0.10","0.10","0.10","0.00","0.11","","0","0.00"
"09/06/2026","HORDS","0.11","0.09","0.11","0.11","0.11","0.11","0.00","0.11","0.12","174","19.14"
"09/06/2026","IIL","0.08","0.05","0.08","0.08","0.08","0.08","0.00","0.11","","1,911","210.21"
"09/06/2026","DIGICUT","0.09","0.09","0.09","0.09","0.09","0.09","0.00","0.09","","0","0.00"
"08/06/2026","ACCESS","46.64","16.20","27.60","27.60","27.60","27.60","0.00","24.85","29.00","3,350","92,460.00"
"08/06/2026","ADB","5.30","5.06","5.30","5.30","5.30","5.30","0.00","5.30","","11","58.30"
"08/06/2026","AGA","37.00","37.00","37.00","37.00","37.00","37.00","0.00","40.70","","0","0.00"
"08/06/2026","**ALW**","0.10","0.10","0.10","0.10","0.10","0.10","0.00","","","0","0.00"
"08/06/2026","ASG","8.89","8.89","8.89","8.89","8.89","8.89","0.00","8.89","","0","0.00"
"08/06/2026","ALLGH","8.46","6.12","8.46","8.46","8.46","8.46","0.00","8.19","8.46","5,674","48,002.04"
"08/06/2026","BOPP","100.00","55.82","80.00","80.00","80.00","80.00","0.00","80.00","","514","41,120.00"
"08/06/2026","CAL","0.94","0.61","0.77","0.77","0.75","0.77","0.00","0.75","0.79","413,592","319,966.74"
"08/06/2026","CLYD","2.04","0.46","2.04","2.04","2.04","2.04","0.00","2.04","","50","102.50"
"08/06/2026","CMLT","0.14","0.14","0.14","0.14","0.14","0.14","0.00","0.15","","0","0.00"
"08/06/2026","CPC","0.12","0.05","0.12","0.12","0.12","0.12","0.00","0.13","","0","0.00"
"08/06/2026","DASPHARMA","0.41","0.38","0.41","0.41","0.41","0.41","0.00","0.42","","639","268.38"
"08/06/2026","EGH","57.00","25.00","44.99","44.99","41.00","41.70","-3.29","","44.99","5,131","213,892.76"
"08/06/2026","EGL","12.16","3.48","10.03","10.03","10.03","10.03","0.00","10.00","10.03","67","670.00"
"08/06/2026","ETI","2.82","0.76","1.57","1.57","1.70","1.67","0.10","1.58","","66,398","110,778.79"
"08/06/2026","FML","16.35","8.00","13.30","13.30","13.30","13.30","0.00","","13.30","1,717","22,836.10"
"08/06/2026","FAB","7.97","7.71","7.97","7.97","7.97","7.97","0.00","7.97","","0","0.00"
"08/06/2026","GCB","52.00","20.11","36.00","36.00","36.00","36.00","0.00","","36.00","52,903","1,904,508.00"
"08/06/2026","GGBL","16.50","6.60","14.50","14.50","14.40","14.50","0.00","","14.40","0","0.00"
"08/06/2026","GOIL","8.01","2.96","7.50","7.50","7.50","7.50","0.00","","7.50","13,159","98,692.50"
"08/06/2026","MAC","5.20","5.20","5.20","5.20","5.20","5.20","0.00","","","2","10.40"
"08/06/2026","MTNGH","6.80","4.20","6.48","6.48","6.48","6.47","-0.01","6.45","6.49","334,877","2,168,810.46"
"08/06/2026","PBC**","0.02","0.02","0.02","0.02","0.02","0.02","0.00","","","0","0.00"
"08/06/2026","RBGH","5.58","1.30","5.09","5.09","5.09","5.09","0.00","","5.10","0","0.00"
"08/06/2026","SCB","79.41","29.22","71.38","71.38","71.38","71.38","0.00","","71.38","21","1,498.98"
"08/06/2026","SIC","6.03","1.20","4.83","4.83","4.35","4.49","-0.34","","4.80","20,413","92,273.64"
"08/06/2026","SOGEGH","11.51","4.49","6.42","6.42","6.40","6.42","0.00","6.20","6.42","102","654.84"
"08/06/2026","TBL","1.20","1.20","1.20","1.20","1.20","1.20","0.00","1.32","","0","0.00"
"08/06/2026","TOTAL","40.30","32.91","36.00","36.00","33.00","33.00","-3.00","","36.00","4,263","140,679.00"
"08/06/2026","TLW","11.92","11.92","11.92","11.92","11.92","11.92","0.00","11.92","","151","1,799.92"
"08/06/2026","UNIL","30.00","19.79","29.50","29.50","29.50","29.50","0.00","","29.50","294","8,673.00"
"08/06/2026","ZEN","12.61","5.00","10.04","10.04","10.00","10.00","-0.04","10.96","12.00","23,893","238,969.02"
"08/06/2026","AADS","0.42","0.42","0.42","0.42","0.42","0.42","0.00","0.46","","0","0.00"
"08/06/2026","SCBPREF","0.90","0.90","0.90","0.90","0.90","0.90","0.00","0.90","","0","0.00"
"08/06/2026","GLD","533.93","466.72","501.92","501.92","501.92","499.02","-2.90","501.92","","16,906","8,436,403.52"
"08/06/2026","SAMBA","0.55","0.55","0.55","0.55","0.55","0.55","0.00","0.55","","0","0.00"
"08/06/2026","MMH","0.10","0.10","0.10","0.10","0.10","0.10","0.00","0.11","0.12","4,218","463.98"
"08/06/2026","HORDS","0.11","0.09","0.11","0.11","0.11","0.11","0.00","0.11","","14","1.54"
"08/06/2026","IIL","0.08","0.05","0.08","0.08","0.08","0.08","0.00","0.11","","2,862","314.82"
"08/06/2026","DIGICUT","0.09","0.09","0.09","0.09","0.09","0.09","0.00","0.09","","0","0.00"
"05/06/2026","ACCESS","46.64","16.20","27.60","27.60","27.60","27.60","0.00","24.85","29.00","3,324","91,742.40"
"05/06/2026","ADB","5.30","5.06","5.30","5.30","5.30","5.30","0.00","5.30","","10","53.00"
"05/06/2026","AGA","37.00","37.00","37.00","37.00","37.00","37.00","0.00","40.70","","0","0.00"
"05/06/2026","**ALW**","0.10","0.10","0.10","0.10","0.10","0.10","0.00","","","0","0.00"
"05/06/2026","ASG","8.89","8.89","8.89","8.89","8.89","8.89","0.00","8.89","","0","0.00"
"05/06/2026","ALLGH","8.46","6.12","8.46","8.46","8.46","8.46","0.00","8.19","8.46","2,124","17,969.04"
"05/06/2026","BOPP","100.00","55.82","80.00","80.00","80.00","80.00","0.00","80.00","","364","29,120.00"
"05/06/2026","CAL","0.94","0.61","0.79","0.79","0.75","0.77","-0.02","0.75","0.79","179,852","138,844.08"
"05/06/2026","CLYD","2.04","0.46","2.04","2.04","2.04","2.04","0.00","2.04","","50","102.00"
"05/06/2026","CMLT","0.14","0.14","0.14","0.14","0.14","0.14","0.00","0.15","","0","0.00"
"05/06/2026","CPC","0.12","0.05","0.12","0.12","0.12","0.12","0.00","0.13","","0","0.00"
"05/06/2026","DASPHARMA","0.41","0.38","0.41","0.41","0.41","0.41","0.00","0.42","","0","0.00"
"05/06/2026","EGH","57.00","25.00","44.99","44.99","48.00","44.99","0.00","","44.99","1,184","53,264.20"
"05/06/2026","EGL","12.16","3.48","10.03","10.03","10.03","10.03","0.00","10.00","10.03","0","0.00"
"05/06/2026","ETI","2.82","0.76","1.57","1.57","1.58","1.57","0.00","1.58","","13,547","21,143.92"
"05/06/2026","FML","16.35","8.00","13.32","13.32","13.30","13.30","-0.02","","13.30","2,663","35,417.90"
"05/06/2026","FAB","7.97","7.71","7.97","7.97","7.97","7.97","0.00","7.97","","0","0.00"
"05/06/2026","GCB","52.00","20.11","36.00","36.00","36.00","36.00","0.00","","36.00","6,287","226,332.00"
"05/06/2026","GGBL","16.50","6.60","14.50","14.50","14.40","14.50","0.00","","14.40","0","0.00"
"05/06/2026","GOIL","8.01","2.96","7.50","7.50","7.50","7.50","0.00","","7.50","8,576","64,310.00"
"05/06/2026","MAC","5.20","5.20","5.20","5.20","5.20","5.20","0.00","","","0","0.00"
"05/06/2026","MTNGH","6.80","4.20","6.48","6.48","6.48","6.48","0.00","6.45","6.49","350,751","2,272,465.45"
"05/06/2026","PBC**","0.02","0.02","0.02","0.02","0.02","0.02","0.00","","","0","0.00"
"05/06/2026","RBGH","5.58","1.30","5.20","5.20","5.09","5.09","-0.11","","5.10","13,235","67,381.66"
"05/06/2026","SCB","79.41","29.22","71.38","71.38","71.38","71.38","0.00","","71.38","151","10,778.38"
"05/06/2026","SIC","6.03","1.20","4.83","4.83","4.80","4.83","0.00","","4.80","7,986","38,516.29"
"05/06/2026","SOGEGH","11.51","4.49","6.42","6.42","6.40","6.42","0.00","6.20","6.42","1,525","9,790.50"
"05/06/2026","TBL","1.20","1.20","1.20","1.20","1.20","1.20","0.00","1.32","","0","0.00"
"05/06/2026","TOTAL","40.30","32.91","36.00","36.00","36.00","36.00","0.00","","36.00","1,649","59,364.00"
"05/06/2026","TLW","11.92","11.92","11.92","11.92","11.92","11.92","0.00","11.92","","0","0.00"
"05/06/2026","UNIL","30.00","19.79","29.50","29.50","29.50","29.50","0.00","","29.50","71","2,094.50"
"05/06/2026","ZEN","12.61","5.00","10.96","10.96","10.00","10.04","-0.92","10.96","12.00","23,506","236,853.28"
"05/06/2026","AADS","0.42","0.42","0.42","0.42","0.42","0.42","0.00","0.46","","0","0.00"
"05/06/2026","SCBPREF","0.90","0.90","0.90","0.90","0.90","0.90","0.00","0.90","","0","0.00"
"05/06/2026","GLD","533.93","466.72","501.92","501.92","501.92","501.92","0.00","501.92","","36","18,069.12"
"05/06/2026","SAMBA","0.55","0.55","0.55","0.55","0.55","0.55","0.00","0.55","","0","0.00"
"05/06/2026","MMH","0.10","0.10","0.10","0.10","0.10","0.10","0.00","0.11","0.12","1,573","173.03"
"05/06/2026","HORDS","0.11","0.09","0.11","0.11","0.11","0.11","0.00","0.11","","1,511","166.21"
"05/06/2026","IIL","0.08","0.05","0.08","0.08","0.08","0.08","0.00","0.11","","2,850","313.50"
"05/06/2026","DIGICUT","0.09","0.09","0.09","0.09","0.09","0.09","0.00","0.09","","0","0.00"
"04/06/2026","ACCESS","46.64","16.20","27.60","27.60","27.60","27.60","0.00","24.85","29.00","22","607.20"
"04/06/2026","ADB","5.30","5.06","5.30","5.30","5.30","5.30","0.00","5.30","","0","0.00"
"04/06/2026","AGA","37.00","37.00","37.00","37.00","37.00","37.00","0.00","40.70","","0","0.00"
"04/06/2026","**ALW**","0.10","0.10","0.10","0.10","0.10","0.10","0.00","","","0","0.00"
"04/06/2026","ASG","8.89","8.89","8.89","8.89","8.89","8.89","0.00","8.89","","3","26.67"
"04/06/2026","ALLGH","8.46","6.12","8.20","8.20","8.46","8.46","0.26","8.19","8.46","12,138","102,594.57"
"04/06/2026","BOPP","100.00","55.82","80.00","80.00","80.00","80.00","0.00","80.00","","741","59,280.00"
"04/06/2026","CAL","0.94","0.61","0.80","0.80","0.79","0.79","-0.01","0.75","0.79","420,762","332,658.64"
"04/06/2026","CLYD","2.04","0.46","2.04","2.04","2.04","2.04","0.00","2.04","","245","499.80"
"04/06/2026","CMLT","0.14","0.14","0.14","0.14","0.14","0.14","0.00","0.15","","0","0.00"
"04/06/2026","CPC","0.12","0.05","0.12","0.12","0.12","0.12","0.00","0.13","","0","0.00"
"04/06/2026","DASPHARMA","0.41","0.38","0.41","0.41","0.41","0.41","0.00","0.42","","0","0.00"
"04/06/2026","EGH","57.00","25.00","48.00","48.00","48.00","44.99","-3.01","","44.99","5,623","253,550.30"
"04/06/2026","EGL","12.16","3.48","10.05","10.05","10.03","10.03","-0.02","10.00","10.03","3,069","30,793.86"
"04/06/2026","ETI","2.82","0.76","1.49","1.49","1.58","1.57","0.08","1.58","","16,351","25,295.46"
"04/06/2026","FML","16.35","8.00","13.32","13.32","13.32","13.32","0.00","","13.30","159","2,117.88"
"04/06/2026","FAB","7.97","7.71","7.97","7.97","7.97","7.97","0.00","7.97","","36","286.92"
"04/06/2026","GCB","52.00","20.11","36.00","36.00","36.00","36.00","0.00","","36.00","8,528","307,008.00"
"04/06/2026","GGBL","16.50","6.60","14.75","14.75","14.40","14.50","-0.25","","14.40","700","10,149.60"
"04/06/2026","GOIL","8.01","2.96","7.92","7.92","7.50","7.50","-0.42","","7.50","11,975","89,869.90"
"04/06/2026","MAC","5.20","5.20","5.20","5.20","5.20","5.20","0.00","","","0","0.00"
"04/06/2026","MTNGH","6.80","4.20","6.49","6.49","6.48","6.48","-0.01","6.45","6.49","338,412","2,187,836.79"
"04/06/2026","PBC**","0.02","0.02","0.02","0.02","0.02","0.02","0.00","","","0","0.00"
"04/06/2026","RBGH","5.58","1.30","5.20","5.20","5.20","5.20","0.00","","5.10","75","387.00"
"04/06/2026","SCB","79.41","29.22","71.38","71.38","71.38","71.38","0.00","","71.38","136","9,707.68"
"04/06/2026","SIC","6.03","1.20","4.88","4.88","4.80","4.83","-0.05","","4.80","6,413","31,011.33"
"04/06/2026","SOGEGH","11.51","4.49","6.42","6.42","6.40","6.42","0.00","6.20","6.42","3,731","23,953.02"
"04/06/2026","TBL","1.20","1.20","1.20","1.20","1.20","1.20","0.00","1.32","","0","0.00"
"04/06/2026","TOTAL","40.30","32.91","36.00","36.00","36.00","36.00","0.00","","36.00","458","16,488.00"
"04/06/2026","TLW","11.92","11.92","11.92","11.92","11.92","11.92","0.00","11.92","","0","0.00"
"04/06/2026","UNIL","30.00","19.79","29.50","29.50","29.50","29.50","0.00","","29.50","182","5,369.00"
"04/06/2026","ZEN","12.61","5.00","12.17","12.17","10.96","10.96","-1.21","10.96","12.00","35,501","389,090.96"
"04/06/2026","AADS","0.42","0.42","0.42","0.42","0.42","0.42","0.00","0.46","","0","0.00"
"04/06/2026","SCBPREF","0.90","0.90","0.90","0.90","0.90","0.90","0.00","0.90","","0","0.00"
"04/06/2026","GLD","533.93","466.72","501.92","501.92","501.92","501.92","0.00","501.92","","2","1,003.84"
"04/06/2026","SAMBA","0.55","0.55","0.55","0.55","0.55","0.55","0.00","0.55","","0","0.00"
"04/06/2026","MMH","0.10","0.10","0.10","0.10","0.10","0.10","0.00","0.11","0.12","44","4.84"
"04/06/2026","HORDS","0.11","0.09","0.11","0.11","0.11","0.11","0.00","0.11","","500","55.00"
"04/06/2026","IIL","0.08","0.05","0.08","0.08","0.08","0.08","0.00","0.11","","2,865","286.50"
"04/06/2026","DIGICUT","0.09","0.09","0.09","0.09","0.09","0.09","0.00","0.09","","0","0.00"
"03/06/2026","ACCESS","46.64","16.20","27.60","27.60","27.60","27.60","0.00","27.61","30.00","31","855.60"
"03/06/2026","ADB","5.30","5.06","5.30","5.30","5.30","5.30","0.00","5.30","","1","5.30"
"03/06/2026","AGA","37.00","37.00","37.00","37.00","37.00","37.00","0.00","40.70","","0","0.00"
"03/06/2026","**ALW**","0.10","0.10","0.10","0.10","0.10","0.10","0.00","","","0","0.00"
"03/06/2026","ASG","8.89","8.89","8.89","8.89","8.89","8.89","0.00","8.89","","1","8.89"
"03/06/2026","ALLGH","8.46","6.12","8.20","8.20","8.20","8.20","0.00","8.20","","0","0.00"
"03/06/2026","BOPP","100.00","55.82","80.00","80.00","80.00","80.00","0.00","80.00","","1,094","87,520.00"
"03/06/2026","CAL","0.94","0.61","0.76","0.76","0.80","0.80","0.04","0.75","0.76","344,962","273,243.37"
"03/06/2026","CLYD","2.04","0.46","2.04","2.04","2.04","2.04","0.00","2.04","","1,500","3,060.00"
"03/06/2026","CMLT","0.14","0.14","0.14","0.14","0.14","0.14","0.00","0.15","","0","0.00"
"03/06/2026","CPC","0.12","0.05","0.12","0.12","0.12","0.12","0.00","0.13","","0","0.00"
"03/06/2026","DASPHARMA","0.41","0.38","0.41","0.41","0.41","0.41","0.00","0.42","","305","125.05"
"03/06/2026","EGH","57.00","25.00","48.00","48.00","48.00","48.00","0.00","","48.00","8,293","398,064.00"
"03/06/2026","EGL","12.16","3.48","10.00","10.00","10.00","10.00","0.00","","10.05","2,527","25,396.35"
"03/06/2026","ETI","2.82","0.76","1.40","1.40","1.50","1.49","0.09","1.50","","102,451","153,000.08"
"03/06/2026","FML","16.35","8.00","13.32","13.32","13.32","13.32","0.00","","13.32","2,332","31,062.24"
"03/06/2026","FAB","7.97","7.71","7.97","7.97","7.97","7.97","0.00","7.90","","0","0.00"
"03/06/2026","GCB","52.00","20.11","35.25","35.25","36.00","36.00","0.75","35.25","36.00","514,854","18,534,150.75"
"03/06/2026","GGBL","16.50","6.60","14.75","14.75","14.75","14.75","0.00","","14.50","0","0.00"
"03/06/2026","GOIL","8.01","2.96","7.92","7.92","7.92","7.92","0.00","7.50","7.92","27,212","215,519.04"
"03/06/2026","MAC","5.20","5.20","5.20","5.20","5.20","5.20","0.00","5.20","","0","0.00"
"03/06/2026","MTNGH","6.80","4.20","6.50","6.50","6.49","6.49","-0.01","6.41","6.49","266,927","1,731,927.90"
"03/06/2026","PBC**","0.02","0.02","0.02","0.02","0.02","0.02","0.00","","","0","0.00"
"03/06/2026","RBGH","5.58","1.30","5.20","5.20","5.20","5.20","0.00","","5.10","330","1,683.00"
"03/06/2026","SCB","79.41","29.22","71.38","71.38","71.38","71.38","0.00","","71.38","30","2,141.40"
"03/06/2026","SIC","6.03","1.20","4.90","4.90","4.80","4.88","-0.02","","4.90","25,977","126,737.30"
"03/06/2026","SOGEGH","11.51","4.49","6.51","6.51","6.40","6.42","-0.09","6.20","6.40","7,374","47,479.49"
"03/06/2026","TBL","1.20","1.20","1.20","1.20","1.20","1.20","0.00","1.32","","0","0.00"
"03/06/2026","TOTAL","40.30","32.91","36.00","36.00","36.00","36.00","0.00","34.00","36.00","12,458","448,488.00"
"03/06/2026","TLW","11.92","11.92","11.92","11.92","11.92","11.92","0.00","11.92","","0","0.00"
"03/06/2026","UNIL","30.00","19.79","29.50","29.50","29.50","29.50","0.00","","29.50","275","8,112.50"
"03/06/2026","ZEN","12.61","5.00","12.52","12.52","11.98","12.17","-0.35","","11.98","40,688","495,754.48"
"03/06/2026","AADS","0.42","0.42","0.42","0.42","0.42","0.42","0.00","0.46","0.46","0","0.00"
"03/06/2026","SCBPREF","0.90","0.90","0.90","0.90","0.90","0.90","0.00","0.90","0.90","0","0.00"
"03/06/2026","GLD","533.93","466.72","501.92","501.92","501.92","501.92","0.00","501.92","501.92","1","501.92"
"03/06/2026","SAMBA","0.55","0.55","0.55","0.55","0.55","0.55","0.00","0.55","0.55","0","0.00"
"03/06/2026","MMH","0.10","0.10","0.10","0.10","0.10","0.10","0.00","","0.11","0","0.00"
"03/06/2026","HORDS","0.11","0.09","0.11","0.11","0.11","0.11","0.00","0.11","0.11","50","5.50"
"03/06/2026","IIL","0.08","0.05","0.08","0.08","0.08","0.08","0.00","0.11","0.11","184","18.40"
"03/06/2026","DIGICUT","0.09","0.09","0.09","0.09","0.09","0.09","0.00","0.09","0.09","0","0.00"
"02/06/2026","ACCESS","46.64","16.20","27.60","27.60","27.60","27.60","0.00","24.85","27.60","45","1,242.00"
"02/06/2026","ADB","5.30","5.06","5.30","5.30","5.30","5.30","0.00","5.30","","13","68.90"
"02/06/2026","AGA","37.00","37.00","37.00","37.00","37.00","37.00","0.00","40.70","","0","0.00"
"02/06/2026","**ALW**","0.10","0.10","0.10","0.10","0.10","0.10","0.00","","","0","0.00"
"02/06/2026","ASG","8.89","8.89","8.89","8.89","8.89","8.89","0.00","8.89","","0","0.00"
"02/06/2026","ALLGH","8.46","6.12","8.20","8.20","8.20","8.20","0.00","8.20","8.46","0","0.00"
"02/06/2026","BOPP","100.00","55.82","85.00","85.00","80.00","80.00","-5.00","","80.00","2,320","186,065.00"
"02/06/2026","CAL","0.94","0.61","0.73","0.73","0.80","0.76","0.03","0.80","","132,242","100,755.01"
"02/06/2026","CLYD","2.04","0.46","2.04","2.04","2.04","2.04","0.00","2.04","","0","0.00"
"02/06/2026","CMLT","0.14","0.14","0.14","0.14","0.14","0.14","0.00","0.15","","0","0.00"
"02/06/2026","CPC","0.12","0.05","0.12","0.12","0.12","0.12","0.00","0.13","","0","0.00"
"02/06/2026","DASPHARMA","0.41","0.38","0.41","0.41","0.41","0.41","0.00","0.42","","0","0.00"
"02/06/2026","EGH","57.00","25.00","48.00","48.00","48.00","48.00","0.00","","48.00","477","22,896.00"
"02/06/2026","EGL","12.16","3.48","10.00","10.00","10.00","10.00","0.00","","10.05","2,383","23,949.15"
"02/06/2026","ETI","2.82","0.76","1.38","1.38","1.50","1.40","0.02","1.44","1.50","300,896","421,411.94"
"02/06/2026","FML","16.35","8.00","13.32","13.32","13.32","13.32","0.00","","13.32","6,543","87,152.76"
"02/06/2026","FAB","7.97","7.71","7.97","7.97","7.97","7.97","0.00","7.90","7.97","0","0.00"
"02/06/2026","GCB","52.00","20.11","35.25","35.25","35.25","35.25","0.00","","35.25","347,139","12,238,203.50"
"02/06/2026","GGBL","16.50","6.60","14.75","14.75","14.75","14.75","0.00","","14.50","0","0.00"
"02/06/2026","GOIL","8.01","2.96","7.93","7.93","7.92","7.92","-0.01","7.50","7.92","13,265","104,925.27"
"02/06/2026","MAC","5.20","5.20","5.20","5.20","5.20","5.20","0.00","5.20","","0","0.00"
"02/06/2026","MTNGH","6.80","4.20","6.50","6.50","6.50","6.50","0.00","6.45","6.50","2,200,453","14,299,169.59"
"02/06/2026","PBC**","0.02","0.02","0.02","0.02","0.02","0.02","0.00","","","0","0.00"
"02/06/2026","RBGH","5.58","1.30","5.20","5.20","5.20","5.20","0.00","","5.10","905","4,706.00"
"02/06/2026","SCB","79.41","29.22","71.38","71.38","71.38","71.38","0.00","","71.38","109","7,780.42"
"02/06/2026","SIC","6.03","1.20","4.95","4.95","4.89","4.90","-0.05","","4.89","25,408","124,498.02"
"02/06/2026","SOGEGH","11.51","4.49","6.51","6.51","6.51","6.51","0.00","6.40","6.51","5,090","33,135.90"
"02/06/2026","TBL","1.20","1.20","1.20","1.20","1.20","1.20","0.00","1.32","","0","0.00"
"02/06/2026","TOTAL","40.30","32.91","33.00","33.00","36.00","36.00","3.00","","36.00","2,445","88,020.00"
"02/06/2026","TLW","11.92","11.92","11.92","11.92","11.92","11.92","0.00","11.92","","4","47.68"
"02/06/2026","UNIL","30.00","19.79","29.50","29.50","29.50","29.50","0.00","","29.50","415","12,242.50"
"02/06/2026","ZEN","12.61","5.00","12.61","12.61","12.50","12.52","-0.09","","12.50","31,046","388,951.18"
"02/06/2026","AADS","0.42","0.42","0.42","0.42","0.42","0.42","0.00","0.46","","0","0.00"
"02/06/2026","SCBPREF","0.90","0.90","0.90","0.90","0.90","0.90","0.00","0.90","","0","0.00"
"02/06/2026","GLD","533.93","466.72","501.92","501.92","501.92","501.92","0.00","501.92","","1,799","902,954.08"
"02/06/2026","SAMBA","0.55","0.55","0.55","0.55","0.55","0.55","0.00","0.55","","0","0.00"
"02/06/2026","MMH","0.10","0.10","0.10","0.10","0.10","0.10","0.00","","","4,296","472.56"
"02/06/2026","HORDS","0.11","0.09","0.11","0.11","0.11","0.11","0.00","0.11","","0","0.00"
"02/06/2026","IIL","0.08","0.05","0.08","0.08","0.08","0.08","0.00","0.11","","6","0.60"
"02/06/2026","DIGICUT","0.09","0.09","0.09","0.09","0.09","0.09","0.00","0.09","","0","0.00"
"01/06/2026","ACCESS","46.64","16.20","27.60","27.60","27.60","27.60","0.00","24.85","27.60","3,279","90,500.40"
"01/06/2026","ADB","5.30","5.06","5.30","5.30","5.30","5.30","0.00","","","6","31.80"
"01/06/2026","AGA","37.00","37.00","37.00","37.00","37.00","37.00","0.00","40.70","","0","0.00"
"01/06/2026","**ALW**","0.10","0.10","0.10","0.10","0.10","0.10","0.00","","","0","0.00"
"01/06/2026","ASG","8.89","8.89","8.89","8.89","8.89","8.89","0.00","","","1","8.89"
"01/06/2026","ALLGH","8.46","6.12","8.20","8.20","8.20","8.20","0.00","","8.20","0","0.00"
"01/06/2026","BOPP","100.00","55.82","85.50","85.50","85.00","85.00","-0.50","","85.50","9,452","803,423.50"
"01/06/2026","CAL","0.94","0.61","0.73","0.73","0.73","0.73","0.00","0.74","","254,366","184,299.90"
"01/06/2026","CLYD","2.04","0.46","2.04","2.04","2.04","2.04","0.00","2.04","","168","342.72"
"01/06/2026","CMLT","0.14","0.14","0.14","0.14","0.14","0.14","0.00","0.15","","0","0.00"
"01/06/2026","CPC","0.12","0.05","0.12","0.12","0.12","0.12","0.00","0.13","","0","0.00"
"01/06/2026","DASPHARMA","0.41","0.38","0.41","0.41","0.41","0.41","0.00","0.41","","0","0.00"
"01/06/2026","EGH","57.00","25.00","48.00","48.00","48.00","48.00","0.00","","47.98","2,730","131,040.00"
"01/06/2026","EGL","12.16","3.48","10.00","10.00","10.00","10.00","0.00","10.05","","7,650","76,882.50"
"01/06/2026","ETI","2.82","0.76","1.39","1.39","1.39","1.38","-0.01","","1.35","121,262","166,869.22"
"01/06/2026","FML","16.35","8.00","13.32","13.32","13.32","13.32","0.00","","13.32","1,873","24,948.36"
"01/06/2026","FAB","7.97","7.71","7.97","7.97","7.97","7.97","0.00","7.90","7.97","100","797.00"
"01/06/2026","GCB","52.00","20.11","35.25","35.25","35.25","35.25","0.00","35.50","","2,533","89,288.25"
"01/06/2026","GGBL","16.50","6.60","14.75","14.75","14.75","14.75","0.00","","14.69","0","0.00"
"01/06/2026","GOIL","8.01","2.96","7.93","7.93","7.93","7.93","0.00","","7.92","298","2,363.14"
"01/06/2026","MAC","5.20","5.20","5.20","5.20","5.20","5.20","0.00","","","1","5.20"
"01/06/2026","MTNGH","6.80","4.20","6.50","6.50","6.50","6.50","0.00","","6.50","4,415,145","28,699,382.43"
"01/06/2026","PBC**","0.02","0.02","0.02","0.02","0.02","0.02","0.00","","","0","0.00"
"01/06/2026","RBGH","5.58","1.30","5.20","5.20","5.20","5.20","0.00","","5.10","0","0.00"
"01/06/2026","SCB","79.41","29.22","71.38","71.38","71.38","71.38","0.00","","0.00","511","36,475.18"
"01/06/2026","SIC","6.03","1.20","5.00","5.00","4.90","4.95","-0.05","","5.00","53,701","264,132.20"
"01/06/2026","SOGEGH","11.51","4.49","6.51","6.51","6.51","6.51","0.00","6.51","6.60","5,903","38,428.53"
"01/06/2026","TBL","1.20","1.20","1.20","1.20","1.20","1.20","0.00","1.32","","0","0.00"
"01/06/2026","TOTAL","40.30","32.91","33.00","33.00","33.00","33.00","0.00","","36.30","2,485","84,452.91"
"01/06/2026","TLW","11.92","11.92","11.92","11.92","11.92","11.92","0.00","11.92","","51","607.92"
"01/06/2026","UNIL","30.00","19.79","29.50","29.50","29.50","29.50","0.00","","29.50","566","16,697.00"
"01/06/2026","ZEN","12.61","5.00","11.47","11.47","12.61","12.61","1.14","10.67","11.47","75,373","950,182.34"
"01/06/2026","AADS","0.42","0.42","0.42","0.42","0.42","0.42","0.00","0.46","","0","0.00"
"01/06/2026","SCBPREF","0.90","0.90","0.90","0.90","0.90","0.90","0.00","0.90","","0","0.00"
"01/06/2026","GLD","533.93","466.72","501.92","501.92","501.92","501.92","0.00","","","210","105,403.20"
"01/06/2026","SAMBA","0.55","0.55","0.55","0.55","0.55","0.55","0.00","","","0","0.00"
"01/06/2026","MMH","0.10","0.10","0.10","0.10","0.10","0.10","0.00","","","5","0.55"
"01/06/2026","HORDS","0.11","0.09","0.11","0.11","0.11","0.11","0.00","","0.11","97,078","10,678.58"
"01/06/2026","IIL","0.08","0.05","0.08","0.08","0.08","0.08","0.00","0.10","","1,100","110.00"
"01/06/2026","DIGICUT","0.09","0.09","0.09","0.09","0.09","0.09","0.00","","","0","0.00"
"29/05/2026","ACCESS","46.64","16.20","27.60","27.60","27.60","27.60","0.00","24.85","27.60","713","19,678.80"
"29/05/2026","ADB","5.30","5.06","5.30","5.30","5.30","5.30","0.00","","","0","0.00"
"29/05/2026","AGA","37.00","37.00","37.00","37.00","37.00","37.00","0.00","40.70","","0","0.00"
"29/05/2026","**ALW**","0.10","0.10","0.10","0.10","0.10","0.10","0.00","","","0","0.00"
"29/05/2026","ASG","8.89","8.89","8.89","8.89","8.89","8.89","0.00","","","0","0.00"
"29/05/2026","ALLGH","8.46","6.12","8.46","8.46","8.20","8.20","-0.26","","8.20","20,458","167,755.60"
"29/05/2026","BOPP","100.00","55.82","85.50","85.50","85.50","85.50","0.00","","85.50","1,969","168,349.50"
"29/05/2026","CAL","0.94","0.61","0.73","0.73","0.73","0.73","0.00","0.74","","0","0.00"
"29/05/2026","CLYD","2.04","0.46","2.04","2.04","2.04","2.04","0.00","2.04","","0","0.00"
"29/05/2026","CMLT","0.14","0.14","0.14","0.14","0.14","0.14","0.00","0.15","","0","0.00"
"29/05/2026","CPC","0.12","0.05","0.12","0.12","0.12","0.12","0.00","0.13","","0","0.00"
"29/05/2026","DASPHARMA","0.41","0.38","0.41","0.41","0.41","0.41","0.00","0.41","","0","0.00"
"29/05/2026","EGH","57.00","25.00","48.00","48.00","48.00","48.00","0.00","","47.98","489","23,462.22"
"29/05/2026","EGL","12.16","3.48","10.00","10.00","10.00","10.00","0.00","10.05","","0","0.00"
"29/05/2026","ETI","2.82","0.76","1.39","1.39","1.39","1.39","0.00","","1.35","3,136","4,359.04"
"29/05/2026","FML","16.35","8.00","13.32","13.32","13.32","13.32","0.00","","13.32","1,123","14,958.36"
"29/05/2026","FAB","7.97","7.71","7.97","7.97","7.97","7.97","0.00","7.90","7.97","16,836","134,182.92"
"29/05/2026","GCB","52.00","20.11","36.00","36.00","35.50","35.25","-0.75","35.50","","4,080","144,337.00"
"29/05/2026","GGBL","16.50","6.60","14.75","14.75","14.75","14.75","0.00","","14.69","0","0.00"
"29/05/2026","GOIL","8.01","2.96","7.93","7.93","7.93","7.93","0.00","","7.92","3,945","31,283.75"
"29/05/2026","MAC","5.20","5.20","5.20","5.20","5.20","5.20","0.00","","","0","0.00"
"29/05/2026","MTNGH","6.80","4.20","6.51","6.51","6.50","6.50","-0.01","","6.50","2,439,096","15,854,234.33"
"29/05/2026","PBC**","0.02","0.02","0.02","0.02","0.02","0.02","0.00","","","0","0.00"
"29/05/2026","RBGH","5.58","1.30","5.20","5.20","5.20","5.20","0.00","","5.10","0","0.00"
"29/05/2026","SCB","79.41","29.22","71.38","71.38","71.38","71.38","0.00","","0.00","0","0.00"
"29/05/2026","SIC","6.03","1.20","5.00","5.00","5.00","5.00","0.00","","5.00","0","0.00"
"29/05/2026","SOGEGH","11.51","4.49","6.51","6.51","6.51","6.51","0.00","6.51","6.60","23,977","156,170.19"
"29/05/2026","TBL","1.20","1.20","1.20","1.20","1.20","1.20","0.00","1.32","","0","0.00"
"29/05/2026","TOTAL","40.30","32.91","33.00","33.00","33.00","33.00","0.00","","36.30","0","0.00"
"29/05/2026","TLW","11.92","11.92","11.92","11.92","11.92","11.92","0.00","11.92","","0","0.00"
"29/05/2026","UNIL","30.00","19.79","29.50","29.50","29.50","29.50","0.00","","29.50","117","3,451.50"
"29/05/2026","ZEN","11.47","5.00","11.47","11.47","11.47","11.47","0.00","10.67","11.47","48,242","553,335.74"
"29/05/2026","AADS","0.42","0.42","0.42","0.42","0.42","0.42","0.00","0.46","","0","0.00"
"29/05/2026","SCBPREF","0.90","0.90","0.90","0.90","0.90","0.90","0.00","0.90","","0","0.00"
"29/05/2026","GLD","533.93","466.72","501.92","501.92","501.92","501.92","0.00","","","0","0.00"
"29/05/2026","SAMBA","0.55","0.55","0.55","0.55","0.55","0.55","0.00","","","0","0.00"
"29/05/2026","MMH","0.10","0.10","0.10","0.10","0.10","0.10","0.00","","","0","0.00"
"29/05/2026","HORDS","0.11","0.09","0.11","0.11","0.11","0.11","0.00","","0.11","0","0.00"
"29/05/2026","IIL","0.08","0.05","0.08","0.08","0.08","0.08","0.00","0.10","","22,500","2,250.00"
"29/05/2026","DIGICUT","0.09","0.09","0.09","0.09","0.09","0.09","0.00","","","0","0.00"
"28/05/2026","ACCESS","46.64","16.20","27.60","27.60","27.60","27.60","0.00","24.85","","0","0.00"
"28/05/2026","ADB","5.30","5.06","5.30","5.30","5.30","5.30","0.00","","","0","0.00"
"28/05/2026","AGA","37.00","37.00","37.00","37.00","37.00","37.00","0.00","40.70","","0","0.00"
"28/05/2026","**ALW**","0.10","0.10","0.10","0.10","0.10","0.10","0.00","","","0","0.00"
"28/05/2026","ASG","8.89","8.89","8.89","8.89","8.89","8.89","0.00","8.89","","0","0.00"
"28/05/2026","ALLGH","8.46","6.12","8.46","8.46","8.46","8.46","0.00","","8.46","32","270.72"
"28/05/2026","BOPP","100.00","55.82","85.50","85.50","85.50","85.50","0.00","","85.50","0","0.00"
"28/05/2026","CAL","0.94","0.61","0.73","0.73","0.73","0.73","0.00","","0.76","0","0.00"
"28/05/2026","CLYD","2.04","0.46","2.04","2.04","2.04","2.04","0.00","2.04","","0","0.00"
"28/05/2026","CMLT","0.14","0.14","0.14","0.14","0.14","0.14","0.00","0.15","","0","0.00"
"28/05/2026","CPC","0.12","0.05","0.12","0.12","0.12","0.12","0.00","0.13","","0","0.00"
"28/05/2026","DASPHARMA","0.41","0.38","0.41","0.41","0.41","0.41","0.00","0.41","","0","0.00"
"28/05/2026","EGH","57.00","25.00","48.00","48.00","48.00","48.00","0.00","","48.00","6","288.00"
"28/05/2026","EGL","12.16","3.48","10.00","10.00","10.00","10.00","0.00","","","0","0.00"
"28/05/2026","ETI","2.82","0.76","1.39","1.39","1.39","1.39","0.00","","1.39","0","0.00"
"28/05/2026","FML","16.35","8.00","13.32","13.32","13.32","13.32","0.00","13.32","13.34","0","0.00"
"28/05/2026","FAB","7.97","7.71","7.97","7.97","7.97","7.97","0.00","7.97","","0","0.00"
"28/05/2026","GCB","52.00","20.11","36.00","36.00","36.00","36.00","0.00","36.00","","0","0.00"
"28/05/2026","GGBL","16.50","6.60","14.75","14.75","14.75","14.75","0.00","","14.69","19","279.11"
"28/05/2026","GOIL","8.01","2.96","7.93","7.93","7.93","7.93","0.00","","","0","0.00"
"28/05/2026","MAC","5.20","5.20","5.20","5.20","5.20","5.20","0.00","","","0","0.00"
"28/05/2026","MTNGH","6.80","4.20","6.51","6.51","6.51","6.51","0.00","6.65","6.73","4,541,021","29,550,112.89"
"28/05/2026","PBC**","0.02","0.02","0.02","0.02","0.02","0.02","0.00","","","0","0.00"
"28/05/2026","RBGH","5.58","1.30","5.20","5.20","5.20","5.20","0.00","","5.20","0","0.00"
"28/05/2026","SCB","79.41","29.22","71.38","71.38","71.38","71.38","0.00","","71.38","0","0.00"
"28/05/2026","SIC","6.03","1.20","5.00","5.00","5.00","5.00","0.00","","5.00","4,800","24,000.00"
"28/05/2026","SOGEGH","11.51","4.49","6.51","6.51","6.51","6.51","0.00","6.40","6.51","0","0.00"
"28/05/2026","TBL","1.20","1.20","1.20","1.20","1.20","1.20","0.00","1.32","","0","0.00"
"28/05/2026","TOTAL","40.30","32.91","33.00","33.00","33.00","33.00","0.00","","36.30","5","181.50"
"28/05/2026","TLW","11.92","11.92","11.92","11.92","11.92","11.92","0.00","11.92","","0","0.00"
"28/05/2026","UNIL","30.00","19.79","29.50","29.50","29.50","29.50","0.00","","30.00","0","0.00"
"28/05/2026","ZEN","11.47","5.00","11.47","11.47","11.47","11.47","0.00","10.65","11.47","124,937","1,433,027.39"
"28/05/2026","AADS","0.42","0.42","0.42","0.42","0.42","0.42","0.00","0.46","","0","0.00"
"28/05/2026","SCBPREF","0.90","0.90","0.90","0.90","0.90","0.90","0.00","0.95","","0","0.00"
"28/05/2026","GLD","533.93","466.72","501.92","501.92","501.92","501.92","0.00","","","0","0.00"
"28/05/2026","SAMBA","0.55","0.55","0.55","0.55","0.55","0.55","0.00","","","0","0.00"
"28/05/2026","MMH","0.10","0.10","0.10","0.10","0.10","0.10","0.00","","","0","0.00"
"28/05/2026","HORDS","0.11","0.09","0.11","0.11","0.11","0.11","0.00","","0.11","3,000","330.00"
"28/05/2026","IIL","0.08","0.05","0.08","0.08","0.08","0.08","0.00","0.09","","4,875","438.75"
"28/05/2026","DIGICUT","0.09","0.09","0.09","0.09","0.09","0.09","0.00","","","0","0.00"
"26/05/2026","ACCESS","46.64","16.20","27.60","27.60","27.60","27.60","0.00","27.60","29.60","172","4,747.20"
"26/05/2026","ADB","5.30","5.06","5.30","5.30","5.30","5.30","0.00","5.30","","2","10.60"
"26/05/2026","AGA","37.00","37.00","37.00","37.00","37.00","37.00","0.00","40.70","","0","0.00"
"26/05/2026","**ALW**","0.10","0.10","0.10","0.10","0.10","0.10","0.00","","","0","0.00"
"26/05/2026","ASG","8.89","8.89","8.89","8.89","8.89","8.89","0.00","8.89","","7","62.23"
"26/05/2026","ALLGH","8.46","6.12","8.46","8.46","8.46","8.46","0.00","","8.46","6,184","52,316.64"
"26/05/2026","BOPP","100.00","55.82","85.50","85.50","85.50","85.50","0.00","","85.50","1,527","130,558.50"
"26/05/2026","CAL","0.94","0.61","0.75","0.75","0.73","0.73","-0.02","0.74","0.76","181,175","132,937.35"
"26/05/2026","CLYD","2.04","0.46","2.04","2.04","2.04","2.04","0.00","2.04","","0","0.00"
"26/05/2026","CMLT","0.14","0.14","0.14","0.14","0.14","0.14","0.00","0.15","","0","0.00"
"26/05/2026","CPC","0.12","0.05","0.12","0.12","0.12","0.12","0.00","0.13","","0","0.00"
"26/05/2026","DASPHARMA","0.41","0.38","0.41","0.41","0.41","0.41","0.00","0.42","","0","0.00"
"26/05/2026","EGH","57.00","25.00","48.00","48.00","48.00","48.00","0.00","46.00","48.00","549","25,254.00"
"26/05/2026","EGL","12.16","3.48","10.00","10.00","10.00","10.00","0.00","10.00","10.05","5,843","58,722.15"
"26/05/2026","ETI","2.82","0.76","1.34","1.34","1.39","1.39","0.05","1.32","1.33","132,166","183,403.01"
"26/05/2026","FML","16.35","8.00","13.33","13.33","13.32","13.32","-0.01","","13.32","13,742","183,043.44"
"26/05/2026","FAB","7.97","7.71","7.97","7.97","7.97","7.97","0.00","7.97","8.50","0","0.00"
"26/05/2026","GCB","52.00","20.11","36.00","36.00","36.10","36.00","0.00","36.10","","14,893","536,148.00"
"26/05/2026","GGBL","16.50","6.60","14.75","14.75","14.75","14.75","0.00","","14.70","9","132.75"
"26/05/2026","GOIL","8.01","2.96","7.93","7.93","7.93","7.93","0.00","7.92","7.93","18,583","147,363.19"
"26/05/2026","MAC","5.20","5.20","5.20","5.20","5.20","5.20","0.00","","","4","20.80"
"26/05/2026","MTNGH","6.80","4.20","6.73","6.73","6.50","6.51","-0.22","6.73","6.79","8,837,231","57,559,488.93"
"26/05/2026","PBC**","0.02","0.02","0.02","0.02","0.02","0.02","0.00","","","0","0.00"
"26/05/2026","RBGH","5.58","1.30","5.20","5.20","5.20","5.20","0.00","","5.23","2,090","10,867.60"
"26/05/2026","SCB","79.41","29.22","71.38","71.38","71.38","71.38","0.00","","71.38","123","8,779.74"
"26/05/2026","SIC","6.03","1.20","5.29","5.29","5.00","5.00","-0.29","","5.29","19,299","96,495.00"
"26/05/2026","SOGEGH","11.51","4.49","6.51","6.51","6.50","6.51","0.00","","6.51","5,827","37,933.77"
"26/05/2026","TBL","1.20","1.20","1.20","1.20","1.20","1.20","0.00","1.32","","0","0.00"
"26/05/2026","TOTAL","40.30","32.91","32.91","32.91","32.91","33.00","0.09","","","2,752","90,813.30"
"26/05/2026","TLW","11.92","11.92","11.92","11.92","11.92","11.92","0.00","11.92","","40","476.80"
"26/05/2026","UNIL","30.00","19.79","29.50","29.50","29.50","29.50","0.00","","29.50","336","9,912.00"
"26/05/2026","ZEN","11.47","5.00","10.64","10.64","11.65","11.47","0.83","10.64","","4,608","53,125.20"
"26/05/2026","AADS","0.42","0.42","0.42","0.42","0.42","0.42","0.00","0.46","","0","0.00"
"26/05/2026","SCBPREF","0.90","0.90","0.90","0.90","0.90","0.90","0.00","0.95","","0","0.00"
"26/05/2026","GLD","533.93","466.72","497.00","497.00","502.00","501.92","4.92","497.00","","298","149,571.00"
"26/05/2026","SAMBA","0.55","0.55","0.55","0.55","0.55","0.55","0.00","0.55","","0","0.00"
"26/05/2026","MMH","0.10","0.10","0.10","0.10","0.10","0.10","0.00","0.11","","1,500","165.00"
"26/05/2026","HORDS","0.11","0.09","0.11","0.11","0.11","0.11","0.00","0.12","","50","6.00"
"26/05/2026","IIL","0.08","0.05","0.08","0.08","0.08","0.08","0.00","0.09","","0","0.00"
"26/05/2026","DIGICUT","0.09","0.09","0.09","0.09","0.09","0.09","0.00","0.09","","0","0.00"
"25/05/2026","ACCESS","46.64","16.20","27.60","27.60","27.60","27.60","0.00","27.60","29.60","286","7,893.60"
"25/05/2026","ADB","5.30","5.06","5.30","5.30","5.30","5.30","0.00","5.30","","2","10.60"
"25/05/2026","AGA","37.00","37.00","37.00","37.00","37.00","37.00","0.00","40.70","","0","0.00"
"25/05/2026","**ALW**","0.10","0.10","0.10","0.10","0.10","0.10","0.00","","","0","0.00"
"25/05/2026","ASG","8.89","8.89","8.89","8.89","8.89","8.89","0.00","8.89","","0","0.00"
"25/05/2026","ALLGH","8.46","6.12","8.46","8.46","8.46","8.46","0.00","","8.46","2,711","22,935.06"
"25/05/2026","BOPP","100.00","55.82","85.50","85.50","85.50","85.50","0.00","","85.50","103","8,806.50"
"25/05/2026","CAL","0.94","0.61","0.76","0.76","0.75","0.75","-0.01","0.74","0.76","253,162","191,672.20"
"25/05/2026","CLYD","2.04","0.46","2.04","2.04","2.04","2.04","0.00","2.04","","0","0.00"
"25/05/2026","CMLT","0.14","0.14","0.14","0.14","0.14","0.14","0.00","0.15","","0","0.00"
"25/05/2026","CPC","0.12","0.05","0.12","0.12","0.12","0.12","0.00","0.13","","0","0.00"
"25/05/2026","DASPHARMA","0.41","0.38","0.41","0.41","0.41","0.41","0.00","0.42","","0","0.00"
"25/05/2026","EGH","57.00","25.00","48.00","48.00","48.00","48.00","0.00","46.00","48.00","176","8,448.00"
"25/05/2026","EGL","12.16","3.48","10.00","10.00","10.00","10.00","0.00","10.00","10.05","951","9,557.05"
"25/05/2026","ETI","2.82","0.76","1.33","1.33","1.33","1.34","0.01","1.32","1.33","210,635","281,027.03"
"25/05/2026","FML","16.35","8.00","13.33","13.33","13.33","13.33","0.00","","13.32","73","972.36"
"25/05/2026","FAB","7.97","7.71","7.97","7.97","7.97","7.97","0.00","7.97","8.50","0","0.00"
"25/05/2026","GCB","52.00","20.11","36.99","36.99","36.10","36.00","-0.99","36.10","","4,147","149,339.00"
"25/05/2026","GGBL","16.50","6.60","14.75","14.75","14.75","14.75","0.00","","14.70","0","0.00"
"25/05/2026","GOIL","8.01","2.96","7.93","7.93","7.93","7.93","0.00","7.92","7.93","10,584","83,931.12"
"25/05/2026","MAC","5.20","5.20","5.20","5.20","5.20","5.20","0.00","","","0","0.00"
"25/05/2026","MTNGH","6.80","4.20","6.73","6.73","6.73","6.73","0.00","6.73","6.79","411,899","2,771,377.12"
"25/05/2026","PBC**","0.02","0.02","0.02","0.02","0.02","0.02","0.00","","","0","0.00"
"25/05/2026","RBGH","5.58","1.30","5.29","5.29","5.20","5.20","-0.09","","5.23","1,594","8,331.94"
"25/05/2026","SCB","79.41","29.22","71.38","71.38","71.38","71.38","0.00","","71.38","14","999.32"
"25/05/2026","SIC","6.03","1.20","5.29","5.29","5.28","5.29","0.00","","5.29","55,825","295,264.25"
"25/05/2026","SOGEGH","11.51","4.49","6.51","6.51","6.50","6.51","0.00","","6.51","4,591","29,887.41"
"25/05/2026","TBL","1.20","1.20","1.20","1.20","1.20","1.20","0.00","1.32","","0","0.00"
"25/05/2026","TOTAL","40.30","32.91","32.91","32.91","32.91","32.91","0.00","","","17,822","586,526.18"
"25/05/2026","TLW","11.92","11.92","11.92","11.92","11.92","11.92","0.00","11.92","","21","250.32"
"25/05/2026","UNIL","30.00","19.79","29.50","29.50","29.50","29.50","0.00","","29.50","542","15,989.00"
"25/05/2026","ZEN","10.64","5.00","9.68","9.68","10.64","10.64","0.96","10.64","","40,401","429,866.64"
"25/05/2026","AADS","0.42","0.42","0.42","0.42","0.42","0.42","0.00","0.46","","0","0.00"
"25/05/2026","SCBPREF","0.90","0.90","0.90","0.90","0.90","0.90","0.00","0.95","","142","134.90"
"25/05/2026","GLD","533.93","466.72","497.00","497.00","497.00","497.00","0.00","497.00","","1","497.00"
"25/05/2026","SAMBA","0.55","0.55","0.55","0.55","0.55","0.55","0.00","0.55","","0","0.00"
"25/05/2026","MMH","0.10","0.10","0.10","0.10","0.10","0.10","0.00","0.11","","0","0.00"
"25/05/2026","HORDS","0.11","0.09","0.11","0.11","0.11","0.11","0.00","0.12","","0","0.00"
"25/05/2026","IIL","0.08","0.05","0.08","0.08","0.08","0.08","0.00","0.09","","0","0.00"
"25/05/2026","DIGICUT","0.09","0.09","0.09","0.09","0.09","0.09","0.00","0.09","","0","0.00"
"22/05/2026","ACCESS","46.64","16.20","27.60","27.60","27.60","27.60","0.00","27.60","","8,491","234,351.60"
"22/05/2026","ADB","5.30","5.06","5.30","5.30","5.30","5.30","0.00","5.30","","4","21.20"
"22/05/2026","AGA","37.00","37.00","37.00","37.00","37.00","37.00","0.00","40.70","","0","0.00"
"22/05/2026","**ALW**","0.10","0.10","0.10","0.10","0.10","0.10","0.00","","","0","0.00"
"22/05/2026","ASG","8.89","8.89","8.89","8.89","8.89","8.89","0.00","8.89","","1","8.89"
"22/05/2026","ALLGH","8.46","6.12","8.46","8.46","8.46","8.46","0.00","","8.46","2,774","23,468.04"
"22/05/2026","BOPP","100.00","55.82","85.50","85.50","85.50","85.50","0.00","","85.50","493","42,151.50"
"22/05/2026","CAL","0.94","0.61","0.76","0.76","0.76","0.76","0.00","0.73","0.76","300,206","227,384.75"
"22/05/2026","CLYD","2.04","0.46","2.00","2.00","2.04","2.04","0.04","2.01","","5,400","10,958.00"
"22/05/2026","CMLT","0.14","0.14","0.14","0.14","0.14","0.14","0.00","0.15","","0","0.00"
"22/05/2026","CPC","0.12","0.05","0.12","0.12","0.12","0.12","0.00","0.13","","0","0.00"
"22/05/2026","DASPHARMA","0.41","0.38","0.41","0.41","0.41","0.41","0.00","0.42","","0","0.00"
"22/05/2026","EGH","57.00","25.00","48.00","48.00","48.00","48.00","0.00","","48.00","91","4,368.00"
"22/05/2026","EGL","12.16","3.48","10.06","10.06","10.00","10.00","-0.06","10.64","","4,014","40,146.62"
"22/05/2026","ETI","2.82","0.76","1.40","1.40","1.40","1.33","-0.07","1.39","1.40","166,993","222,886.51"
"22/05/2026","FML","16.35","8.00","13.33","13.33","13.33","13.33","0.00","","13.33","2,041","27,206.32"
"22/05/2026","FAB","7.97","7.71","7.97","7.97","7.97","7.97","0.00","7.97","","0","0.00"
"22/05/2026","GCB","52.00","20.11","36.99","36.99","36.99","36.99","0.00","36.00","36.99","18,453","682,576.47"
"22/05/2026","GGBL","16.50","6.60","14.96","14.96","14.75","14.75","-0.21","","14.75","804","11,859.00"
"22/05/2026","GOIL","8.01","2.96","7.93","7.93","7.93","7.93","0.00","7.94","","14,694","116,572.94"
"22/05/2026","MAC","5.20","5.20","5.20","5.20","5.20","5.20","0.00","5.20","","0","0.00"
"22/05/2026","MTNGH","6.80","4.20","6.73","6.73","6.73","6.73","0.00","6.72","6.73","1,776,101","11,955,854.47"
"22/05/2026","PBC**","0.02","0.02","0.02","0.02","0.02","0.02","0.00","","","0","0.00"
"22/05/2026","RBGH","5.58","1.30","5.29","5.29","5.29","5.29","0.00","","5.15","1,239","6,554.31"
"22/05/2026","SCB","79.41","29.22","71.38","71.38","71.38","71.38","0.00","","71.38","12","856.56"
"22/05/2026","SIC","6.03","1.20","5.43","5.43","5.28","5.29","-0.14","","5.39","13,272","70,186.43"
"22/05/2026","SOGEGH","11.51","4.49","6.54","6.54","6.50","6.51","-0.03","","6.54","22,805","148,550.86"
"22/05/2026","TBL","1.20","1.20","1.20","1.20","1.20","1.20","0.00","1.32","","33","43.56"
"22/05/2026","TOTAL","40.30","32.91","32.91","32.91","32.91","32.91","0.00","32.91","36.20","1,113","36,982.25"
"22/05/2026","TLW","11.92","11.92","11.92","11.92","11.92","11.92","0.00","11.92","","1","11.92"
"22/05/2026","UNIL","30.00","19.79","29.50","29.50","29.50","29.50","0.00","","29.50","190","5,605.00"
"22/05/2026","ZEN","9.68","5.00","8.80","8.80","9.68","9.68","0.88","8.80","","4,075","39,446.00"
"22/05/2026","AADS","0.42","0.42","0.42","0.42","0.42","0.42","0.00","0.46","","0","0.00"
"22/05/2026","SCBPREF","0.90","0.90","0.90","0.90","0.90","0.90","0.00","0.90","","500","450.00"
"22/05/2026","GLD","533.93","466.72","497.00","497.00","497.00","497.00","0.00","497.00","","117","58,149.00"
"22/05/2026","SAMBA","0.55","0.55","0.55","0.55","0.55","0.55","0.00","0.55","","0","0.00"
"22/05/2026","MMH","0.10","0.10","0.10","0.10","0.10","0.10","0.00","0.11","","0","0.00"
"22/05/2026","HORDS","0.11","0.09","0.11","0.11","0.11","0.11","0.00","0.12","","4,877","585.22"
"22/05/2026","IIL","0.08","0.05","0.08","0.08","0.08","0.08","0.00","0.09","","3,100","279.00"
"22/05/2026","DIGICUT","0.09","0.09","0.09","0.09","0.09","0.09","0.00","0.09","","0","0.00"
"21/05/2026","ACCESS","46.64","16.20","27.60","27.60","27.60","27.60","0.00","27.60","","512","14,131.20"
"21/05/2026","ADB","5.30","5.06","5.30","5.30","5.30","5.30","0.00","5.30","","0","0.00"
"21/05/2026","AGA","37.00","37.00","37.00","37.00","37.00","37.00","0.00","40.70","","0","0.00"
"21/05/2026","**ALW**","0.10","0.10","0.10","0.10","0.10","0.10","0.00","","","0","0.00"
"21/05/2026","ASG","8.89","8.89","8.89","8.89","8.89","8.89","0.00","8.89","","0","0.00"
"21/05/2026","ALLGH","8.46","6.12","8.46","8.46","8.46","8.46","0.00","","8.46","9,213","77,941.98"
"21/05/2026","BOPP","100.00","55.82","85.50","85.50","85.50","85.50","0.00","","85.50","671","57,370.50"
"21/05/2026","CAL","0.94","0.61","0.76","0.76","0.76","0.76","0.00","0.73","0.76","186,714","141,802.64"
"21/05/2026","CLYD","2.00","0.46","2.00","2.00","2.00","2.00","0.00","2.01","","24,464","48,928.00"
"21/05/2026","CMLT","0.14","0.14","0.14","0.14","0.14","0.14","0.00","0.15","","0","0.00"
"21/05/2026","CPC","0.12","0.05","0.12","0.12","0.12","0.12","0.00","0.13","","0","0.00"
"21/05/2026","DASPHARMA","0.41","0.38","0.41","0.41","0.41","0.41","0.00","0.42","","0","0.00"
"21/05/2026","EGH","57.00","25.00","48.00","48.00","48.00","48.00","0.00","","48.00","250","12,000.00"
"21/05/2026","EGL","12.16","3.48","10.00","10.00","10.64","10.06","0.06","10.64","","12,482","125,268.64"
"21/05/2026","ETI","2.82","0.76","1.42","1.42","1.40","1.40","-0.02","1.39","1.40","213,496","299,347.62"
"21/05/2026","FML","16.35","8.00","13.34","13.34","13.33","13.33","-0.01","","13.33","6,642","88,562.98"
"21/05/2026","FAB","7.97","7.71","7.97","7.97","7.97","7.97","0.00","7.97","","13,000","103,610.00"
"21/05/2026","GCB","52.00","20.11","36.99","36.99","36.99","36.99","0.00","36.00","36.99","15,152","560,472.48"
"21/05/2026","GGBL","16.50","6.60","14.96","14.96","14.96","14.96","0.00","","14.75","0","0.00"
"21/05/2026","GOIL","8.01","2.96","7.93","7.93","7.93","7.93","0.00","7.94","","10,053","79,720.29"
"21/05/2026","MAC","5.20","5.20","5.20","5.20","5.20","5.20","0.00","5.20","","0","0.00"
"21/05/2026","MTNGH","6.80","4.20","6.72","6.72","6.73","6.73","0.01","6.72","6.73","408,453","2,752,291.23"
"21/05/2026","PBC**","0.02","0.02","0.02","0.02","0.02","0.02","0.00","","","0","0.00"
"21/05/2026","RBGH","5.58","1.30","5.29","5.29","5.29","5.29","0.00","","5.15","1,431","7,455.75"
"21/05/2026","SCB","79.41","29.22","71.38","71.38","71.38","71.38","0.00","","71.38","13","927.94"
"21/05/2026","SIC","6.03","1.20","5.43","5.43","5.20","5.43","0.00","","5.39","1,016","5,476.24"
"21/05/2026","SOGEGH","11.51","4.49","6.54","6.54","6.50","6.54","0.00","","6.54","4,596","30,057.84"
"21/05/2026","TBL","1.20","1.20","1.20","1.20","1.20","1.20","0.00","1.32","","0","0.00"
"21/05/2026","TOTAL","40.30","32.91","32.91","32.91","32.91","32.91","0.00","32.91","36.20","0","0.00"
"21/05/2026","TLW","11.92","11.92","11.92","11.92","11.92","11.92","0.00","11.92","","2","23.84"
"21/05/2026","UNIL","30.00","19.79","30.00","30.00","29.50","29.50","-0.50","","29.50","25,256","745,119.00"
"21/05/2026","ZEN","8.80","5.00","8.00","8.00","8.80","8.80","0.80","8.80","","5,001","44,008.80"
"21/05/2026","AADS","0.42","0.42","0.42","0.42","0.42","0.42","0.00","0.46","","0","0.00"
"21/05/2026","SCBPREF","0.90","0.90","0.90","0.90","0.90","0.90","0.00","0.90","","0","0.00"
"21/05/2026","GLD","533.93","466.72","497.00","497.00","497.00","497.00","0.00","497.00","","6","2,982.00"
"21/05/2026","SAMBA","0.55","0.55","0.55","0.55","0.55","0.55","0.00","0.55","","0","0.00"
"21/05/2026","MMH","0.10","0.10","0.10","0.10","0.10","0.10","0.00","0.11","","10,000","1,100.00"
"21/05/2026","HORDS","0.11","0.09","0.11","0.11","0.11","0.11","0.00","0.12","","0","0.00"
"21/05/2026","IIL","0.08","0.05","0.08","0.08","0.08","0.08","0.00","0.09","","3,921,008","352,890.72"
"21/05/2026","DIGICUT","0.09","0.09","0.09","0.09","0.09","0.09","0.00","0.09","","0","0.00"
"20/05/2026","ACCESS","46.64","16.20","27.60","27.60","27.60","27.60","0.00","27.60","","923","25,474.80"
"20/05/2026","ADB","5.30","5.06","5.30","5.30","5.30","5.30","0.00","5.30","","12","63.60"
"20/05/2026","AGA","37.00","37.00","37.00","37.00","37.00","37.00","0.00","40.70","","0","0.00"
"20/05/2026","**ALW**","0.10","0.10","0.10","0.10","0.10","0.10","0.00","","","0","0.00"
"20/05/2026","ASG","8.89","8.89","8.89","8.89","8.89","8.89","0.00","8.89","","0","0.00"
"20/05/2026","ALLGH","8.46","6.12","8.46","8.46","8.46","8.46","0.00","","8.46","1,004","8,493.84"
"20/05/2026","BOPP","100.00","55.82","85.50","85.50","85.50","85.50","0.00","","85.50","388","33,174.00"
"20/05/2026","CAL","0.94","0.61","0.76","0.76","0.76","0.76","0.00","0.76","0.78","583,102","443,122.83"
"20/05/2026","CLYD","2.00","0.46","1.99","1.99","2.00","2.00","0.01","2.00","","20,450","40,900.00"
"20/05/2026","CMLT","0.14","0.14","0.14","0.14","0.14","0.14","0.00","0.15","","0","0.00"
"20/05/2026","CPC","0.12","0.05","0.12","0.12","0.12","0.12","0.00","0.13","","0","0.00"
"20/05/2026","DASPHARMA","0.41","0.38","0.41","0.41","0.41","0.41","0.00","0.42","","0","0.00"
"20/05/2026","EGH","57.00","25.00","48.64","48.64","48.00","48.00","-0.64","","48.64","3,639","174,672.00"
"20/05/2026","EGL","12.16","3.48","10.00","10.00","10.00","10.00","0.00","","10.00","2,384","23,840.00"
"20/05/2026","ETI","2.82","0.76","1.47","1.47","1.46","1.42","-0.05","1.50","1.55","140,193","199,530.86"
"20/05/2026","FML","16.35","8.00","13.34","13.34","13.34","13.34","0.00","","13.34","954","12,726.36"
"20/05/2026","FAB","7.97","7.71","7.97","7.97","7.97","7.97","0.00","7.97","","0","0.00"
"20/05/2026","GCB","52.00","20.11","36.99","36.99","36.99","36.99","0.00","36.99","","22,919","847,773.81"
"20/05/2026","GGBL","16.50","6.60","14.96","14.96","14.96","14.96","0.00","","14.89","0","0.00"
"20/05/2026","GOIL","8.01","2.96","7.93","7.93","7.93","7.93","0.00","","7.93","5,966","47,310.38"
"20/05/2026","MAC","5.20","5.20","5.20","5.20","5.20","5.20","0.00","5.20","","4","20.80"
"20/05/2026","MTNGH","6.80","4.20","6.53","6.53","6.72","6.72","0.19","6.60","6.72","374,476","2,518,187.19"
"20/05/2026","PBC**","0.02","0.02","0.02","0.02","0.02","0.02","0.00","","","0","0.00"
"20/05/2026","RBGH","5.58","1.30","5.29","5.29","5.29","5.29","0.00","5.29","5.30","909","4,808.61"
"20/05/2026","SCB","79.41","29.22","71.38","71.38","71.38","71.38","0.00","","71.38","10","713.80"
"20/05/2026","SIC","6.03","1.20","5.55","5.55","5.20","5.43","-0.12","5.20","5.40","16,141","87,643.81"
"20/05/2026","SOGEGH","11.51","4.49","6.56","6.56","6.50","6.54","-0.02","","6.50","6,172","40,353.74"
"20/05/2026","TBL","1.20","1.20","1.20","1.20","1.20","1.20","0.00","1.32","","0","0.00"
"20/05/2026","TOTAL","40.30","32.91","32.91","32.91","32.91","32.91","0.00","32.80","32.91","859","28,269.69"
"20/05/2026","TLW","11.92","11.92","11.92","11.92","11.92","11.92","0.00","11.92","","360","4,291.20"
"20/05/2026","UNIL","30.00","19.79","30.00","30.00","30.00","30.00","0.00","","30.00","1,087","32,610.00"
"20/05/2026","ZEN","8.00","5.00","8.00","8.00","8.00","8.00","0.00","8.02","","0","0.00"
"20/05/2026","AADS","0.42","0.42","0.42","0.42","0.42","0.42","0.00","0.46","","0","0.00"
"20/05/2026","SCBPREF","0.90","0.90","0.90","0.90","0.90","0.90","0.00","0.90","","0","0.00"
"20/05/2026","GLD","533.93","466.72","497.00","497.00","497.00","497.00","0.00","497.00","","77","38,269.00"
"20/05/2026","SAMBA","0.55","0.55","0.55","0.55","0.55","0.55","0.00","0.55","","0","0.00"
"20/05/2026","MMH","0.10","0.10","0.10","0.10","0.10","0.10","0.00","0.10","","0","0.00"
"20/05/2026","HORDS","0.11","0.09","0.11","0.11","0.11","0.11","0.00","0.12","","0","0.00"
"20/05/2026","IIL","0.08","0.05","0.08","0.08","0.08","0.08","0.00","0.09","","0","0.00"
"20/05/2026","DIGICUT","0.09","0.09","0.09","0.09","0.09","0.09","0.00","0.09","","0","0.00"
"19/05/2026","ACCESS","46.64","16.20","27.60","27.60","27.60","27.60","0.00","27.60","","2,109","58,208.40"
"19/05/2026","ADB","5.30","5.06","5.30","5.30","5.30","5.30","0.00","5.30","","0","0.00"
"19/05/2026","AGA","37.00","37.00","37.00","37.00","37.00","37.00","0.00","40.70","","0","0.00"
"19/05/2026","**ALW**","0.10","0.10","0.10","0.10","0.10","0.10","0.00","","","0","0.00"
"19/05/2026","ASG","8.89","8.89","8.89","8.89","8.89","8.89","0.00","8.89","","8","71.12"
"19/05/2026","ALLGH","8.46","6.12","8.46","8.46","8.46","8.46","0.00","","8.46","7,810","66,072.60"
"19/05/2026","BOPP","100.00","55.82","85.50","85.50","85.50","85.50","0.00","","85.50","314","26,847.00"
"19/05/2026","CAL","0.94","0.61","0.76","0.76","0.78","0.76","0.00","0.78","0.80","236,466","180,107.10"
"19/05/2026","CLYD","1.99","0.46","1.97","1.97","2.16","1.99","0.02","2.16","","24,700","49,302.00"
"19/05/2026","CMLT","0.14","0.14","0.14","0.14","0.14","0.14","0.00","0.15","","0","0.00"
"19/05/2026","CPC","0.12","0.05","0.12","0.12","0.12","0.12","0.00","0.13","","0","0.00"
"19/05/2026","DASPHARMA","0.41","0.38","0.41","0.41","0.41","0.41","0.00","0.42","","0","0.00"
"19/05/2026","EGH","57.00","25.00","48.69","48.69","48.64","48.64","-0.05","","48.64","5,067","246,458.88"
"19/05/2026","EGL","12.16","3.48","10.20","10.20","10.00","10.00","-0.20","","10.00","10,152","101,520.00"
"19/05/2026","ETI","2.82","0.76","1.55","1.55","1.50","1.47","-0.08","1.50","1.55","79,765","118,329.80"
"19/05/2026","FML","16.35","8.00","13.34","13.34","13.34","13.34","0.00","","13.34","884","11,792.56"
"19/05/2026","FAB","7.97","7.71","7.97","7.97","7.97","7.97","0.00","7.97","","0","0.00"
"19/05/2026","GCB","52.00","20.11","36.00","36.00","37.00","36.99","0.99","37.00","","97,497","3,606,336.00"
"19/05/2026","GGBL","16.50","6.60","14.96","14.96","14.96","14.96","0.00","","14.89","0","0.00"
"19/05/2026","GOIL","8.01","2.96","7.94","7.94","7.93","7.93","-0.01","7.93","7.94","8,085","64,128.56"
"19/05/2026","MAC","5.20","5.20","5.20","5.20","5.20","5.20","0.00","5.20","","0","0.00"
"19/05/2026","MTNGH","6.80","4.20","6.49","6.49","6.70","6.53","0.04","6.50","6.74","204,986","1,342,589.65"
"19/05/2026","PBC**","0.02","0.02","0.02","0.02","0.02","0.02","0.00","","","0","0.00"
"19/05/2026","RBGH","5.58","1.30","5.40","5.40","5.29","5.29","-0.11","5.29","5.30","9,791","51,818.21"
"19/05/2026","SCB","79.41","29.22","71.38","71.38","71.38","71.38","0.00","","71.38","92","6,566.96"
"19/05/2026","SIC","6.03","1.20","5.69","5.69","5.63","5.55","-0.14","","5.59","20,478","113,710.36"
"19/05/2026","SOGEGH","11.51","4.49","6.56","6.56","6.56","6.56","0.00","","6.56","17,290","113,422.40"
"19/05/2026","TBL","1.20","1.20","1.20","1.20","1.20","1.20","0.00","1.32","","0","0.00"
"19/05/2026","TOTAL","40.30","32.91","32.91","32.91","32.91","32.91","0.00","32.80","32.91","584","19,188.09"
"19/05/2026","TLW","11.92","11.92","11.92","11.92","11.92","11.92","0.00","11.92","","0","0.00"
"19/05/2026","UNIL","30.00","19.79","30.00","30.00","30.00","30.00","0.00","","30.00","274","8,220.00"
"19/05/2026","ZEN","8.00","5.00","7.55","7.55","8.00","8.00","0.45","8.02","","1,000","8,000.00"
"19/05/2026","AADS","0.42","0.42","0.42","0.42","0.42","0.42","0.00","0.46","","0","0.00"
"19/05/2026","SCBPREF","0.90","0.90","0.90","0.90","0.90","0.90","0.00","0.90","","0","0.00"
"19/05/2026","GLD","533.93","466.72","497.00","497.00","497.00","497.00","0.00","497.00","","31","15,407.00"
"19/05/2026","SAMBA","0.55","0.55","0.55","0.55","0.55","0.55","0.00","0.55","","0","0.00"
"19/05/2026","MMH","0.10","0.10","0.10","0.10","0.10","0.10","0.00","0.10","","0","0.00"
"19/05/2026","HORDS","0.11","0.09","0.11","0.11","0.11","0.11","0.00","0.12","","0","0.00"
"19/05/2026","IIL","0.08","0.05","0.08","0.08","0.08","0.08","0.00","0.08","","0","0.00"
"19/05/2026","DIGICUT","0.09","0.09","0.09","0.09","0.09","0.09","0.00","0.09","","0","0.00"
"18/05/2026","ACCESS","46.64","16.20","27.60","27.60","27.60","27.60","0.00","27.60","","244","6,734.40"
"18/05/2026","ADB","5.30","5.06","5.30","5.30","5.30","5.30","0.00","5.30","","3","15.90"
"18/05/2026","AGA","37.00","37.00","37.00","37.00","37.00","37.00","0.00","40.70","","0","0.00"
"18/05/2026","**ALW**","0.10","0.10","0.10","0.10","0.10","0.10","0.00","","","0","0.00"
"18/05/2026","ASG","8.89","8.89","8.89","8.89","8.89","8.89","0.00","8.89","","0","0.00"
"18/05/2026","ALLGH","8.46","6.12","8.46","8.46","8.46","8.46","0.00","","8.46","3,756","31,775.76"
"18/05/2026","BOPP","100.00","55.82","85.50","85.50","85.50","85.50","0.00","","85.50","2,032","173,736.00"
"18/05/2026","CAL","0.94","0.61","0.77","0.77","0.74","0.76","-0.01","0.74","0.77","414,659","313,048.74"
"18/05/2026","CLYD","1.97","0.46","1.97","1.97","1.97","1.97","0.00","1.97","","0","0.00"
"18/05/2026","CMLT","0.14","0.14","0.14","0.14","0.14","0.14","0.00","0.15","","0","0.00"
"18/05/2026","CPC","0.12","0.05","0.12","0.12","0.12","0.12","0.00","0.13","","0","0.00"
"18/05/2026","DASPHARMA","0.41","0.38","0.41","0.41","0.41","0.41","0.00","0.42","","0","0.00"
"18/05/2026","EGH","57.00","25.00","48.85","48.85","48.69","48.69","-0.16","","48.65","10,371","504,963.99"
"18/05/2026","EGL","12.16","3.48","10.64","10.64","10.20","10.20","-0.44","10.00","10.64","2,668","27,512.36"
"18/05/2026","ETI","2.82","0.76","1.52","1.52","1.55","1.55","0.03","1.46","1.55","337,619","523,491.14"
"18/05/2026","FML","16.35","8.00","13.34","13.34","13.34","13.34","0.00","","13.34","2,295","30,615.30"
"18/05/2026","FAB","7.97","7.71","7.97","7.97","7.97","7.97","0.00","7.84","","0","0.00"
"18/05/2026","GCB","52.00","20.11","36.00","36.00","36.00","36.00","0.00","36.00","","1,234","44,424.00"
"18/05/2026","GGBL","16.50","6.60","14.96","14.96","14.96","14.96","0.00","","14.90","0","0.00"
"18/05/2026","GOIL","8.01","2.96","7.94","7.94","7.94","7.94","0.00","7.93","7.94","40,988","325,444.72"
"18/05/2026","MAC","5.20","5.20","5.20","5.20","5.20","5.20","0.00","","","30","156.00"
"18/05/2026","MTNGH","6.80","4.20","6.49","6.49","6.50","6.49","0.00","6.49","6.50","574,640","3,732,506.56"
"18/05/2026","PBC**","0.02","0.02","0.02","0.02","0.02","0.02","0.00","","","0","0.00"
"18/05/2026","RBGH","5.58","1.30","5.50","5.50","5.40","5.40","-0.10","","5.40","3,810","20,591.70"
"18/05/2026","SCB","79.41","29.22","71.38","71.38","71.38","71.38","0.00","","71.38","3,394","242,263.72"
"18/05/2026","SIC","6.03","1.20","5.77","5.77","5.68","5.69","-0.08","","5.68","38,092","216,583.46"
"18/05/2026","SOGEGH","11.51","4.49","6.46","6.46","6.88","6.56","0.10","6.88","","10,952","71,674.48"
"18/05/2026","TBL","1.20","1.20","1.20","1.20","1.20","1.20","0.00","1.32","","0","0.00"
"18/05/2026","TOTAL","40.30","32.91","33.00","33.00","32.90","32.91","-0.09","32.80","32.90","9,364","308,287.00"
"18/05/2026","TLW","11.92","11.92","11.92","11.92","11.92","11.92","0.00","11.92","","0","0.00"
"18/05/2026","UNIL","30.00","19.79","30.00","30.00","30.00","30.00","0.00","","30.00","279","8,370.00"
"18/05/2026","ZEN","7.55","5.00","7.55","7.55","7.55","7.55","0.00","7.72","","0","0.00"
"18/05/2026","AADS","0.42","0.42","0.42","0.42","0.42","0.42","0.00","0.46","","0","0.00"
"18/05/2026","SCBPREF","0.90","0.90","0.90","0.90","0.90","0.90","0.00","0.90","","0","0.00"
"18/05/2026","GLD","533.93","466.72","497.00","497.00","497.00","497.00","0.00","497.00","","6","2,982.00"
"18/05/2026","SAMBA","0.55","0.55","0.55","0.55","0.55","0.55","0.00","0.55","","0","0.00"
"18/05/2026","MMH","0.10","0.10","0.10","0.10","0.10","0.10","0.00","0.10","","0","0.00"
"18/05/2026","HORDS","0.11","0.09","0.11","0.11","0.11","0.11","0.00","0.12","","5","0.55"
"18/05/2026","IIL","0.08","0.05","0.07","0.07","0.08","0.08","0.01","0.08","","47,575,750","3,806,060.00"
"18/05/2026","DIGICUT","0.09","0.09","0.09","0.09","0.09","0.09","0.00","","","0","0.00"
"15/05/2026","ACCESS","46.64","16.20","27.60","27.60","27.60","27.60","0.00","27.61","","478","13,192.80"
"15/05/2026","ADB","5.30","5.06","5.30","5.30","5.30","5.30","0.00","5.30","","0","0.00"
"15/05/2026","AGA","37.00","37.00","37.00","37.00","37.00","37.00","0.00","40.70","","0","0.00"
"15/05/2026","**ALW**","0.10","0.10","0.10","0.10","0.10","0.10","0.00","","","0","0.00"
"15/05/2026","ASG","8.89","8.89","8.89","8.89","8.89","8.89","0.00","8.89","","0","0.00"
"15/05/2026","ALLGH","8.46","6.12","8.46","8.46","8.46","8.46","0.00","","8.46","7,058","59,710.68"
"15/05/2026","BOPP","100.00","55.82","85.50","85.50","85.50","85.50","0.00","","85.50","2,152","183,996.00"
"15/05/2026","CAL","0.94","0.61","0.76","0.76","0.78","0.77","0.01","0.75","0.78","306,413","237,495.63"
"15/05/2026","CLYD","1.97","0.46","1.97","1.97","1.97","1.97","0.00","2.16","","25","49.25"
"15/05/2026","CMLT","0.14","0.14","0.14","0.14","0.14","0.14","0.00","0.15","","0","0.00"
"15/05/2026","CPC","0.12","0.05","0.12","0.12","0.12","0.12","0.00","0.13","","0","0.00"
"15/05/2026","DASPHARMA","0.41","0.38","0.41","0.41","0.41","0.41","0.00","0.42","","0","0.00"
"15/05/2026","EGH","57.00","25.00","48.85","48.85","48.85","48.85","0.00","","48.69","0","0.00"
"15/05/2026","EGL","12.16","3.48","10.64","10.64","10.64","10.64","0.00","","10.20","65","691.60"
"15/05/2026","ETI","2.82","0.76","1.53","1.53","1.56","1.52","-0.01","1.56","1.58","270,693","414,076.13"
"15/05/2026","FML","16.35","8.00","13.34","13.34","13.34","13.34","0.00","","13.34","1,980","26,413.20"
"15/05/2026","FAB","7.97","7.71","7.97","7.97","7.97","7.97","0.00","7.84","","0","0.00"
"15/05/2026","GCB","52.00","20.11","36.00","36.00","36.00","36.00","0.00","36.00","","3,287","118,392.00"
"15/05/2026","GGBL","16.50","6.60","14.96","14.96","14.96","14.96","0.00","","14.75","24","359.04"
"15/05/2026","GOIL","8.01","2.96","7.94","7.94","7.94","7.94","0.00","","7.94","28,660","227,560.40"
"15/05/2026","MAC","5.20","5.20","5.20","5.20","5.20","5.20","0.00","5.20","","0","0.00"
"15/05/2026","MTNGH","6.80","4.20","6.50","6.50","6.50","6.49","-0.01","6.40","6.50","786,652","5,109,419.84"
"15/05/2026","PBC**","0.02","0.02","0.02","0.02","0.02","0.02","0.00","","","0","0.00"
"15/05/2026","RBGH","5.58","1.30","5.50","5.50","5.45","5.50","0.00","","5.45","1,369","7,496.84"
"15/05/2026","SCB","79.41","29.22","71.38","71.38","71.38","71.38","0.00","","71.38","41","2,926.58"
"15/05/2026","SIC","6.03","1.20","5.77","5.77","5.70","5.77","0.00","","5.69","328","1,869.60"
"15/05/2026","SOGEGH","11.51","4.49","6.46","6.46","6.46","6.46","0.00","6.50","6.60","0","0.00"
"15/05/2026","TBL","1.20","1.20","1.20","1.20","1.20","1.20","0.00","1.32","","0","0.00"
"15/05/2026","TOTAL","40.30","34.23","32.99","32.99","33.00","33.00","0.01","33.00","","7,302","240,965.76"
"15/05/2026","TLW","11.92","11.92","11.92","11.92","11.92","11.92","0.00","11.92","","1","11.92"
"15/05/2026","UNIL","30.00","19.79","30.00","30.00","30.00","30.00","0.00","","30.00","139","4,170.00"
"15/05/2026","ZEN","7.55","5.00","7.55","7.55","7.55","7.55","0.00","7.63","","0","0.00"
"15/05/2026","AADS","0.42","0.42","0.42","0.42","0.42","0.42","0.00","0.46","","0","0.00"
"15/05/2026","SCBPREF","0.90","0.90","0.90","0.90","0.90","0.90","0.00","0.90","","0","0.00"
"15/05/2026","GLD","533.93","466.72","497.01","497.01","497.00","497.00","-0.01","497.00","","6,725","3,342,335.98"
"15/05/2026","SAMBA","0.55","0.55","0.55","0.55","0.55","0.55","0.00","0.55","","0","0.00"
"15/05/2026","MMH","0.10","0.10","0.10","0.10","0.10","0.10","0.00","0.10","","1","0.10"
"15/05/2026","HORDS","0.11","0.09","0.10","0.10","0.11","0.11","0.01","0.11","","39,321","4,324.35"
"15/05/2026","IIL","0.07","0.05","0.06","0.06","0.07","0.07","0.01","0.07","","2,000","140.00"
"15/05/2026","DIGICUT","0.09","0.09","0.09","0.09","0.09","0.09","0.00","0.09","","0","0.00"
"14/05/2026","ACCESS","46.64","16.20","27.60","27.60","27.60","27.60","0.00","27.60","","90","2,484.00"
"14/05/2026","ADB","5.30","5.06","5.30","5.30","5.30","5.30","0.00","5.30","","6","31.80"
"14/05/2026","AGA","37.00","37.00","37.00","37.00","37.00","37.00","0.00","40.70","","0","0.00"
"14/05/2026","**ALW**","0.10","0.10","0.10","0.10","0.10","0.10","0.00","","","0","0.00"
"14/05/2026","ASG","8.89","8.89","8.89","8.89","8.89","8.89","0.00","8.89","","0","0.00"
"14/05/2026","ALLGH","8.46","6.12","8.46","8.46","8.46","8.46","0.00","","8.46","11,954","101,130.84"
"14/05/2026","BOPP","100.00","55.82","85.50","85.50","85.50","85.50","0.00","","85.50","1,490","127,395.00"
"14/05/2026","CAL","0.94","0.61","0.80","0.80","0.78","0.76","-0.04","0.78","0.80","142,557","109,594.96"
"14/05/2026","CLYD","1.97","0.46","1.80","1.80","1.97","1.97","0.17","1.97","","5,000","9,850.00"
"14/05/2026","CMLT","0.14","0.14","0.14","0.14","0.14","0.14","0.00","0.15","","0","0.00"
"14/05/2026","CPC","0.12","0.05","0.12","0.12","0.12","0.12","0.00","0.13","","0","0.00"
"14/05/2026","DASPHARMA","0.41","0.38","0.41","0.41","0.41","0.41","0.00","0.42","","571","234.11"
"14/05/2026","EGH","57.00","25.00","48.85","48.85","48.74","48.85","0.00","","48.70","285","13,890.90"
"14/05/2026","EGL","12.16","3.48","10.64","10.64","10.20","10.64","0.00","","10.20","2,168","23,062.68"
"14/05/2026","ETI","2.82","0.76","1.48","1.48","1.60","1.53","0.05","1.55","1.60","230,686","351,665.62"
"14/05/2026","FML","16.35","8.00","13.34","13.34","13.34","13.34","0.00","13.34","13.90","1,549","20,663.66"
"14/05/2026","FAB","7.97","7.71","7.97","7.97","7.97","7.97","0.00","7.84","","0","0.00"
"14/05/2026","GCB","52.00","20.11","36.00","36.00","36.00","36.00","0.00","36.00","","1,972","72,763.20"
"14/05/2026","GGBL","16.50","6.60","14.96","14.96","14.75","14.96","0.00","","14.75","950","14,062.47"
"14/05/2026","GOIL","8.01","2.96","7.94","7.94","7.94","7.94","0.00","","7.94","33,460","265,672.40"
"14/05/2026","MAC","5.20","5.20","5.20","5.20","5.20","5.20","0.00","5.20","","0","0.00"
"14/05/2026","MTNGH","6.80","4.20","6.52","6.52","6.50","6.50","-0.02","6.30","6.50","515,689","3,353,715.03"
"14/05/2026","PBC**","0.02","0.02","0.02","0.02","0.02","0.02","0.00","","","0","0.00"
"14/05/2026","RBGH","5.58","1.30","5.50","5.50","5.40","5.50","0.00","","5.40","438","2,406.30"
"14/05/2026","SCB","79.41","29.22","71.38","71.38","71.38","71.38","0.00","","71.38","33","2,355.54"
"14/05/2026","SIC","6.03","1.20","5.95","5.95","5.70","5.77","-0.18","","5.70","9,058","52,240.56"
"14/05/2026","SOGEGH","11.51","4.49","6.39","6.39","6.39","6.46","0.07","","6.39","8,881","57,240.52"
"14/05/2026","TBL","1.20","1.20","1.20","1.20","1.20","1.20","0.00","1.32","","0","0.00"
"14/05/2026","TOTAL","40.30","34.23","34.89","34.89","32.90","32.99","-1.90","32.90","33.00","9,614","317,185.50"
"14/05/2026","TLW","11.92","11.92","11.92","11.92","11.92","11.92","0.00","11.92","","266","3,170.72"
"14/05/2026","UNIL","30.00","19.79","30.00","30.00","30.00","30.00","0.00","","30.00","628","18,840.00"
"14/05/2026","ZEN","7.55","5.00","7.55","7.55","7.55","7.55","0.00","7.62","","0","0.00"
"14/05/2026","AADS","0.42","0.42","0.42","0.42","0.42","0.42","0.00","0.46","","0","0.00"
"14/05/2026","SCBPREF","0.90","0.90","0.90","0.90","0.90","0.90","0.00","0.90","","0","0.00"
"14/05/2026","GLD","533.93","466.72","497.01","497.01","497.01","497.01","0.00","497.01","","49","24,353.49"
"14/05/2026","SAMBA","0.55","0.55","0.55","0.55","0.55","0.55","0.00","0.55","","0","0.00"
"14/05/2026","MMH","0.10","0.10","0.10","0.10","0.10","0.10","0.00","0.10","","0","0.00"
"14/05/2026","HORDS","0.10","0.09","0.10","0.10","0.10","0.10","0.00","0.10","","0","0.00"
"14/05/2026","IIL","0.06","0.05","0.05","0.05","0.06","0.06","0.01","0.06","","2,000","120.00"
"14/05/2026","DIGICUT","0.09","0.09","0.09","0.09","0.09","0.09","0.00","0.09","","0","0.00"
"13/05/2026","ACCESS","46.64","16.20","30.60","30.60","27.60","27.60","-3.00","27.60","","759","21,185.40"
"13/05/2026","ADB","5.30","5.06","5.30","5.30","5.30","5.30","0.00","5.30","","1","5.30"
"13/05/2026","AGA","37.00","37.00","37.00","37.00","37.00","37.00","0.00","40.70","","0","0.00"
"13/05/2026","**ALW**","0.10","0.10","0.10","0.10","0.10","0.10","0.00","","","0","0.00"
"13/05/2026","ASG","8.89","8.89","8.89","8.89","8.89","8.89","0.00","8.89","","401","3,564.89"
"13/05/2026","ALLGH","8.46","6.12","8.46","8.46","8.46","8.46","0.00","8.46","","692","5,854.32"
"13/05/2026","BOPP","100.00","55.82","85.50","85.50","85.50","85.50","0.00","","85.50","174","14,877.00"
"13/05/2026","CAL","0.94","0.61","0.80","0.80","0.79","0.80","0.00","0.79","","171,434","137,097.20"
"13/05/2026","CLYD","1.80","0.46","1.80","1.80","1.80","1.80","0.00","1.97","","0","0.00"
"13/05/2026","CMLT","0.14","0.14","0.14","0.14","0.14","0.14","0.00","0.15","","0","0.00"
"13/05/2026","CPC","0.12","0.05","0.12","0.12","0.12","0.12","0.00","0.13","","0","0.00"
"13/05/2026","DASPHARMA","0.41","0.38","0.41","0.41","0.41","0.41","0.00","0.42","","0","0.00"
"13/05/2026","EGH","57.00","25.00","48.85","48.85","48.85","48.85","0.00","","48.75","0","0.00"
"13/05/2026","EGL","12.16","3.48","10.64","10.64","10.64","10.64","0.00","","10.20","1","10.64"
"13/05/2026","ETI","2.82","0.76","1.37","1.37","1.50","1.48","0.11","1.50","","81,780","120,779.01"
"13/05/2026","FML","16.35","8.00","13.34","13.34","13.05","13.34","0.00","13.05","13.34","1,168","15,507.75"
"13/05/2026","FAB","7.97","7.71","7.97","7.97","7.97","7.97","0.00","7.84","","0","0.00"
"13/05/2026","GCB","52.00","20.11","36.00","36.00","36.00","36.00","0.00","36.00","","4,438","159,768.00"
"13/05/2026","GGBL","16.50","6.60","14.96","14.96","14.96","14.96","0.00","","14.80","0","0.00"
"13/05/2026","GOIL","8.01","2.96","7.95","7.95","7.94","7.94","-0.01","7.94","7.95","7,726","61,344.44"
"13/05/2026","MAC","5.20","5.20","5.20","5.20","5.20","5.20","0.00","5.20","","0","0.00"
"13/05/2026","MTNGH","6.80","4.20","6.71","6.71","6.71","6.52","-0.19","6.50","6.71","788,826","5,142,987.82"
"13/05/2026","PBC**","0.02","0.02","0.02","0.02","0.02","0.02","0.00","","","0","0.00"
"13/05/2026","RBGH","5.58","1.30","5.50","5.50","5.50","5.50","0.00","","5.50","3,483","19,156.50"
"13/05/2026","SCB","79.41","29.22","71.38","71.38","71.38","71.38","0.00","","71.38","11","785.18"
"13/05/2026","SIC","6.03","1.20","5.95","5.95","5.90","5.95","0.00","","5.90","1,326","7,859.25"
"13/05/2026","SOGEGH","11.51","4.49","6.39","6.39","6.39","6.39","0.00","6.39","6.50","1,762","11,259.18"
"13/05/2026","TBL","1.20","1.20","1.20","1.20","1.20","1.20","0.00","1.32","","0","0.00"
"13/05/2026","TOTAL","40.30","34.23","34.89","34.89","34.89","34.89","0.00","33.00","34.89","1,234","43,054.26"
"13/05/2026","TLW","11.92","11.92","11.92","11.92","11.92","11.92","0.00","11.92","","35","417.20"
"13/05/2026","UNIL","30.00","19.79","30.00","30.00","30.00","30.00","0.00","28.00","30.00","390","11,700.00"
"13/05/2026","ZEN","7.55","5.00","7.55","7.55","7.55","7.55","0.00","8.00","","0","0.00"
"13/05/2026","AADS","0.42","0.42","0.42","0.42","0.42","0.42","0.00","0.46","","0","0.00"
"13/05/2026","SCBPREF","0.90","0.90","0.90","0.90","0.90","0.90","0.00","0.90","","0","0.00"
"13/05/2026","GLD","533.93","466.72","497.01","497.01","497.01","497.01","0.00","497.01","","31","15,407.31"
"13/05/2026","SAMBA","0.55","0.55","0.55","0.55","0.55","0.55","0.00","0.55","","0","0.00"
"13/05/2026","MMH","0.10","0.10","0.10","0.10","0.10","0.10","0.00","0.10","","0","0.00"
"13/05/2026","HORDS","0.10","0.09","0.10","0.10","0.10","0.10","0.00","0.10","","0","0.00"
"13/05/2026","IIL","0.05","0.05","0.05","0.05","0.05","0.05","0.00","0.05","","0","0.00"
"13/05/2026","DIGICUT","0.09","0.09","0.09","0.09","0.09","0.09","0.00","","","0","0.00"
"12/05/2026","ACCESS","46.64","16.20","30.60","30.60","30.60","30.60","0.00","30.60","","486","14,871.60"
"12/05/2026","ADB","5.30","5.06","5.30","5.30","5.30","5.30","0.00","5.30","","9","47.70"
"12/05/2026","AGA","37.00","37.00","37.00","37.00","37.00","37.00","0.00","40.70","","0","0.00"
"12/05/2026","**ALW**","0.10","0.10","0.10","0.10","0.10","0.10","0.00","","","0","0.00"
"12/05/2026","ASG","8.89","8.89","8.89","8.89","8.89","8.89","0.00","8.89","","18","160.02"
"12/05/2026","ALLGH","8.46","6.12","8.46","8.46","8.46","8.46","0.00","","8.46","8,805","74,490.30"
"12/05/2026","BOPP","100.00","55.82","85.50","85.50","85.50","85.50","0.00","","85.50","251","21,460.50"
"12/05/2026","CAL","0.94","0.61","0.81","0.81","0.80","0.80","-0.01","","0.80","123,184","98,547.20"
"12/05/2026","CLYD","1.80","0.46","1.64","1.64","1.80","1.80","0.16","1.80","","3,100","5,580.00"
"12/05/2026","CMLT","0.14","0.14","0.14","0.14","0.14","0.14","0.00","0.15","","0","0.00"
"12/05/2026","CPC","0.12","0.05","0.12","0.12","0.13","0.12","0.00","0.13","","1,633","212.29"
"12/05/2026","DASPHARMA","0.41","0.38","0.41","0.41","0.42","0.41","0.00","0.42","","320","134.40"
"12/05/2026","EGH","57.00","25.00","48.85","48.85","48.75","48.85","0.00","","48.75","200","9,750.00"
"12/05/2026","EGL","12.16","3.48","10.64","10.64","10.63","10.64","0.00","10.63","10.64","3,499","37,224.36"
"12/05/2026","ETI","2.82","0.76","1.51","1.51","1.37","1.37","-0.14","1.37","1.40","310,032","426,368.88"
"12/05/2026","FML","16.35","8.00","13.93","13.93","13.05","13.34","-0.59","","13.05","3,456","46,683.92"
"12/05/2026","FAB","7.97","7.71","7.97","7.97","7.97","7.97","0.00","7.84","","0","0.00"
"12/05/2026","GCB","52.00","20.11","40.00","40.00","36.01","36.00","-4.00","36.01","38.00","6,544","237,964.00"
"12/05/2026","GGBL","16.50","6.60","14.96","14.96","14.96","14.96","0.00","","14.74","0","0.00"
"12/05/2026","GOIL","8.01","2.96","7.95","7.95","7.94","7.95","0.00","","7.94","107","849.58"
"12/05/2026","MAC","5.20","5.20","5.20","5.20","5.20","5.20","0.00","5.20","","27","140.40"
"12/05/2026","MTNGH","6.80","4.20","6.64","6.64","6.80","6.71","0.07","6.75","6.80","252,217","1,690,732.35"
"12/05/2026","PBC**","0.02","0.02","0.02","0.02","0.02","0.02","0.00","","","0","0.00"
"12/05/2026","RBGH","5.58","1.30","5.50","5.50","5.50","5.50","0.00","","5.50","263","1,446.50"
"12/05/2026","SCB","79.41","29.22","71.38","71.38","71.38","71.38","0.00","","71.38","24","1,713.12"
"12/05/2026","SIC","6.03","1.20","5.98","5.98","5.95","5.95","-0.03","","5.95","27,814","165,493.30"
"12/05/2026","SOGEGH","11.51","4.49","6.39","6.39","6.39","6.39","0.00","","6.39","4,576","29,240.64"
"12/05/2026","TBL","1.20","1.20","1.20","1.20","1.20","1.20","0.00","1.32","","0","0.00"
"12/05/2026","TOTAL","40.30","34.23","34.89","34.89","34.89","34.89","0.00","33.00","34.89","2,620","91,411.80"
"12/05/2026","TLW","11.92","11.92","11.92","11.92","11.92","11.92","0.00","11.92","","90","1,072.80"
"12/05/2026","UNIL","30.00","19.79","30.00","30.00","30.00","30.00","0.00","","30.00","155","4,650.00"
"12/05/2026","ZEN","7.55","5.00","7.47","7.47","8.00","7.55","0.08","8.00","","35,893","271,079.64"
"12/05/2026","AADS","0.42","0.42","0.42","0.42","0.42","0.42","0.00","0.46","","0","0.00"
"12/05/2026","SCBPREF","0.90","0.90","0.90","0.90","0.90","0.90","0.00","0.90","","2,564","2,307.60"
"12/05/2026","GLD","533.93","466.72","497.01","497.01","497.01","497.01","0.00","497.01","","57","28,329.57"
"12/05/2026","SAMBA","0.55","0.55","0.55","0.55","0.55","0.55","0.00","0.55","","0","0.00"
"12/05/2026","MMH","0.10","0.10","0.10","0.10","0.10","0.10","0.00","0.10","","6","0.60"
"12/05/2026","HORDS","0.10","0.09","0.10","0.10","0.10","0.10","0.00","0.10","","0","0.00"
"12/05/2026","IIL","0.05","0.05","0.05","0.05","0.05","0.05","0.00","0.05","","0","0.00"
"12/05/2026","DIGICUT","0.09","0.09","0.09","0.09","0.09","0.09","0.00","","","0","0.00"
"11/05/2026","ACCESS","46.64","16.20","30.60","30.60","30.60","30.60","0.00","30.60","","469","14,351.40"
"11/05/2026","ADB","5.30","5.06","5.30","5.30","5.30","5.30","0.00","5.30","","12","63.60"
"11/05/2026","AGA","37.00","37.00","37.00","37.00","37.00","37.00","0.00","40.70","","0","0.00"
"11/05/2026","**ALW**","0.10","0.10","0.10","0.10","0.10","0.10","0.00","","","0","0.00"
"11/05/2026","ASG","8.89","8.89","8.89","8.89","8.89","8.89","0.00","8.89","","0","0.00"
"11/05/2026","ALLGH","8.46","6.12","7.80","7.80","8.50","8.46","0.66","7.20","8.50","40,123","339,359.20"
"11/05/2026","BOPP","100.00","55.82","85.50","85.50","85.50","85.50","0.00","","85.50","297","25,393.50"
"11/05/2026","CAL","0.94","0.61","0.81","0.81","0.79","0.81","0.00","0.79","0.81","178,529","144,528.49"
"11/05/2026","CLYD","1.64","0.46","1.64","1.64","1.64","1.64","0.00","1.79","","0","0.00"
"11/05/2026","CMLT","0.14","0.14","0.14","0.14","0.14","0.14","0.00","0.15","","0","0.00"
"11/05/2026","CPC","0.12","0.05","0.12","0.12","0.12","0.12","0.00","0.13","","0","0.00"
"11/05/2026","DASPHARMA","0.41","0.38","0.41","0.41","0.41","0.41","0.00","0.41","","0","0.00"
"11/05/2026","EGH","57.00","25.00","48.85","48.85","48.85","48.85","0.00","","48.84","0","0.00"
"11/05/2026","EGL","12.16","3.48","10.64","10.64","10.64","10.64","0.00","","10.64","762","8,107.68"
"11/05/2026","ETI","2.82","0.76","1.60","1.60","1.49","1.51","-0.09","1.45","1.49","251,483","379,576.15"
"11/05/2026","FML","16.35","8.00","13.93","13.93","13.93","13.93","0.00","13.05","13.93","6,719","93,595.67"
"11/05/2026","FAB","7.97","7.71","7.97","7.97","7.97","7.97","0.00","7.84","","0","0.00"
"11/05/2026","GCB","52.00","20.11","40.00","40.00","40.00","40.00","0.00","36.00","40.00","3,466","138,640.00"
"11/05/2026","GGBL","16.50","6.60","14.96","14.96","14.96","14.96","0.00","","14.96","436","6,522.56"
"11/05/2026","GOIL","8.01","2.96","7.96","7.96","7.94","7.95","-0.01","","7.94","18,225","145,031.48"
"11/05/2026","MAC","5.20","5.20","5.20","5.20","5.20","5.20","0.00","5.20","","51","265.20"
"11/05/2026","MTNGH","6.80","4.20","6.53","6.53","6.70","6.64","0.11","6.60","6.70","304,611","2,021,646.03"
"11/05/2026","PBC**","0.02","0.02","0.02","0.02","0.02","0.02","0.00","","","0","0.00"
"11/05/2026","RBGH","5.58","1.30","5.53","5.53","5.50","5.50","-0.03","","5.50","4,983","27,406.50"
"11/05/2026","SCB","79.41","29.22","71.38","71.38","71.38","71.38","0.00","","71.38","60","4,282.80"
"11/05/2026","SIC","6.03","1.20","6.01","6.01","5.94","5.98","-0.03","","5.94","17,658","105,557.98"
"11/05/2026","SOGEGH","11.51","4.49","6.39","6.39","6.39","6.39","0.00","6.39","6.50","14,644","93,575.16"
"11/05/2026","TBL","1.20","1.20","1.20","1.20","1.20","1.20","0.00","1.32","","0","0.00"
"11/05/2026","TOTAL","40.30","34.23","36.49","36.49","34.89","34.89","-1.60","32.90","36.49","6,437","224,599.49"
"11/05/2026","TLW","11.92","11.92","11.92","11.92","11.92","11.92","0.00","11.92","","0","0.00"
"11/05/2026","UNIL","30.00","19.79","30.00","30.00","30.00","30.00","0.00","","30.00","436","13,080.00"
"11/05/2026","ZEN","7.47","5.00","7.36","7.36","7.47","7.47","0.11","7.47","","27,955","208,853.85"
"11/05/2026","AADS","0.42","0.42","0.42","0.42","0.42","0.42","0.00","0.46","","0","0.00"
"11/05/2026","SCBPREF","0.90","0.90","0.90","0.90","0.90","0.90","0.00","","0.90","336","302.40"
"11/05/2026","GLD","533.93","466.72","497.01","497.01","497.01","497.01","0.00","497.01","","21","10,437.21"
"11/05/2026","SAMBA","0.55","0.55","0.55","0.55","0.55","0.55","0.00","0.55","","0","0.00"
"11/05/2026","MMH","0.10","0.10","0.10","0.10","0.10","0.10","0.00","0.10","","1","0.10"
"11/05/2026","HORDS","0.10","0.09","0.10","0.10","0.10","0.10","0.00","0.10","","106,724","10,672.40"
"11/05/2026","IIL","0.05","0.05","0.05","0.05","0.05","0.05","0.00","0.05","","0","0.00"
"11/05/2026","DIGICUT","0.09","0.09","0.09","0.09","0.09","0.09","0.00","","","0","0.00"
"08/05/2026","ACCESS","46.64","16.20","30.60","30.60","30.60","30.60","0.00","27.60","30.60","79","2,417.40"
"08/05/2026","ADB","5.30","5.06","5.30","5.30","5.30","5.30","0.00","5.30","","1","5.30"
"08/05/2026","AGA","37.00","37.00","37.00","37.00","37.00","37.00","0.00","40.70","","0","0.00"
"08/05/2026","**ALW**","0.10","0.10","0.10","0.10","0.10","0.10","0.00","","","0","0.00"
"08/05/2026","ASG","8.89","8.89","8.89","8.89","8.89","8.89","0.00","8.89","","1","8.89"
"08/05/2026","ALLGH","7.80","6.12","7.80","7.80","7.80","7.80","0.00","7.80","8.50","309","2,410.20"
"08/05/2026","BOPP","100.00","55.82","85.50","85.50","85.50","85.50","0.00","","85.50","586","50,103.00"
"08/05/2026","CAL","0.94","0.61","0.88","0.88","0.80","0.81","-0.07","","0.80","364,433","295,116.55"
"08/05/2026","CLYD","1.64","0.46","1.64","1.64","1.64","1.64","0.00","1.79","","0","0.00"
"08/05/2026","CMLT","0.14","0.14","0.14","0.14","0.14","0.14","0.00","0.15","","0","0.00"
"08/05/2026","CPC","0.12","0.05","0.12","0.12","0.12","0.12","0.00","0.13","","0","0.00"
"08/05/2026","DASPHARMA","0.41","0.38","0.41","0.41","0.42","0.41","0.00","0.42","","224","94.08"
"08/05/2026","EGH","57.00","25.00","48.85","48.85","48.84","48.85","0.00","","48.84","99","4,835.16"
"08/05/2026","EGL","12.16","3.48","10.65","10.65","10.64","10.64","-0.01","10.64","10.65","4,366","46,475.34"
"08/05/2026","ETI","2.82","0.76","1.77","1.77","1.60","1.60","-0.17","","1.60","765,930","1,225,488.00"
"08/05/2026","FML","16.35","8.00","12.67","12.67","13.93","13.93","1.26","13.93","","5,610","77,919.24"
"08/05/2026","FAB","7.97","7.71","7.97","7.97","7.97","7.97","0.00","7.84","","0","0.00"
"08/05/2026","GCB","52.00","20.11","40.00","40.00","40.00","40.00","0.00","","40.00","3,651","146,040.00"
"08/05/2026","GGBL","16.50","6.60","14.97","14.97","14.96","14.96","-0.01","","14.96","1,451","21,707.53"
"08/05/2026","GOIL","8.01","2.96","7.98","7.98","7.96","7.96","-0.02","","7.96","10,623","84,620.45"
"08/05/2026","MAC","5.20","5.20","5.20","5.20","5.20","5.20","0.00","5.20","","0","0.00"
"08/05/2026","MTNGH","6.80","4.20","6.77","6.77","6.60","6.53","-0.24","6.50","6.60","2,478,506","16,199,254.61"
"08/05/2026","PBC**","0.02","0.02","0.02","0.02","0.02","0.02","0.00","","","0","0.00"
"08/05/2026","RBGH","5.58","1.30","5.53","5.53","5.50","5.53","0.00","","5.50","746","4,103.00"
"08/05/2026","SCB","79.41","29.22","71.38","71.38","71.38","71.38","0.00","","71.38","52","3,711.76"
"08/05/2026","SIC","6.03","1.20","6.03","6.03","6.00","6.01","-0.02","","6.00","16,921","101,836.98"
"08/05/2026","SOGEGH","11.51","4.49","6.39","6.39","6.39","6.39","0.00","","6.39","1,582","10,108.98"
"08/05/2026","TBL","1.20","1.20","1.20","1.20","1.20","1.20","0.00","1.32","","0","0.00"
"08/05/2026","TOTAL","40.30","34.23","36.49","36.49","36.49","36.49","0.00","32.85","36.49","65","2,371.85"
"08/05/2026","TLW","11.92","11.92","11.92","11.92","11.92","11.92","0.00","11.92","","150","1,788.00"
"08/05/2026","UNIL","30.00","19.79","30.00","30.00","30.00","30.00","0.00","","30.00","571","17,130.00"
"08/05/2026","ZEN","7.36","5.00","6.70","6.70","7.36","7.36","0.66","7.36","","4,000","29,440.00"
"08/05/2026","AADS","0.42","0.42","0.42","0.42","0.42","0.42","0.00","0.46","","0","0.00"
"08/05/2026","SCBPREF","0.90","0.90","0.90","0.90","0.90","0.90","0.00","0.90","","0","0.00"
"08/05/2026","GLD","533.93","466.72","497.01","497.01","497.01","497.01","0.00","497.01","","2","994.02"
"08/05/2026","SAMBA","0.55","0.55","0.55","0.55","0.55","0.55","0.00","0.55","","0","0.00"
"08/05/2026","MMH","0.10","0.10","0.10","0.10","0.10","0.10","0.00","0.10","","0","0.00"
"08/05/2026","HORDS","0.10","0.09","0.10","0.10","0.10","0.10","0.00","","0.10","398,641","39,864.10"
"08/05/2026","IIL","0.05","0.05","0.05","0.05","0.05","0.05","0.00","0.05","","0","0.00"
"08/05/2026","DIGICUT","0.09","0.09","0.09","0.09","0.09","0.09","0.00","","","0","0.00"
"07/05/2026","ACCESS","46.64","16.20","30.60","30.60","30.60","30.60","0.00","27.60","30.60","676","20,685.60"
"07/05/2026","ADB","5.30","5.06","5.30","5.30","5.30","5.30","0.00","5.30","","36","190.80"
"07/05/2026","AGA","37.00","37.00","37.00","37.00","37.00","37.00","0.00","40.70","","0","0.00"
"07/05/2026","**ALW**","0.10","0.10","0.10","0.10","0.10","0.10","0.00","","","0","0.00"
"07/05/2026","ASG","8.89","8.89","8.89","8.89","8.89","8.89","0.00","8.89","","7","62.23"
"07/05/2026","ALLGH","7.80","6.12","7.80","7.80","7.90","7.80","0.00","7.80","","473","3,690.60"
"07/05/2026","BOPP","100.00","55.82","85.50","85.50","85.50","85.50","0.00","","85.50","136","11,628.00"
"07/05/2026","CAL","0.94","0.61","0.89","0.89","0.87","0.88","-0.01","0.81","0.87","88,165","77,838.03"
"07/05/2026","CLYD","1.64","0.46","1.64","1.64","1.64","1.64","0.00","1.79","","40","65.60"
"07/05/2026","CMLT","0.14","0.14","0.14","0.14","0.14","0.14","0.00","0.15","","0","0.00"
"07/05/2026","CPC","0.12","0.05","0.12","0.12","0.12","0.12","0.00","0.13","","0","0.00"
"07/05/2026","DASPHARMA","0.41","0.38","0.41","0.41","0.41","0.41","0.00","0.42","","2,077","851.57"
"07/05/2026","EGH","57.00","25.00","48.85","48.85","48.84","48.85","0.00","","48.84","215","10,502.67"
"07/05/2026","EGL","12.16","3.48","10.66","10.66","10.65","10.65","-0.01","","10.65","13,862","147,638.80"
"07/05/2026","ETI","2.82","0.76","1.96","1.96","1.77","1.77","-0.19","","1.77","92,270","163,508.38"
"07/05/2026","FML","16.35","8.00","12.67","12.67","12.67","12.67","0.00","12.67","","2,575","32,740.75"
"07/05/2026","FAB","7.97","7.71","7.97","7.97","7.97","7.97","0.00","7.84","","0","0.00"
"07/05/2026","GCB","52.00","20.11","41.55","41.55","41.55","40.00","-1.55","40.00","41.55","5,358","220,161.85"
"07/05/2026","GGBL","16.50","6.60","14.99","14.99","14.97","14.97","-0.02","","14.97","2,618","39,221.80"
"07/05/2026","GOIL","8.01","2.96","8.01","8.01","7.98","7.98","-0.03","","7.98","14,500","115,786.87"
"07/05/2026","MAC","5.20","5.20","5.20","5.20","5.20","5.20","0.00","5.20","","0","0.00"
"07/05/2026","MTNGH","6.80","4.20","6.80","6.80","6.60","6.77","-0.03","","6.60","1,384,573","9,373,253.53"
"07/05/2026","PBC**","0.02","0.02","0.02","0.02","0.02","0.02","0.00","","","0","0.00"
"07/05/2026","RBGH","5.58","1.30","5.54","5.54","5.50","5.53","-0.01","","5.50","4,836","26,740.28"
"07/05/2026","SCB","79.41","29.22","71.38","71.38","71.38","71.38","0.00","","71.38","105","7,494.90"
"07/05/2026","SIC","6.03","1.20","5.72","5.72","6.00","6.03","0.31","5.73","6.00","52,095","309,127.81"
"07/05/2026","SOGEGH","11.51","4.49","6.40","6.40","6.39","6.39","-0.01","","6.39","20,548","131,383.81"
"07/05/2026","TBL","1.20","1.20","1.20","1.20","1.20","1.20","0.00","1.32","","0","0.00"
"07/05/2026","TOTAL","40.30","34.23","36.49","36.49","36.49","36.49","0.00","36.49","40.00","3,355","122,423.95"
"07/05/2026","TLW","11.92","11.92","11.92","11.92","11.92","11.92","0.00","11.92","","289","3,444.88"
"07/05/2026","UNIL","30.00","19.79","30.00","30.00","30.00","30.00","0.00","","30.00","1,300","39,000.00"
"07/05/2026","ZEN","6.70","5.00","6.56","6.56","6.70","6.70","0.14","6.70","","10,000","67,000.00"
"07/05/2026","AADS","0.42","0.42","0.42","0.42","0.42","0.42","0.00","0.46","","0","0.00"
"07/05/2026","SCBPREF","0.90","0.90","0.90","0.90","0.90","0.90","0.00","0.90","","0","0.00"
"07/05/2026","GLD","533.93","466.72","497.01","497.01","497.01","497.01","0.00","497.01","","40","19,880.40"
"07/05/2026","SAMBA","0.55","0.55","0.55","0.55","0.55","0.55","0.00","0.55","","0","0.00"
"07/05/2026","MMH","0.10","0.10","0.10","0.10","0.10","0.10","0.00","0.11","","0","0.00"
"07/05/2026","HORDS","0.10","0.09","0.10","0.10","0.10","0.10","0.00","0.10","","0","0.00"
"07/05/2026","IIL","0.05","0.05","0.05","0.05","0.05","0.05","0.00","0.05","","400","20.00"
"07/05/2026","DIGICUT","0.09","0.09","0.09","0.09","0.09","0.09","0.00","","","0","0.00"
"06/05/2026","ACCESS","46.64","16.20","30.60","30.60","30.60","30.60","0.00","27.60","30.60","928","28,396.80"
"06/05/2026","ADB","5.30","5.06","5.30","5.30","5.30","5.30","0.00","5.30","","3","15.90"
"06/05/2026","AGA","37.00","37.00","37.00","37.00","37.00","37.00","0.00","40.70","","0","0.00"
"06/05/2026","**ALW**","0.10","0.10","0.10","0.10","0.10","0.10","0.00","","","0","0.00"
"06/05/2026","ASG","8.89","8.89","8.89","8.89","8.89","8.89","0.00","8.89","","0","0.00"
"06/05/2026","ALLGH","7.80","6.12","7.80","7.80","7.80","7.80","0.00","7.80","","21","163.80"
"06/05/2026","BOPP","100.00","55.82","85.50","85.50","85.50","85.50","0.00","85.50","","1,942","166,041.00"
"06/05/2026","CAL","0.94","0.61","0.90","0.90","0.89","0.89","-0.01","","0.90","141,366","125,773.80"
"06/05/2026","CLYD","1.64","0.46","1.62","1.62","1.64","1.64","0.02","1.62","","1,232","2,015.84"
"06/05/2026","CMLT","0.14","0.14","0.14","0.14","0.14","0.14","0.00","0.15","","0","0.00"
"06/05/2026","CPC","0.12","0.05","0.12","0.12","0.12","0.12","0.00","0.13","","0","0.00"
"06/05/2026","DASPHARMA","0.41","0.38","0.41","0.41","0.41","0.41","0.00","0.41","","0","0.00"
"06/05/2026","EGH","57.00","25.00","48.85","48.85","48.84","48.85","0.00","","48.85","407","19,880.55"
"06/05/2026","EGL","12.16","3.48","11.03","11.03","10.50","10.66","-0.37","","11.03","3,590","38,204.86"
"06/05/2026","ETI","2.82","0.76","1.98","1.98","1.79","1.96","-0.02","","2.15","49,441","96,576.99"
"06/05/2026","FML","16.35","8.00","12.67","12.67","13.93","12.67","0.00","13.26","","2,601","34,214.67"
"06/05/2026","FAB","7.97","7.71","7.97","7.97","7.97","7.97","0.00","7.97","","0","0.00"
"06/05/2026","GCB","52.00","20.11","41.55","41.55","41.55","41.55","0.00","40.00","","2,892","120,085.10"
"06/05/2026","GGBL","16.50","6.60","14.99","14.99","14.99","14.99","0.00","","15.29","272","4,077.28"
"06/05/2026","GOIL","8.01","2.96","8.00","8.00","7.97","8.01","0.01","8.00","","29,302","234,799.42"
"06/05/2026","MAC","5.20","5.20","5.20","5.20","5.20","5.20","0.00","5.20","","4","20.80"
"06/05/2026","MTNGH","6.80","4.20","6.80","6.80","6.80","6.80","0.00","6.77","6.80","2,946,136","20,028,741.81"
"06/05/2026","PBC**","0.02","0.02","0.02","0.02","0.02","0.02","0.00","","","0","0.00"
"06/05/2026","RBGH","5.58","1.30","5.56","5.56","5.54","5.54","-0.02","","5.55","7,772","43,161.92"
"06/05/2026","SCB","79.41","29.22","71.38","71.38","71.38","71.38","0.00","","71.38","118","8,422.84"
"06/05/2026","SIC","5.72","1.20","5.65","5.65","5.80","5.72","0.07","5.65","","17,563","99,380.95"
"06/05/2026","SOGEGH","11.51","4.49","6.34","6.34","6.40","6.40","0.06","6.00","6.40","11,559","73,917.42"
"06/05/2026","TBL","1.20","1.20","1.20","1.20","1.20","1.20","0.00","1.32","","0","0.00"
"06/05/2026","TOTAL","40.30","34.23","36.49","36.49","36.49","36.49","0.00","34.30","","1,747","63,748.03"
"06/05/2026","TLW","11.92","11.92","11.92","11.92","11.92","11.92","0.00","11.92","","21","250.32"
"06/05/2026","UNIL","30.00","19.79","30.00","30.00","30.00","30.00","0.00","","30.00","307","9,210.00"
"06/05/2026","ZEN","6.56","5.00","6.40","6.40","6.70","6.56","0.16","6.43","","16,000","105,000.00"
"06/05/2026","AADS","0.42","0.42","0.42","0.42","0.42","0.42","0.00","0.46","","0","0.00"
"06/05/2026","SCBPREF","0.90","0.90","0.90","0.90","0.90","0.90","0.00","0.90","","0","0.00"
"06/05/2026","GLD","533.93","466.72","497.01","497.01","497.01","497.01","0.00","497.01","","676","335,979.40"
"06/05/2026","SAMBA","0.55","0.55","0.55","0.55","0.55","0.55","0.00","0.55","","0","0.00"
"06/05/2026","MMH","0.10","0.10","0.10","0.10","0.10","0.10","0.00","0.10","","0","0.00"
"06/05/2026","HORDS","0.10","0.09","0.10","0.10","0.10","0.10","0.00","0.10","","4,200","420.00"
"06/05/2026","IIL","0.05","0.05","0.05","0.05","0.05","0.05","0.00","0.05","","0","0.00"
"06/05/2026","DIGICUT","0.09","0.09","0.09","0.09","0.09","0.09","0.00","","","0","0.00"
"05/05/2026","ACCESS","46.64","16.20","30.60","30.60","30.60","30.60","0.00","30.60","","151","4,620.60"
"05/05/2026","ADB","5.30","5.06","5.30","5.30","5.30","5.30","0.00","5.30","","0","0.00"
"05/05/2026","AGA","37.00","37.00","37.00","37.00","37.00","37.00","0.00","40.70","","0","0.00"
"05/05/2026","**ALW**","0.10","0.10","0.10","0.10","0.10","0.10","0.00","","","0","0.00"
"05/05/2026","ASG","8.89","8.89","8.89","8.89","8.89","8.89","0.00","8.89","","0","0.00"
"05/05/2026","ALLGH","7.80","6.12","7.80","7.80","7.80","7.80","0.00","7.80","","31","241.80"
"05/05/2026","BOPP","100.00","55.82","85.50","85.50","85.50","85.50","0.00","","85.50","7,661","655,015.50"
"05/05/2026","CAL","0.94","0.61","0.88","0.88","0.90","0.90","0.02","0.89","0.90","421,340","378,257.18"
"05/05/2026","CLYD","1.62","0.46","1.60","1.60","1.62","1.62","0.02","1.75","","2,400","3,888.00"
"05/05/2026","CMLT","0.14","0.14","0.14","0.14","0.14","0.14","0.00","0.15","","0","0.00"
"05/05/2026","CPC","0.12","0.05","0.12","0.12","0.12","0.12","0.00","0.13","","0","0.00"
"05/05/2026","DASPHARMA","0.41","0.38","0.41","0.41","0.41","0.41","0.00","0.42","","863","353.83"
"05/05/2026","EGH","57.00","25.00","48.85","48.85","48.85","48.85","0.00","","48.85","580","28,333.00"
"05/05/2026","EGL","12.16","3.48","11.03","11.03","11.03","11.03","0.00","","11.03","12,771","140,864.13"
"05/05/2026","ETI","2.82","0.76","2.16","2.16","1.98","1.98","-0.18","","1.98","161,101","318,054.03"
"05/05/2026","FML","16.35","8.00","12.06","12.06","12.67","12.67","0.61","13.26","","2,383","30,116.36"
"05/05/2026","FAB","7.97","7.71","7.97","7.97","7.97","7.97","0.00","7.97","","0","0.00"
"05/05/2026","GCB","52.00","20.11","41.55","41.55","41.55","41.55","0.00","41.55","45.00","4,053","168,409.05"
"05/05/2026","GGBL","16.50","6.60","14.99","14.99","14.99","14.99","0.00","","14.00","279","3,906.99"
"05/05/2026","GOIL","8.00","2.96","8.00","8.00","8.00","8.00","0.00","8.00","","14,435","115,480.00"
"05/05/2026","MAC","5.20","5.20","5.20","5.20","5.20","5.20","0.00","5.20","","7","36.40"
"05/05/2026","MTNGH","6.80","4.20","6.80","6.80","6.80","6.80","0.00","6.77","6.80","479,619","3,259,635.36"
"05/05/2026","PBC**","0.02","0.02","0.02","0.02","0.02","0.02","0.00","","","0","0.00"
"05/05/2026","RBGH","5.58","1.30","5.57","5.57","5.56","5.56","-0.01","","5.55","11,972","66,579.14"
"05/05/2026","SCB","79.41","29.22","71.38","71.38","71.38","71.38","0.00","","71.38","187","13,348.06"
"05/05/2026","SIC","6.99","1.20","5.65","5.65","5.65","5.65","0.00","5.65","5.93","25,293","143,301.29"
"05/05/2026","SOGEGH","11.51","4.49","6.31","6.31","6.34","6.34","0.03","6.00","6.40","53,902","341,596.90"
"05/05/2026","TBL","1.20","1.20","1.20","1.20","1.20","1.20","0.00","1.32","","0","0.00"
"05/05/2026","TOTAL","40.30","34.23","34.23","34.23","36.49","36.49","2.26","34.30","37.62","1,795","64,993.32"
"05/05/2026","TLW","11.92","11.92","11.92","11.92","11.92","11.92","0.00","11.92","","0","0.00"
"05/05/2026","UNIL","30.00","19.79","30.00","30.00","30.00","30.00","0.00","","30.00","6,035","181,050.00"
"05/05/2026","ZEN","6.40","5.00","6.02","6.02","6.40","6.40","0.38","6.43","","2,000","12,800.00"
"05/05/2026","AADS","0.42","0.42","0.42","0.42","0.42","0.42","0.00","0.46","","0","0.00"
"05/05/2026","SCBPREF","0.90","0.90","0.90","0.90","0.90","0.90","0.00","0.90","","0","0.00"
"05/05/2026","GLD","533.93","466.72","497.01","497.01","497.01","497.01","0.00","497.01","","7","3,479.07"
"05/05/2026","SAMBA","0.55","0.55","0.55","0.55","0.55","0.55","0.00","0.55","","0","0.00"
"05/05/2026","MMH","0.10","0.10","0.10","0.10","0.10","0.10","0.00","0.10","","2","0.20"
"05/05/2026","HORDS","0.10","0.09","0.10","0.10","0.10","0.10","0.00","0.10","","28,009","2,800.90"
"05/05/2026","IIL","0.05","0.05","0.05","0.05","0.05","0.05","0.00","0.05","","0","0.00"
"05/05/2026","DIGICUT","0.09","0.09","0.09","0.09","0.09","0.09","0.00","","","0","0.00"
"04/05/2026","ACCESS","46.64","16.20","30.60","30.60","30.60","30.60","0.00","30.60","","1,779","54,035.40"
"04/05/2026","ADB","5.30","5.06","5.30","5.30","5.30","5.30","0.00","5.30","","18","95.40"
"04/05/2026","AGA","37.00","37.00","37.00","37.00","37.00","37.00","0.00","40.70","","0","0.00"
"04/05/2026","**ALW**","0.10","0.10","0.10","0.10","0.10","0.10","0.00","","","0","0.00"
"04/05/2026","ASG","8.89","8.89","8.89","8.89","8.89","8.89","0.00","8.89","","5","44.45"
"04/05/2026","ALLGH","7.80","6.12","7.80","7.80","7.80","7.80","0.00","7.80","","7","54.60"
"04/05/2026","BOPP","100.00","55.82","85.50","85.50","85.50","85.50","0.00","85.50","90.00","1,530","130,815.00"
"04/05/2026","CAL","0.94","0.61","0.90","0.90","0.88","0.88","-0.02","0.89","0.90","261,277","232,271.58"
"04/05/2026","CLYD","1.60","0.46","1.60","1.60","1.60","1.60","0.00","1.75","","0","0.00"
"04/05/2026","CMLT","0.14","0.14","0.14","0.14","0.14","0.14","0.00","0.15","","0","0.00"
"04/05/2026","CPC","0.12","0.05","0.12","0.12","0.12","0.12","0.00","0.13","","0","0.00"
"04/05/2026","DASPHARMA","0.41","0.38","0.41","0.41","0.41","0.41","0.00","0.43","","0","0.00"
"04/05/2026","EGH","57.00","25.00","48.87","48.87","48.85","48.85","-0.02","","48.85","4,688","229,018.16"
"04/05/2026","EGL","12.16","3.48","11.03","11.03","11.03","11.03","0.00","10.50","11.03","4,199","46,224.87"
"04/05/2026","ETI","2.82","0.76","2.18","2.18","2.16","2.16","-0.02","2.05","2.15","127,874","277,008.32"
"04/05/2026","FML","16.35","8.00","11.50","11.50","12.06","12.06","0.56","12.20","","25,197","299,916.20"
"04/05/2026","FAB","7.97","7.71","7.97","7.97","7.97","7.97","0.00","7.97","","0","0.00"
"04/05/2026","GCB","52.00","20.11","41.55","41.55","41.55","41.55","0.00","41.41","41.55","13,939","579,100.33"
"04/05/2026","GGBL","16.50","6.60","14.99","14.99","14.99","14.99","0.00","","14.00","4,001","59,726.50"
"04/05/2026","GOIL","8.00","2.96","7.91","7.91","8.00","8.00","0.09","8.00","","23,871","190,917.60"
"04/05/2026","MAC","5.20","5.20","5.20","5.20","5.20","5.20","0.00","5.20","","0","0.00"
"04/05/2026","MTNGH","6.80","4.20","6.80","6.80","6.80","6.80","0.00","6.81","6.82","705,610","4,801,210.06"
"04/05/2026","PBC**","0.02","0.02","0.02","0.02","0.02","0.02","0.00","","","0","0.00"
"04/05/2026","RBGH","5.58","1.30","5.57","5.57","5.57","5.57","0.00","","5.57","6,235","34,728.95"
"04/05/2026","SCB","79.41","29.22","71.38","71.38","71.38","71.38","0.00","","71.38","2,516","179,592.08"
"04/05/2026","SIC","6.99","1.20","5.65","5.65","5.65","5.65","0.00","5.65","5.88","44,705","252,381.78"
"04/05/2026","SOGEGH","11.51","4.49","6.31","6.31","6.31","6.31","0.00","6.31","6.40","1,291","8,146.21"
"04/05/2026","TBL","1.20","1.20","1.20","1.20","1.20","1.20","0.00","1.32","","0","0.00"
"04/05/2026","TOTAL","40.30","34.23","34.23","34.23","34.23","34.23","0.00","34.23","","113","3,867.99"
"04/05/2026","TLW","11.92","11.92","11.92","11.92","11.92","11.92","0.00","11.92","","12","143.04"
"04/05/2026","UNIL","30.00","19.79","30.00","30.00","30.00","30.00","0.00","","30.00","1,226","36,780.00"
"04/05/2026","ZEN","6.14","5.00","6.14","6.14","6.02","6.02","-0.12","6.20","","287,259","1,730,862.92"
"04/05/2026","AADS","0.42","0.42","0.42","0.42","0.42","0.42","0.00","0.46","","0","0.00"
"04/05/2026","SCBPREF","0.90","0.90","0.90","0.90","0.90","0.90","0.00","0.90","","0","0.00"
"04/05/2026","GLD","533.93","466.72","497.01","497.01","497.01","497.01","0.00","497.00","497.01","346","171,965.46"
"04/05/2026","SAMBA","0.55","0.55","0.55","0.55","0.55","0.55","0.00","0.55","","0","0.00"
"04/05/2026","MMH","0.10","0.10","0.10","0.10","0.10","0.10","0.00","0.11","","184","18.40"
"04/05/2026","HORDS","0.10","0.09","0.10","0.10","0.10","0.10","0.00","0.10","","503","50.30"
"04/05/2026","IIL","0.05","0.05","0.05","0.05","0.05","0.05","0.00","0.05","","8,148","407.40"
"04/05/2026","DIGICUT","0.09","0.09","0.09","0.09","0.09","0.09","0.00","","","0","0.00"
"30/04/2026","ACCESS","46.64","16.20","30.60","30.60","30.60","30.60","0.00","27.60","30.60","389","11,303.40"
"30/04/2026","ADB","5.30","5.06","5.30","5.30","5.30","5.30","0.00","5.30","","96","508.80"
"30/04/2026","AGA","37.00","37.00","37.00","37.00","37.00","37.00","0.00","40.70","","0","0.00"
"30/04/2026","**ALW**","0.10","0.10","0.10","0.10","0.10","0.10","0.00","","","0","0.00"
"30/04/2026","ASG","8.89","8.89","8.89","8.89","8.89","8.89","0.00","8.89","","16","142.24"
"30/04/2026","ALLGH","7.80","6.12","7.80","7.80","7.80","7.80","0.00","7.80","","52,785","411,723.00"
"30/04/2026","BOPP","100.00","55.82","85.50","85.50","85.50","85.50","0.00","85.50","94.05","1,150","98,325.00"
"30/04/2026","CAL","0.94","0.61","0.90","0.90","0.89","0.90","0.00","0.87","0.90","204,503","183,642.70"
"30/04/2026","CLYD","1.60","0.46","1.60","1.60","1.60","1.60","0.00","1.75","","0","0.00"
"30/04/2026","CMLT","0.14","0.14","0.14","0.14","0.14","0.14","0.00","0.15","","0","0.00"
"30/04/2026","CPC","0.12","0.05","0.12","0.12","0.12","0.12","0.00","0.13","","0","0.00"
"30/04/2026","DASPHARMA","0.41","0.38","0.41","0.41","0.41","0.41","0.00","0.43","","0","0.00"
"30/04/2026","EGH","57.00","25.00","48.87","48.87","48.87","48.87","0.00","","48.87","613","29,957.31"
"30/04/2026","EGL","12.16","3.48","11.05","11.05","11.03","11.03","-0.02","10.50","11.03","1,533","16,908.99"
"30/04/2026","ETI","2.82","0.76","2.20","2.20","2.19","2.18","-0.02","2.10","2.19","98,679","215,358.93"
"30/04/2026","FML","16.35","8.00","12.00","12.00","11.50","11.50","-0.50","","11.50","1,411","16,332.00"
"30/04/2026","FAB","7.97","7.71","7.97","7.97","7.97","7.97","0.00","7.97","","0","0.00"
"30/04/2026","GCB","52.00","20.11","41.43","41.43","41.41","41.55","0.12","","41.41","434,660","18,059,059.77"
"30/04/2026","GGBL","16.50","6.60","14.99","14.99","14.95","14.99","0.00","","14.95","274","4,101.70"
"30/04/2026","GOIL","7.99","2.96","7.91","7.91","7.91","7.91","0.00","7.91","","10,403","82,287.73"
"30/04/2026","MAC","5.20","5.20","5.20","5.20","5.20","5.20","0.00","5.20","","0","0.00"
"30/04/2026","MTNGH","6.80","4.20","6.77","6.77","6.80","6.80","0.03","6.79","6.80","3,059,292","20,799,960.25"
"30/04/2026","PBC**","0.02","0.02","0.02","0.02","0.02","0.02","0.00","","","0","0.00"
"30/04/2026","RBGH","5.58","1.30","5.58","5.58","5.53","5.57","-0.01","","5.53","11,949","66,625.42"
"30/04/2026","SCB","79.41","29.22","71.38","71.38","71.37","71.38","0.00","","71.37","68","4,853.16"
"30/04/2026","SIC","6.99","1.20","5.65","5.65","5.88","5.65","0.00","5.66","5.88","31,313","176,920.42"
"30/04/2026","SOGEGH","11.51","4.49","6.31","6.31","6.40","6.31","0.00","6.30","6.40","53,410","337,249.30"
"30/04/2026","TBL","1.20","1.20","1.20","1.20","1.20","1.20","0.00","1.32","","0","0.00"
"30/04/2026","TOTAL","40.30","34.23","34.54","34.54","34.00","34.23","-0.31","34.00","34.54","4,155","142,615.14"
"30/04/2026","TLW","11.92","11.92","11.92","11.92","11.92","11.92","0.00","11.92","","17","202.64"
"30/04/2026","UNIL","30.00","19.79","30.00","30.00","30.00","30.00","0.00","","30.00","1,015","30,450.00"
"30/04/2026","ZEN","6.14","5.00","5.75","5.75","6.15","6.14","0.39","6.15","","33,000","202,550.00"
"30/04/2026","AADS","0.42","0.42","0.42","0.42","0.42","0.42","0.00","0.46","","0","0.00"
"30/04/2026","SCBPREF","0.90","0.90","0.90","0.90","0.90","0.90","0.00","0.90","","0","0.00"
"30/04/2026","GLD","533.93","466.72","497.00","497.00","497.01","497.01","0.01","497.01","","1,241","616,789.40"
"30/04/2026","SAMBA","0.55","0.55","0.55","0.55","0.55","0.55","0.00","0.55","","0","0.00"
"30/04/2026","MMH","0.10","0.10","0.10","0.10","0.10","0.10","0.00","0.11","","0","0.00"
"30/04/2026","HORDS","0.10","0.09","0.10","0.10","0.10","0.10","0.00","0.10","","3,800","380.00"
"30/04/2026","IIL","0.05","0.05","0.05","0.05","0.05","0.05","0.00","0.05","","21","1.05"
"30/04/2026","DIGICUT","0.09","0.09","0.09","0.09","0.09","0.09","0.00","","","0","0.00"
"29/04/2026","ACCESS","46.64","16.20","30.65","30.65","30.60","30.60","-0.05","30.60","","1,111","34,011.05"
"29/04/2026","ADB","5.30","5.06","5.06","5.06","5.30","5.30","0.24","5.30","","1,000","5,300.00"
"29/04/2026","AGA","37.00","37.00","37.00","37.00","37.00","37.00","0.00","40.70","","0","0.00"
"29/04/2026","**ALW**","0.10","0.10","0.10","0.10","0.10","0.10","0.00","","","0","0.00"
"29/04/2026","ASG","8.89","8.89","8.89","8.89","8.89","8.89","0.00","8.89","","0","0.00"
"29/04/2026","ALLGH","7.80","6.12","7.80","7.80","7.80","7.80","0.00","7.80","","25,886","201,910.80"
"29/04/2026","BOPP","100.00","55.82","85.50","85.50","85.50","85.50","0.00","85.50","94.00","16","1,368.00"
"29/04/2026","CAL","0.94","0.61","0.91","0.91","0.90","0.90","-0.01","0.90","","565,275","508,202.21"
"29/04/2026","CLYD","1.60","0.46","1.60","1.60","1.60","1.60","0.00","1.75","","0","0.00"
"29/04/2026","CMLT","0.14","0.14","0.14","0.14","0.14","0.14","0.00","0.15","","0","0.00"
"29/04/2026","CPC","0.12","0.05","0.12","0.12","0.12","0.12","0.00","0.13","","0","0.00"
"29/04/2026","DASPHARMA","0.41","0.38","0.41","0.41","0.41","0.41","0.00","0.42","","0","0.00"
"29/04/2026","EGH","57.00","25.00","48.87","48.87","48.87","48.87","0.00","","48.87","1,594","77,898.78"
"29/04/2026","EGL","12.16","3.48","11.05","11.05","11.05","11.05","0.00","","11.05","5,897","65,161.85"
"29/04/2026","ETI","2.82","0.76","2.24","2.24","2.15","2.20","-0.04","","2.15","40,611","89,568.33"
"29/04/2026","FML","16.35","8.00","12.26","12.26","12.00","12.00","-0.26","12.00","","12,236","146,582.00"
"29/04/2026","FAB","7.97","7.71","7.97","7.97","7.97","7.97","0.00","7.97","","0","0.00"
"29/04/2026","GCB","52.00","20.11","41.59","41.59","41.59","41.43","-0.16","41.59","42.00","33,634","1,393,656.60"
"29/04/2026","GGBL","16.50","6.60","15.10","15.10","14.95","14.99","-0.11","","14.95","1,323","19,831.27"
"29/04/2026","GOIL","7.99","2.96","7.91","7.91","7.91","7.91","0.00","7.91","","31,725","250,944.75"
"29/04/2026","MAC","5.20","5.20","5.20","5.20","5.20","5.20","0.00","5.20","","0","0.00"
"29/04/2026","MTNGH","6.59","4.20","6.55","6.55","6.80","6.77","0.22","6.52","6.80","254,605","1,724,713.84"
"29/04/2026","PBC**","0.02","0.02","0.02","0.02","0.02","0.02","0.00","","","0","0.00"
"29/04/2026","RBGH","5.58","1.30","5.58","5.58","5.58","5.58","0.00","","5.58","3,045","16,991.10"
"29/04/2026","SCB","79.41","29.22","71.38","71.38","71.38","71.38","0.00","","71.38","425","30,336.50"
"29/04/2026","SIC","6.99","1.20","5.48","5.48","5.65","5.65","0.17","5.65","5.88","19,574","109,701.28"
"29/04/2026","SOGEGH","11.51","4.49","6.31","6.31","6.31","6.31","0.00","6.31","","48,749","307,570.19"
"29/04/2026","TBL","1.20","1.20","1.20","1.20","1.20","1.20","0.00","1.32","","0","0.00"
"29/04/2026","TOTAL","40.30","34.54","34.54","34.54","34.54","34.54","0.00","34.54","","2,394","82,688.76"
"29/04/2026","TLW","11.92","11.92","11.92","11.92","11.92","11.92","0.00","11.92","","130","1,549.60"
"29/04/2026","UNIL","30.00","19.79","30.00","30.00","30.00","30.00","0.00","30.00","","1,953","58,590.00"
"29/04/2026","ZEN","5.75","5.00","5.75","5.75","5.75","5.75","0.00","5.92","","0","0.00"
"29/04/2026","AADS","0.42","0.42","0.42","0.42","0.42","0.42","0.00","0.46","","0","0.00"
"29/04/2026","SCBPREF","0.90","0.90","0.90","0.90","0.90","0.90","0.00","0.90","","0","0.00"
"29/04/2026","GLD","533.93","466.72","497.00","497.00","497.00","497.00","0.00","497.00","","33","16,401.00"
"29/04/2026","SAMBA","0.55","0.55","0.55","0.55","0.55","0.55","0.00","0.55","","0","0.00"
"29/04/2026","MMH","0.10","0.10","0.10","0.10","0.10","0.10","0.00","0.11","","0","0.00"
"29/04/2026","HORDS","0.10","0.09","0.10","0.10","0.10","0.10","0.00","0.10","","0","0.00"
"29/04/2026","IIL","0.05","0.05","0.05","0.05","0.05","0.05","0.00","0.05","","0","0.00"
"29/04/2026","DIGICUT","0.09","0.09","0.09","0.09","0.09","0.09","0.00","","","0","0.00"
"28/04/2026","ACCESS","46.64","16.20","30.65","30.65","30.65","30.65","0.00","30.65","","1,066","32,672.90"
"28/04/2026","ADB","5.06","5.06","5.06","5.06","5.06","5.06","0.00","5.06","","0","0.00"
"28/04/2026","AGA","37.00","37.00","37.00","37.00","37.00","37.00","0.00","40.70","","0","0.00"
"28/04/2026","**ALW**","0.10","0.10","0.10","0.10","0.10","0.10","0.00","","","0","0.00"
"28/04/2026","ASG","8.89","8.89","8.89","8.89","8.89","8.89","0.00","8.89","","55","488.95"
"28/04/2026","ALLGH","7.80","6.12","7.20","7.20","7.80","7.80","0.60","7.30","7.80","4,730","36,894.00"
"28/04/2026","BOPP","100.00","55.82","85.00","85.00","85.50","85.50","0.50","85.50","","1,326","113,373.00"
"28/04/2026","CAL","0.94","0.61","0.91","0.91","0.89","0.91","0.00","0.86","0.89","137,934","125,267.98"
"28/04/2026","CLYD","1.60","0.46","1.58","1.58","1.60","1.60","0.02","1.73","","4,000","6,380.00"
"28/04/2026","CMLT","0.14","0.14","0.14","0.14","0.14","0.14","0.00","0.15","","0","0.00"
"28/04/2026","CPC","0.12","0.05","0.12","0.12","0.12","0.12","0.00","0.13","","0","0.00"
"28/04/2026","DASPHARMA","0.41","0.38","0.41","0.41","0.41","0.41","0.00","0.42","","0","0.00"
"28/04/2026","EGH","57.00","25.00","48.89","48.89","48.87","48.87","-0.02","","48.89","1,250","61,102.50"
"28/04/2026","EGL","12.16","3.48","11.08","11.08","11.04","11.05","-0.03","","11.04","13,512","149,306.32"
"28/04/2026","ETI","2.82","0.76","2.27","2.27","2.24","2.24","-0.03","","2.24","156,848","351,527.32"
"28/04/2026","FML","16.35","8.00","12.20","12.20","12.00","12.26","0.06","11.50","12.00","3,585","43,658.50"
"28/04/2026","FAB","7.97","7.71","7.97","7.97","7.97","7.97","0.00","7.84","","0","0.00"
"28/04/2026","GCB","52.00","20.11","42.49","42.49","41.49","41.59","-0.90","41.00","41.49","10,064","418,195.91"
"28/04/2026","GGBL","16.50","6.60","15.10","15.10","15.10","15.10","0.00","","14.99","56","845.60"
"28/04/2026","GOIL","7.99","2.96","7.92","7.92","7.91","7.91","-0.01","","7.91","49,371","390,576.19"
"28/04/2026","MAC","5.20","5.20","5.20","5.20","5.20","5.20","0.00","5.20","","4","20.80"
"28/04/2026","MTNGH","6.59","4.20","6.51","6.51","6.60","6.55","0.04","6.52","6.60","248,891","1,629,648.97"
"28/04/2026","PBC**","0.02","0.02","0.02","0.02","0.02","0.02","0.00","","","0","0.00"
"28/04/2026","RBGH","5.58","1.30","5.58","5.58","5.58","5.58","0.00","","5.58","47,923","267,410.34"
"28/04/2026","SCB","79.41","29.22","71.38","71.38","71.38","71.38","0.00","","71.38","162","11,563.56"
"28/04/2026","SIC","6.99","1.20","5.38","5.38","5.50","5.48","0.10","","5.50","29,890","163,630.74"
"28/04/2026","SOGEGH","11.51","4.49","6.31","6.31","6.31","6.31","0.00","6.31","6.32","123,152","777,189.12"
"28/04/2026","TBL","1.20","1.20","1.20","1.20","1.20","1.20","0.00","1.32","","0","0.00"
"28/04/2026","TOTAL","40.30","34.54","34.54","34.54","34.54","34.54","0.00","","34.54","9,612","331,998.48"
"28/04/2026","TLW","11.92","11.92","11.92","11.92","11.92","11.92","0.00","","11.92","590","7,032.80"
"28/04/2026","UNIL","30.00","19.79","28.46","28.46","30.00","30.00","1.54","","30.00","1,002","30,055.38"
"28/04/2026","ZEN","5.75","5.00","5.56","5.56","5.80","5.75","0.19","5.90","","63,893","367,484.01"
"28/04/2026","AADS","0.42","0.42","0.42","0.42","0.42","0.42","0.00","0.46","","0","0.00"
"28/04/2026","SCBPREF","0.90","0.90","0.90","0.90","0.90","0.90","0.00","0.90","","0","0.00"
"28/04/2026","GLD","533.93","466.72","497.00","497.00","497.00","497.00","0.00","497.00","","295","146,615.00"
"28/04/2026","SAMBA","0.55","0.55","0.55","0.55","0.55","0.55","0.00","0.55","","0","0.00"
"28/04/2026","MMH","0.10","0.10","0.10","0.10","0.10","0.10","0.00","0.11","","0","0.00"
"28/04/2026","HORDS","0.10","0.09","0.10","0.10","0.10","0.10","0.00","0.10","","63,427","6,342.70"
"28/04/2026","IIL","0.05","0.05","0.05","0.05","0.05","0.05","0.00","0.05","","0","0.00"
"28/04/2026","DIGICUT","0.09","0.09","0.09","0.09","0.09","0.09","0.00","0.09","","0","0.00"
"27/04/2026","ACCESS","46.64","16.20","30.65","30.65","30.65","30.65","0.00","30.65","","335","10,267.75"
"27/04/2026","ADB","5.06","5.06","5.06","5.06","5.06","5.06","0.00","5.06","","0","0.00"
"27/04/2026","AGA","37.00","37.00","37.00","37.00","37.00","37.00","0.00","40.70","","0","0.00"
"27/04/2026","**ALW**","0.10","0.10","0.10","0.10","0.10","0.10","0.00","","","0","0.00"
"27/04/2026","ASG","8.89","8.89","8.89","8.89","8.89","8.89","0.00","8.89","","0","0.00"
"27/04/2026","ALLGH","7.20","6.12","7.20","7.20","7.20","7.20","0.00","7.30","","0","0.00"
"27/04/2026","BOPP","100.00","55.82","85.00","85.00","85.00","85.00","0.00","85.50","93.50","33","2,805.00"
"27/04/2026","CAL","0.94","0.61","0.89","0.89","0.95","0.91","0.02","0.92","0.95","285,513","258,363.07"
"27/04/2026","CLYD","1.58","0.46","1.44","1.44","1.58","1.58","0.14","1.58","","20,090","31,742.20"
"27/04/2026","CMLT","0.14","0.14","0.14","0.14","0.14","0.14","0.00","0.15","","0","0.00"
"27/04/2026","CPC","0.12","0.05","0.12","0.12","0.12","0.12","0.00","0.13","","0","0.00"
"27/04/2026","DASPHARMA","0.41","0.38","0.41","0.41","0.41","0.41","0.00","0.42","","0","0.00"
"27/04/2026","EGH","57.00","25.00","48.89","48.89","48.89","48.89","0.00","","48.89","144","7,040.16"
"27/04/2026","EGL","12.16","3.48","11.08","11.08","11.05","11.08","0.00","","11.05","35","386.75"
"27/04/2026","ETI","2.82","0.76","2.21","2.21","2.26","2.27","0.06","2.15","2.26","189,956","432,127.87"
"27/04/2026","FML","16.35","8.00","12.20","12.20","12.20","12.20","0.00","","12.20","1,493","18,214.60"
"27/04/2026","FAB","7.97","7.71","7.97","7.97","7.97","7.97","0.00","","","0","0.00"
"27/04/2026","GCB","52.00","20.11","42.52","42.52","41.50","42.49","-0.03","","41.50","51,062","2,169,340.95"
"27/04/2026","GGBL","16.50","6.60","15.30","15.30","15.10","15.10","-0.20","","15.10","19,398","292,909.80"
"27/04/2026","GOIL","7.99","2.96","7.92","7.92","7.92","7.92","0.00","7.92","","8,761","69,387.12"
"27/04/2026","MAC","5.20","5.20","5.20","5.20","5.20","5.20","0.00","5.20","","7","36.40"
"27/04/2026","MTNGH","6.59","4.20","6.57","6.57","6.60","6.51","-0.06","6.50","6.60","3,981,375","25,939,878.25"
"27/04/2026","PBC**","0.02","0.02","0.02","0.02","0.02","0.02","0.00","","","0","0.00"
"27/04/2026","RBGH","5.58","1.30","5.58","5.58","5.58","5.58","0.00","","5.58","9,567","53,383.86"
"27/04/2026","SCB","79.41","29.22","71.38","71.38","71.38","71.38","0.00","","71.38","556","39,687.28"
"27/04/2026","SIC","6.99","1.20","5.38","5.38","5.38","5.38","0.00","","5.38","325,929","1,754,000.84"
"27/04/2026","SOGEGH","11.51","4.49","6.30","6.30","6.31","6.31","0.01","6.31","","6,950","43,837.64"
"27/04/2026","TBL","1.20","1.20","1.20","1.20","1.20","1.20","0.00","1.32","","0","0.00"
"27/04/2026","TOTAL","40.30","34.54","34.54","34.54","34.54","34.54","0.00","","34.54","8,976","310,031.04"
"27/04/2026","TLW","11.92","11.92","11.92","11.92","11.92","11.92","0.00","11.92","","291","3,468.72"
"27/04/2026","UNIL","28.46","19.79","28.46","28.46","28.46","28.46","0.00","","28.46","690","19,637.40"
"27/04/2026","ZEN","5.56","5.00","5.45","5.45","5.56","5.56","0.11","5.56","","528,535","2,938,654.60"
"27/04/2026","AADS","0.42","0.42","0.42","0.42","0.42","0.42","0.00","0.46","","0","0.00"
"27/04/2026","SCBPREF","0.90","0.90","0.90","0.90","0.90","0.90","0.00","0.90","","0","0.00"
"27/04/2026","GLD","533.93","466.72","497.06","497.06","497.00","497.00","-0.06","497.00","","42","20,874.00"
"27/04/2026","SAMBA","0.55","0.55","0.55","0.55","0.55","0.55","0.00","0.55","","0","0.00"
"27/04/2026","MMH","0.10","0.10","0.10","0.10","0.10","0.10","0.00","0.11","","10","1.00"
"27/04/2026","HORDS","0.10","0.09","0.10","0.10","0.10","0.10","0.00","","0.10","31,578","3,157.80"
"27/04/2026","IIL","0.05","0.05","0.05","0.05","0.05","0.05","0.00","0.05","","4,494","224.70"
"27/04/2026","DIGICUT","0.09","0.09","0.09","0.09","0.09","0.09","0.00","0.09","","0","0.00"
"24/04/2026","ACCESS","46.64","16.20","30.65","30.65","30.65","30.65","0.00","30.65","","4,522","138,599.30"
"24/04/2026","ADB","5.06","5.06","5.06","5.06","5.06","5.06","0.00","5.06","","0","0.00"
"24/04/2026","AGA","37.00","37.00","37.00","37.00","37.00","37.00","0.00","40.70","","0","0.00"
"24/04/2026","**ALW**","0.10","0.10","0.10","0.10","0.10","0.10","0.00","","","0","0.00"
"24/04/2026","ASG","8.89","8.89","8.89","8.89","8.89","8.89","0.00","8.89","","0","0.00"
"24/04/2026","ALLGH","7.20","6.12","7.20","7.20","7.31","7.20","0.00","7.31","","748","5,467.88"
"24/04/2026","BOPP","100.00","55.82","85.00","85.00","85.00","85.00","0.00","85.00","93.50","2,831","240,635.00"
"24/04/2026","CAL","0.94","0.61","0.90","0.90","0.88","0.89","-0.01","","0.89","264,763","236,191.93"
"24/04/2026","CLYD","1.44","0.46","1.44","1.44","1.44","1.44","0.00","1.58","","0","0.00"
"24/04/2026","CMLT","0.14","0.14","0.14","0.14","0.14","0.14","0.00","0.15","","0","0.00"
"24/04/2026","CPC","0.12","0.05","0.12","0.12","0.12","0.12","0.00","0.13","","0","0.00"
"24/04/2026","DASPHARMA","0.41","0.38","0.41","0.41","0.41","0.41","0.00","0.42","","0","0.00"
"24/04/2026","EGH","57.00","25.00","48.89","48.89","48.89","48.89","0.00","48.89","48.90","1,660","81,158.40"
"24/04/2026","EGL","12.16","3.48","11.08","11.08","11.08","11.08","0.00","","11.00","0","0.00"
"24/04/2026","ETI","2.82","0.76","2.24","2.24","2.21","2.21","-0.03","2.15","2.21","191,089","421,531.16"
"24/04/2026","FML","16.35","8.00","12.20","12.20","12.20","12.20","0.00","","12.20","1,348","16,445.60"
"24/04/2026","FAB","7.97","7.71","7.97","7.97","7.97","7.97","0.00","7.97","","0","0.00"
"24/04/2026","GCB","52.00","20.11","44.98","44.98","42.50","42.52","-2.46","42.50","42.64","71,514","3,046,091.40"
"24/04/2026","GGBL","16.50","6.60","15.30","15.30","15.30","15.30","0.00","","15.10","0","0.00"
"24/04/2026","GOIL","7.99","2.96","7.99","7.99","7.99","7.92","-0.07","7.85","7.99","25,140","200,154.60"
"24/04/2026","MAC","5.20","5.20","5.20","5.20","5.20","5.20","0.00","5.20","","0","0.00"
"24/04/2026","MTNGH","6.59","4.20","6.59","6.59","6.60","6.57","-0.02","6.59","6.60","1,156,511","7,600,497.98"
"24/04/2026","PBC**","0.02","0.02","0.02","0.02","0.02","0.02","0.00","","","0","0.00"
"24/04/2026","RBGH","5.58","1.30","5.09","5.09","5.58","5.58","0.49","5.58","5.59","10,865","60,560.19"
"24/04/2026","SCB","79.41","29.22","71.38","71.38","71.38","71.38","0.00","","71.38","530","37,826.40"
"24/04/2026","SIC","6.99","1.20","5.14","5.14","5.40","5.38","0.24","5.40","5.65","75,347","406,408.80"
"24/04/2026","SOGEGH","11.51","4.49","6.29","6.29","6.30","6.30","0.01","6.29","6.30","7,915","49,864.50"
"24/04/2026","TBL","1.20","1.20","1.20","1.20","1.20","1.20","0.00","1.32","","0","0.00"
"24/04/2026","TOTAL","40.30","34.54","34.55","34.55","34.54","34.54","-0.01","34.54","34.55","12,448","429,989.40"
"24/04/2026","TLW","11.92","11.92","11.92","11.92","11.92","11.92","0.00","","11.92","82","977.44"
"24/04/2026","UNIL","28.46","19.79","28.46","28.46","28.46","28.46","0.00","28.46","31.30","48","1,366.08"
"24/04/2026","ZEN","5.55","5.00","5.55","5.55","5.45","5.45","-0.10","5.55","","471,465","2,570,503.40"
"24/04/2026","AADS","0.42","0.42","0.42","0.42","0.42","0.42","0.00","0.46","","0","0.00"
"24/04/2026","SCBPREF","0.90","0.90","0.90","0.90","0.90","0.90","0.00","0.90","","0","0.00"
"24/04/2026","GLD","533.93","466.72","502.89","502.89","497.00","497.06","-5.83","497.00","","9,547","4,745,465.67"
"24/04/2026","SAMBA","0.55","0.55","0.55","0.55","0.55","0.55","0.00","0.55","","0","0.00"
"24/04/2026","MMH","0.10","0.10","0.10","0.10","0.10","0.10","0.00","0.11","","10","1.00"
"24/04/2026","HORDS","0.10","0.09","0.10","0.10","0.10","0.10","0.00","0.10","","0","0.00"
"24/04/2026","IIL","0.05","0.05","0.05","0.05","0.05","0.05","0.00","0.05","","5,000","250.00"
"24/04/2026","DIGICUT","0.09","0.09","0.09","0.09","0.09","0.09","0.00","0.09","","0","0.00"
"23/04/2026","ACCESS","46.64","16.20","30.65","30.65","30.65","30.65","0.00","30.65","","662","20,290.30"
"23/04/2026","ADB","5.06","5.06","5.06","5.06","5.06","5.06","0.00","5.05","","0","0.00"
"23/04/2026","AGA","37.00","37.00","37.00","37.00","37.00","37.00","0.00","40.70","","0","0.00"
"23/04/2026","**ALW**","0.10","0.10","0.10","0.10","0.10","0.10","0.00","","","0","0.00"
"23/04/2026","ASG","8.89","8.89","8.89","8.89","8.89","8.89","0.00","8.89","","3","26.67"
"23/04/2026","ALLGH","7.20","6.12","7.20","7.20","7.20","7.20","0.00","7.30","","0","0.00"
"23/04/2026","BOPP","100.00","55.82","85.86","85.86","85.00","85.00","-0.86","","85.00","2,444","208,141.62"
"23/04/2026","CAL","0.94","0.61","0.90","0.90","0.90","0.90","0.00","","0.90","305,781","274,337.66"
"23/04/2026","CLYD","1.44","0.46","1.44","1.44","1.44","1.44","0.00","1.58","","0","0.00"
"23/04/2026","CMLT","0.14","0.14","0.14","0.14","0.14","0.14","0.00","0.15","","0","0.00"
"23/04/2026","CPC","0.12","0.05","0.12","0.12","0.12","0.12","0.00","0.13","","0","0.00"
"23/04/2026","DASPHARMA","0.41","0.38","0.41","0.41","0.42","0.41","0.00","0.42","","680","285.60"
"23/04/2026","EGH","57.00","25.00","48.90","48.90","48.89","48.89","-0.01","","48.89","11,732","573,586.30"
"23/04/2026","EGL","12.16","3.48","11.20","11.20","11.05","11.08","-0.12","","11.05","2,704","29,957.08"
"23/04/2026","ETI","2.82","0.76","2.24","2.24","2.24","2.24","0.00","2.10","2.24","367,513","822,630.94"
"23/04/2026","FML","16.35","8.00","12.50","12.50","12.20","12.20","-0.30","","12.20","2,247","27,697.50"
"23/04/2026","FAB","7.97","7.71","7.97","7.97","7.97","7.97","0.00","","","0","0.00"
"23/04/2026","GCB","52.00","20.11","42.27","42.27","46.49","44.98","2.71","46.49","","51,794","2,382,616.82"
"23/04/2026","GGBL","16.50","6.60","15.30","15.30","15.30","15.30","0.00","","15.10","0","0.00"
"23/04/2026","GOIL","7.99","2.96","7.99","7.99","7.99","7.99","0.00","","7.99","23,649","188,955.51"
"23/04/2026","MAC","5.20","5.20","5.20","5.20","5.20","5.20","0.00","5.20","","0","0.00"
"23/04/2026","MTNGH","6.59","4.20","6.52","6.52","6.69","6.59","0.07","6.55","6.69","745,571","4,910,672.51"
"23/04/2026","PBC**","0.02","0.02","0.02","0.02","0.02","0.02","0.00","","","0","0.00"
"23/04/2026","RBGH","5.38","1.30","4.72","4.72","5.09","5.09","0.37","4.72","5.09","2,198","11,121.04"
"23/04/2026","SCB","79.41","29.22","71.38","71.38","71.38","71.38","0.00","","71.37","0","0.00"
"23/04/2026","SIC","6.99","1.20","4.81","4.81","5.25","5.14","0.33","5.25","","27,286","139,409.58"
"23/04/2026","SOGEGH","11.51","4.49","6.29","6.29","6.29","6.29","0.00","6.29","","11,873","74,681.17"
"23/04/2026","TBL","1.20","1.20","1.20","1.20","1.20","1.20","0.00","1.32","","0","0.00"
"23/04/2026","TOTAL","40.30","34.55","34.55","34.55","34.55","34.55","0.00","34.54","34.55","5,961","205,952.55"
"23/04/2026","TLW","11.92","11.92","11.92","11.92","11.92","11.92","0.00","11.92","","0","0.00"
"23/04/2026","UNIL","28.46","19.79","28.46","28.46","28.46","28.46","0.00","28.46","31.30","85","2,419.10"
"23/04/2026","ZEN","5.55","5.00","5.05","5.05","5.55","5.55","0.50","5.55","","1,000","5,550.00"
"23/04/2026","AADS","0.42","0.42","0.42","0.42","0.42","0.42","0.00","0.46","","0","0.00"
"23/04/2026","SCBPREF","0.90","0.90","0.90","0.90","0.90","0.90","0.00","0.90","","0","0.00"
"23/04/2026","GLD","533.93","466.72","502.89","502.89","502.89","502.89","0.00","502.89","","8","4,023.12"
"23/04/2026","SAMBA","0.55","0.55","0.55","0.55","0.55","0.55","0.00","0.55","","0","0.00"
"23/04/2026","MMH","0.10","0.10","0.10","0.10","0.10","0.10","0.00","0.11","","10,000","1,000.00"
"23/04/2026","HORDS","0.10","0.09","0.10","0.10","0.10","0.10","0.00","","0.10","129,837","12,983.70"
"23/04/2026","IIL","0.05","0.05","0.05","0.05","0.05","0.05","0.00","0.05","","145,000","7,250.00"
"23/04/2026","DIGICUT","0.09","0.09","0.09","0.09","0.09","0.09","0.00","","","0","0.00"
"22/04/2026","ACCESS","46.64","16.20","30.65","30.65","30.65","30.65","0.00","27.60","30.65","1,519","46,557.35"
"22/04/2026","ADB","5.06","5.06","5.06","5.06","5.06","5.06","0.00","","","0","0.00"
"22/04/2026","AGA","37.00","37.00","37.00","37.00","37.00","37.00","0.00","40.70","","0","0.00"
"22/04/2026","**ALW**","0.10","0.10","0.10","0.10","0.10","0.10","0.00","","","0","0.00"
"22/04/2026","ASG","8.89","8.89","8.89","8.89","8.89","8.89","0.00","8.89","","0","0.00"
"22/04/2026","ALLGH","7.20","6.12","7.20","7.20","7.20","7.20","0.00","7.30","","0","0.00"
"22/04/2026","BOPP","100.00","55.82","89.99","89.99","85.00","85.86","-4.13","85.00","89.00","2,882","249,757.43"
"22/04/2026","CAL","0.94","0.61","0.89","0.89","0.90","0.90","0.01","0.90","","271,871","244,577.40"
"22/04/2026","CLYD","1.44","0.46","1.44","1.44","1.44","1.44","0.00","1.58","","0","0.00"
"22/04/2026","CMLT","0.14","0.14","0.14","0.14","0.14","0.14","0.00","0.15","","0","0.00"
"22/04/2026","CPC","0.12","0.05","0.12","0.12","0.12","0.12","0.00","0.13","","0","0.00"
"22/04/2026","DASPHARMA","0.41","0.38","0.41","0.41","0.41","0.41","0.00","0.44","","0","0.00"
"22/04/2026","EGH","57.00","25.00","48.90","48.90","48.90","48.90","0.00","","48.90","1,044","51,051.60"
"22/04/2026","EGL","12.16","3.48","11.20","11.20","11.20","11.20","0.00","","11.19","0","0.00"
"22/04/2026","ETI","2.82","0.76","2.32","2.32","2.24","2.24","-0.08","2.24","2.32","716,684","1,607,558.52"
"22/04/2026","FML","16.35","8.00","12.55","12.55","12.50","12.50","-0.05","11.50","12.50","2,532","31,655.50"
"22/04/2026","FAB","7.97","7.71","7.97","7.97","7.97","7.97","0.00","7.97","","0","0.00"
"22/04/2026","GCB","52.00","20.11","38.43","38.43","42.27","42.27","3.84","42.27","","401,785","16,983,451.95"
"22/04/2026","GGBL","16.50","6.60","15.30","15.30","15.30","15.30","0.00","","15.29","0","0.00"
"22/04/2026","GOIL","7.99","2.96","7.95","7.95","8.00","7.99","0.04","8.00","","9,962","79,577.95"
"22/04/2026","MAC","5.20","5.20","5.20","5.20","5.20","5.20","0.00","5.20","","0","0.00"
"22/04/2026","MTNGH","6.53","4.20","6.28","6.28","6.53","6.52","0.24","6.52","6.53","764,077","4,985,328.84"
"22/04/2026","PBC**","0.02","0.02","0.02","0.02","0.02","0.02","0.00","","","0","0.00"
"22/04/2026","RBGH","5.38","1.30","4.72","4.72","4.72","4.72","0.00","4.72","","87","410.64"
"22/04/2026","SCB","79.41","29.22","71.38","71.38","71.38","71.38","0.00","71.38","","3,252","232,127.76"
"22/04/2026","SIC","6.99","1.20","4.58","4.58","4.85","4.81","0.23","4.85","","9,220","44,319.10"
"22/04/2026","SOGEGH","11.51","4.49","6.29","6.29","6.29","6.29","0.00","6.29","","52,602","330,866.58"
"22/04/2026","TBL","1.20","1.20","1.20","1.20","1.20","1.20","0.00","1.32","","0","0.00"
"22/04/2026","TOTAL","40.30","34.55","34.57","34.57","34.55","34.55","-0.02","34.54","34.55","9,167","316,718.42"
"22/04/2026","TLW","11.92","11.92","11.92","11.92","11.92","11.92","0.00","11.92","","0","0.00"
"22/04/2026","UNIL","28.46","19.79","28.46","28.46","28.46","28.46","0.00","28.46","31.30","475","13,518.50"
"22/04/2026","ZEN","5.05","5.00","5.00","5.00","5.10","5.05","0.05","5.00","","2,000","10,100.00"
"22/04/2026","AADS","0.42","0.42","0.42","0.42","0.42","0.42","0.00","0.46","","0","0.00"
"22/04/2026","SCBPREF","0.90","0.90","0.90","0.90","0.90","0.90","0.00","0.90","","0","0.00"
"22/04/2026","GLD","533.93","466.72","502.89","502.89","502.89","502.89","0.00","502.89","600.00","122","61,352.58"
"22/04/2026","SAMBA","0.55","0.55","0.55","0.55","0.55","0.55","0.00","","","0","0.00"
"22/04/2026","MMH","0.10","0.10","0.10","0.10","0.10","0.10","0.00","0.10","","0","0.00"
"22/04/2026","HORDS","0.10","0.09","0.10","0.10","0.10","0.10","0.00","","0.10","43,861","4,386.10"
"22/04/2026","IIL","0.05","0.05","0.05","0.05","0.05","0.05","0.00","0.05","","0","0.00"
"22/04/2026","DIGICUT","0.09","0.09","0.09","0.09","0.09","0.09","0.00","","","0","0.00"
"21/04/2026","ACCESS","46.64","16.20","30.65","30.65","30.65","30.65","0.00","30.65","","1,221","37,365.70"
"21/04/2026","ADB","5.06","5.06","5.06","5.06","5.06","5.06","0.00","5.05","","0","0.00"
"21/04/2026","AGA","37.00","37.00","37.00","37.00","37.00","37.00","0.00","40.70","","0","0.00"
"21/04/2026","**ALW**","0.10","0.10","0.10","0.10","0.10","0.10","0.00","","","0","0.00"
"21/04/2026","ASG","8.89","8.89","8.89","8.89","8.89","8.89","0.00","8.89","","0","0.00"
"21/04/2026","ALLGH","7.20","6.12","7.20","7.20","7.20","7.20","0.00","7.30","","0","0.00"
"21/04/2026","BOPP","100.00","55.82","89.99","89.99","89.99","89.99","0.00","","89.99","596","53,634.04"
"21/04/2026","CAL","0.94","0.61","0.86","0.86","0.90","0.89","0.03","0.80","0.86","1,269,730","1,131,492.23"
"21/04/2026","CLYD","1.44","0.46","1.44","1.44","1.44","1.44","0.00","1.58","","0","0.00"
"21/04/2026","CMLT","0.14","0.14","0.14","0.14","0.14","0.14","0.00","0.15","","0","0.00"
"21/04/2026","CPC","0.12","0.05","0.12","0.12","0.12","0.12","0.00","0.13","","0","0.00"
"21/04/2026","DASPHARMA","0.41","0.38","0.41","0.41","0.41","0.41","0.00","0.43","","0","0.00"
"21/04/2026","EGH","57.00","25.00","48.90","48.90","48.90","48.90","0.00","","48.90","495","24,205.50"
"21/04/2026","EGL","12.16","3.48","11.29","11.29","11.20","11.20","-0.09","","11.29","4,248","47,619.81"
"21/04/2026","ETI","2.82","0.76","2.20","2.20","2.40","2.32","0.12","2.21","","26,909","62,601.40"
"21/04/2026","FML","16.35","8.00","12.55","12.55","12.55","12.55","0.00","11.50","12.00","1,456","18,272.80"
"21/04/2026","FAB","7.97","7.71","7.97","7.97","7.97","7.97","0.00","","","0","0.00"
"21/04/2026","GCB","52.00","20.11","34.94","34.94","38.43","38.43","3.49","34.94","","14,774","567,764.82"
"21/04/2026","GGBL","16.50","6.60","15.30","15.30","15.29","15.30","0.00","","15.20","382","5,840.78"
"21/04/2026","GOIL","7.89","2.96","7.89","7.89","7.95","7.95","0.06","","7.89","12,474","98,563.74"
"21/04/2026","MAC","5.20","5.20","5.20","5.20","5.20","5.20","0.00","5.20","","0","0.00"
"21/04/2026","MTNGH","6.53","4.20","6.28","6.28","6.00","6.28","0.00","6.00","6.50","493,084","3,121,174.53"
"21/04/2026","PBC**","0.02","0.02","0.02","0.02","0.02","0.02","0.00","","","0","0.00"
"21/04/2026","RBGH","5.38","1.30","4.72","4.72","4.72","4.72","0.00","4.72","","4,465","21,074.80"
"21/04/2026","SCB","79.41","29.22","71.38","71.38","71.38","71.38","0.00","","71.38","111","7,923.18"
"21/04/2026","SIC","6.99","1.20","4.57","4.57","4.61","4.58","0.01","4.58","","603,589","2,762,484.47"
"21/04/2026","SOGEGH","11.51","4.49","6.21","6.21","6.21","6.29","0.08","6.21","","298,092","1,873,485.81"
"21/04/2026","TBL","1.20","1.20","1.20","1.20","1.20","1.20","0.00","1.32","","0","0.00"
"21/04/2026","TOTAL","40.30","34.57","34.57","34.57","34.57","34.57","0.00","","34.57","10,620","367,117.98"
"21/04/2026","TLW","11.92","11.92","11.92","11.92","11.92","11.92","0.00","11.92","","1","11.92"
"21/04/2026","UNIL","28.46","19.79","28.46","28.46","28.46","28.46","0.00","","28.46","2,040","58,058.40"
"21/04/2026","AADS","0.42","0.42","0.42","0.42","0.42","0.42","0.00","0.46","","0","0.00"
"21/04/2026","SCBPREF","0.90","0.90","0.90","0.90","0.90","0.90","0.00","0.90","","0","0.00"
"21/04/2026","GLD","533.93","466.72","502.89","502.89","502.89","502.89","0.00","502.89","600.00","31","15,589.59"
"21/04/2026","SAMBA","0.55","0.55","0.55","0.55","0.55","0.55","0.00","","","0","0.00"
"21/04/2026","MMH","0.10","0.10","0.10","0.10","0.10","0.10","0.00","","","0","0.00"
"21/04/2026","HORDS","0.10","0.09","0.10","0.10","0.10","0.10","0.00","","0.10","1,000","100.00"
"21/04/2026","IIL","0.05","0.05","0.05","0.05","0.05","0.05","0.00","","0.05","18,831","941.55"
"21/04/2026","DIGICUT","0.09","0.09","0.09","0.09","0.09","0.09","0.00","","","0","0.00"
"20/04/2026","ACCESS","46.64","16.20","30.65","30.65","30.65","30.65","0.00","30.65","","771","23,631.15"
"20/04/2026","ADB","5.06","5.06","5.06","5.06","5.06","5.06","0.00","5.05","","3,424","17,302.20"
"20/04/2026","AGA","37.00","37.00","37.00","37.00","37.00","37.00","0.00","40.70","","0","0.00"
"20/04/2026","**ALW**","0.10","0.10","0.10","0.10","0.10","0.10","0.00","","","0","0.00"
"20/04/2026","ASG","8.89","8.89","8.89","8.89","8.89","8.89","0.00","8.89","","0","0.00"
"20/04/2026","ALLGH","7.20","6.12","7.20","7.20","7.20","7.20","0.00","7.30","","0","0.00"
"20/04/2026","BOPP","100.00","55.82","89.99","89.99","89.99","89.99","0.00","","89.99","2,516","226,414.84"
"20/04/2026","CAL","0.94","0.61","0.86","0.86","0.86","0.86","0.00","0.80","0.86","1,200,465","1,032,564.33"
"20/04/2026","CLYD","1.44","0.46","1.44","1.44","1.44","1.44","0.00","1.58","","0","0.00"
"20/04/2026","CMLT","0.14","0.14","0.14","0.14","0.14","0.14","0.00","0.15","","0","0.00"
"20/04/2026","CPC","0.12","0.05","0.12","0.12","0.12","0.12","0.00","0.13","","0","0.00"
"20/04/2026","DASPHARMA","0.41","0.38","0.41","0.41","0.41","0.41","0.00","0.43","","0","0.00"
"20/04/2026","EGH","57.00","25.00","48.90","48.90","48.90","48.90","0.00","","48.90","2,144","104,841.60"
"20/04/2026","EGL","12.16","3.48","11.30","11.30","11.29","11.29","-0.01","","11.29","12,101","136,709.08"
"20/04/2026","ETI","2.82","0.76","2.10","2.10","2.21","2.20","0.10","2.21","","119,083","261,976.65"
"20/04/2026","FML","16.35","8.00","12.55","12.55","12.00","12.55","0.00","11.50","12.00","500","6,000.00"
"20/04/2026","FAB","7.97","7.71","7.97","7.97","7.97","7.97","0.00","","","0","0.00"
"20/04/2026","GCB","52.00","20.11","31.77","31.77","34.94","34.94","3.17","34.94","","10,000","349,400.00"
"20/04/2026","GGBL","16.50","6.60","15.30","15.30","15.30","15.30","0.00","","15.20","3,646","55,783.80"
"20/04/2026","GOIL","7.89","2.96","7.89","7.89","7.89","7.89","0.00","","7.89","49,207","388,203.23"
"20/04/2026","MAC","5.20","5.20","5.20","5.20","5.20","5.20","0.00","5.20","","0","0.00"
"20/04/2026","MTNGH","6.53","4.20","6.10","6.10","6.50","6.28","0.18","6.00","6.50","2,811,593","17,722,255.59"
"20/04/2026","PBC**","0.02","0.02","0.02","0.02","0.02","0.02","0.00","","","0","0.00"
"20/04/2026","RBGH","5.38","1.30","4.72","4.72","4.72","4.72","0.00","4.72","","5,099","24,067.28"
"20/04/2026","SCB","79.41","29.22","71.38","71.38","71.38","71.38","0.00","","71.38","147","10,492.86"
"20/04/2026","SIC","6.99","1.20","4.46","4.46","4.58","4.57","0.11","4.58","","33,700","154,111.33"
"20/04/2026","SOGEGH","11.51","4.49","5.65","5.65","6.21","6.21","0.56","6.21","","61,180","379,774.20"
"20/04/2026","TBL","1.20","1.20","1.20","1.20","1.20","1.20","0.00","1.32","","0","0.00"
"20/04/2026","TOTAL","40.30","34.57","38.28","38.28","34.57","34.57","-3.71","","34.57","17,655","610,333.35"
"20/04/2026","TLW","11.92","11.92","11.92","11.92","11.92","11.92","0.00","11.92","","102","1,215.84"
"20/04/2026","UNIL","28.46","19.79","28.46","28.46","28.46","28.46","0.00","","28.46","1,766","50,260.36"
"20/04/2026","AADS","0.42","0.42","0.42","0.42","0.42","0.42","0.00","0.46","","0","0.00"
"20/04/2026","SCBPREF","0.90","0.90","0.90","0.90","0.90","0.90","0.00","0.90","","0","0.00"
"20/04/2026","GLD","533.93","466.72","502.89","502.89","502.89","502.89","0.00","502.89","600.00","17","8,549.13"
"20/04/2026","SAMBA","0.55","0.55","0.55","0.55","0.55","0.55","0.00","","","0","0.00"
"20/04/2026","MMH","0.10","0.10","0.10","0.10","0.10","0.10","0.00","","","0","0.00"
"20/04/2026","HORDS","0.10","0.09","0.10","0.10","0.10","0.10","0.00","","0.10","0","0.00"
"20/04/2026","IIL","0.05","0.05","0.05","0.05","0.05","0.05","0.00","","0.05","0","0.00"
"20/04/2026","DIGICUT","0.09","0.09","0.09","0.09","0.09","0.09","0.00","","","0","0.00"
"17/04/2026","ACCESS","46.64","16.20","34.03","34.03","30.65","30.65","-3.38","","30.65","2,287","72,486.21"
"17/04/2026","ADB","5.06","5.06","5.06","5.06","5.06","5.06","0.00","5.06","","0","0.00"
"17/04/2026","AGA","37.00","37.00","37.00","37.00","37.00","37.00","0.00","40.70","","0","0.00"
"17/04/2026","**ALW**","0.10","0.10","0.10","0.10","0.10","0.10","0.00","","","0","0.00"
"17/04/2026","ASG","8.89","8.89","8.89","8.89","8.89","8.89","0.00","8.89","","1","8.89"
"17/04/2026","ALLGH","7.20","6.12","7.20","7.20","7.20","7.20","0.00","7.30","","0","0.00"
"17/04/2026","BOPP","100.00","55.82","90.00","90.00","89.99","89.99","-0.01","89.99","90.00","2,998","269,796.02"
"17/04/2026","CAL","0.94","0.61","0.79","0.79","0.86","0.86","0.07","0.80","0.86","871,786","748,444.00"
"17/04/2026","CLYD","1.44","0.46","1.44","1.44","1.44","1.44","0.00","1.58","","0","0.00"
"17/04/2026","CMLT","0.14","0.14","0.14","0.14","0.14","0.14","0.00","0.15","","0","0.00"
"17/04/2026","CPC","0.12","0.05","0.12","0.12","0.12","0.12","0.00","0.13","","0","0.00"
"17/04/2026","DASPHARMA","0.41","0.38","0.41","0.41","0.41","0.41","0.00","0.42","","0","0.00"
"17/04/2026","EGH","57.00","25.00","48.90","48.90","48.90","48.90","0.00","","48.90","479","23,423.10"
"17/04/2026","EGL","12.16","3.48","11.34","11.34","11.30","11.30","-0.04","","11.30","2,721","30,811.43"
"17/04/2026","ETI","2.82","0.76","1.92","1.92","2.10","2.10","0.18","2.10","","25,898","54,385.80"
"17/04/2026","FML","16.35","8.00","12.55","12.55","12.55","12.55","0.00","12.00","12.55","5,438","68,246.90"
"17/04/2026","FAB","7.97","7.71","7.97","7.97","7.97","7.97","0.00","","","0","0.00"
"17/04/2026","GCB","52.00","20.11","28.89","28.89","31.77","31.77","2.88","31.77","","10,054","319,415.58"
"17/04/2026","GGBL","16.50","6.60","15.30","15.30","15.30","15.30","0.00","","15.30","611","9,348.30"
"17/04/2026","GOIL","7.89","2.96","7.86","7.86","7.89","7.89","0.03","7.90","","5,590","44,101.00"
"17/04/2026","MAC","5.20","5.20","5.20","5.20","5.20","5.20","0.00","5.20","","1","5.20"
"17/04/2026","MTNGH","6.53","4.20","5.93","5.93","6.10","6.10","0.17","5.95","6.00","2,229,587","13,599,303.65"
"17/04/2026","PBC**","0.02","0.02","0.02","0.02","0.02","0.02","0.00","","","0","0.00"
"17/04/2026","RBGH","5.38","1.30","4.43","4.43","4.72","4.72","0.29","4.82","","9,773","45,007.12"
"17/04/2026","SCB","79.41","29.22","71.38","71.38","71.38","71.38","0.00","","71.38","128","9,136.64"
"17/04/2026","SIC","6.99","1.20","4.14","4.14","4.46","4.46","0.32","4.50","","35,161","157,056.94"
"17/04/2026","SOGEGH","11.51","4.49","5.33","5.33","5.65","5.65","0.32","5.86","","3,597","20,257.58"
"17/04/2026","TBL","1.20","1.20","1.20","1.20","1.20","1.20","0.00","1.32","","0","0.00"
"17/04/2026","TOTAL","40.30","34.64","38.40","38.40","38.28","38.28","-0.12","","38.27","8,447","323,355.64"
"17/04/2026","TLW","11.92","11.92","11.92","11.92","11.92","11.92","0.00","11.92","","30","357.60"
"17/04/2026","UNIL","28.46","19.79","28.46","28.46","28.46","28.46","0.00","","28.46","708","20,149.68"
"17/04/2026","AADS","0.42","0.42","0.42","0.42","0.42","0.42","0.00","0.46","","0","0.00"
"17/04/2026","SCBPREF","0.90","0.90","0.90","0.90","0.90","0.90","0.00","0.90","","0","0.00"
"17/04/2026","GLD","533.93","466.72","502.80","502.80","502.89","502.89","0.09","502.79","","25","12,572.20"
"17/04/2026","SAMBA","0.55","0.55","0.55","0.55","0.55","0.55","0.00","","","0","0.00"
"17/04/2026","MMH","0.10","0.10","0.10","0.10","0.10","0.10","0.00","","","0","0.00"
"17/04/2026","HORDS","0.10","0.09","0.10","0.10","0.10","0.10","0.00","","0.10","0","0.00"
"17/04/2026","IIL","0.05","0.05","0.05","0.05","0.05","0.05","0.00","","0.05","0","0.00"
"17/04/2026","DIGICUT","0.09","0.09","0.09","0.09","0.09","0.09","0.00","","","0","0.00"
"16/04/2026","ACCESS","46.64","16.20","37.81","37.81","34.03","34.03","-3.78","","34.03","1,000","34,030.00"
"16/04/2026","ADB","5.06","5.06","5.06","5.06","5.06","5.06","0.00","5.06","","0","0.00"
"16/04/2026","AGA","37.00","37.00","37.00","37.00","37.00","37.00","0.00","40.70","","0","0.00"
"16/04/2026","**ALW**","0.10","0.10","0.10","0.10","0.10","0.10","0.00","","","0","0.00"
"16/04/2026","ASG","8.89","8.89","8.89","8.89","8.89","8.89","0.00","8.89","","0","0.00"
"16/04/2026","ALLGH","7.20","6.12","7.20","7.20","7.20","7.20","0.00","7.30","","0","0.00"
"16/04/2026","BOPP","100.00","55.82","100.00","100.00","90.00","90.00","-10.00","","100.00","2,734","253,390.00"
"16/04/2026","CAL","0.94","0.61","0.77","0.77","0.82","0.79","0.02","0.77","0.82","432,081","339,261.75"
"16/04/2026","CLYD","1.44","0.46","1.32","1.32","1.44","1.44","0.12","1.45","","1,000","1,440.00"
"16/04/2026","CMLT","0.14","0.14","0.14","0.14","0.14","0.14","0.00","0.15","","0","0.00"
"16/04/2026","CPC","0.12","0.05","0.12","0.12","0.12","0.12","0.00","0.13","","0","0.00"
"16/04/2026","DASPHARMA","0.41","0.38","0.41","0.41","0.42","0.41","0.00","0.42","","28","11.72"
"16/04/2026","EGH","57.00","25.00","48.90","48.90","48.90","48.90","0.00","","48.70","1,034","50,562.60"
"16/04/2026","EGL","12.16","3.48","11.39","11.39","11.34","11.34","-0.05","","11.34","1,467","16,663.93"
"16/04/2026","ETI","2.82","0.76","1.88","1.88","1.92","1.92","0.04","1.92","","23,303","44,874.13"
"16/04/2026","FML","16.35","8.00","12.55","12.55","12.55","12.55","0.00","","12.55","4,991","62,637.05"
"16/04/2026","FAB","7.97","7.71","7.97","7.97","7.97","7.97","0.00","","","0","0.00"
"16/04/2026","GCB","52.00","20.11","26.82","26.82","29.50","28.89","2.07","29.50","","6,500","188,375.00"
"16/04/2026","GGBL","16.50","6.60","15.30","15.30","15.30","15.30","0.00","","15.10","298","4,559.40"
"16/04/2026","GOIL","7.88","2.96","7.86","7.86","7.86","7.86","0.00","7.87","","0","0.00"
"16/04/2026","MAC","5.20","5.20","5.20","5.20","5.20","5.20","0.00","5.20","","0","0.00"
"16/04/2026","MTNGH","6.53","4.20","5.79","5.79","6.10","5.93","0.14","5.95","6.10","783,998","4,647,814.61"
"16/04/2026","PBC**","0.02","0.02","0.02","0.02","0.02","0.02","0.00","","","0","0.00"
"16/04/2026","RBGH","5.38","1.30","4.46","4.46","4.43","4.43","-0.03","4.02","4.43","16,784","74,353.12"
"16/04/2026","SCB","79.41","29.22","71.38","71.38","71.38","71.38","0.00","","71.38","480","34,262.40"
"16/04/2026","SIC","6.99","1.20","4.12","4.12","4.17","4.14","0.02","4.17","","10,469","43,262.28"
"16/04/2026","SOGEGH","11.51","4.49","5.32","5.32","5.30","5.33","0.01","5.30","","152,526","813,160.82"
"16/04/2026","TBL","1.20","1.20","1.20","1.20","1.20","1.20","0.00","1.32","","0","0.00"
"16/04/2026","TOTAL","40.30","34.64","38.40","38.40","38.39","38.40","0.00","","38.39","655","25,150.12"
"16/04/2026","TLW","11.92","11.92","11.92","11.92","11.92","11.92","0.00","11.92","","392","4,672.64"
"16/04/2026","UNIL","28.46","19.79","28.46","28.46","28.46","28.46","0.00","","28.46","726","20,661.96"
"16/04/2026","AADS","0.42","0.42","0.42","0.42","0.42","0.42","0.00","0.46","","0","0.00"
"16/04/2026","SCBPREF","0.90","0.90","0.90","0.90","0.90","0.90","0.00","0.90","","0","0.00"
"16/04/2026","GLD","533.93","466.72","502.79","502.79","502.80","502.80","0.01","502.79","","897","451,011.50"
"16/04/2026","SAMBA","0.55","0.55","0.55","0.55","0.55","0.55","0.00","","","0","0.00"
"16/04/2026","MMH","0.10","0.10","0.10","0.10","0.10","0.10","0.00","","","0","0.00"
"16/04/2026","HORDS","0.10","0.09","0.10","0.10","0.10","0.10","0.00","","0.10","0","0.00"
"16/04/2026","IIL","0.05","0.05","0.05","0.05","0.05","0.05","0.00","","","0","0.00"
"16/04/2026","DIGICUT","0.09","0.09","0.09","0.09","0.09","0.09","0.00","0.09","","0","0.00"
"15/04/2026","ACCESS","46.64","16.20","42.00","42.00","37.81","37.81","-4.19","37.81","41.58","934","35,314.54"
"15/04/2026","ADB","5.06","5.06","5.06","5.06","5.06","5.06","0.00","5.06","","0","0.00"
"15/04/2026","AGA","37.00","37.00","37.00","37.00","37.00","37.00","0.00","40.70","","0","0.00"
"15/04/2026","**ALW**","0.10","0.10","0.10","0.10","0.10","0.10","0.00","","","0","0.00"
"15/04/2026","ASG","8.89","8.89","8.89","8.89","8.89","8.89","0.00","8.89","","2","17.78"
"15/04/2026","ALLGH","7.20","6.12","7.20","7.20","7.20","7.20","0.00","7.20","","209","1,504.80"
"15/04/2026","BOPP","100.00","55.82","100.00","100.00","100.00","100.00","0.00","90.00","98.00","1,070","105,000.00"
"15/04/2026","CAL","0.94","0.61","0.75","0.75","0.80","0.77","0.02","0.74","","78,332","60,087.45"
"15/04/2026","CLYD","1.32","0.46","1.20","1.20","1.32","1.32","0.12","1.31","","2,000","2,640.00"
"15/04/2026","CMLT","0.14","0.14","0.14","0.14","0.14","0.14","0.00","0.15","","0","0.00"
"15/04/2026","CPC","0.12","0.05","0.12","0.12","0.12","0.12","0.00","0.13","","0","0.00"
"15/04/2026","DASPHARMA","0.41","0.38","0.41","0.41","0.41","0.41","0.00","0.41","","160","65.60"
"15/04/2026","EGH","57.00","25.00","48.90","48.90","48.90","48.90","0.00","","48.70","1,280","62,592.00"
"15/04/2026","EGL","12.16","3.48","11.63","11.63","11.39","11.39","-0.24","","11.50","5,061","57,644.79"
"15/04/2026","ETI","2.82","0.76","1.81","1.81","1.98","1.88","0.07","1.83","","24,249","45,743.74"
"15/04/2026","FML","16.35","8.00","12.59","12.59","12.55","12.55","-0.04","12.00","12.55","4,324","54,399.76"
"15/04/2026","FAB","7.97","7.71","7.97","7.97","7.97","7.97","0.00","","","0","0.00"
"15/04/2026","GCB","52.00","20.11","26.01","26.01","28.61","26.82","0.81","26.00","28.55","47,551","1,273,759.03"
"15/04/2026","GGBL","16.50","6.60","15.30","15.30","15.10","15.30","0.00","","15.30","1,633","24,830.90"
"15/04/2026","GOIL","7.88","2.96","7.86","7.86","7.90","7.86","0.00","7.87","","500","3,950.00"
"15/04/2026","MAC","5.20","5.20","5.20","5.20","5.20","5.20","0.00","","","0","0.00"
"15/04/2026","MTNGH","6.53","4.20","5.55","5.55","5.79","5.79","0.24","5.50","5.77","1,337,862","7,758,244.07"
"15/04/2026","PBC**","0.02","0.02","0.02","0.02","0.02","0.02","0.00","","","0","0.00"
"15/04/2026","RBGH","5.38","1.30","4.46","4.46","4.46","4.46","0.00","4.40","4.46","6,259","27,915.14"
"15/04/2026","SCB","79.41","29.22","71.38","71.38","71.38","71.38","0.00","","71.38","673","48,038.74"
"15/04/2026","SIC","6.99","1.20","3.90","3.90","4.28","4.12","0.22","3.91","","8,001","33,548.81"
"15/04/2026","SOGEGH","11.51","4.49","5.37","5.37","5.37","5.32","-0.05","5.20","5.37","128,607","687,354.00"
"15/04/2026","TBL","1.20","1.20","1.20","1.20","1.32","1.20","0.00","1.32","","500","660.00"
"15/04/2026","TOTAL","40.30","34.64","38.50","38.50","38.40","38.40","-0.10","","38.50","3,884","149,145.60"
"15/04/2026","TLW","11.92","11.92","11.92","11.92","11.92","11.92","0.00","11.92","","0","0.00"
"15/04/2026","UNIL","28.46","19.79","28.46","28.46","28.46","28.46","0.00","","28.46","1,398","39,787.08"
"15/04/2026","AADS","0.42","0.42","0.42","0.42","0.42","0.42","0.00","0.46","","0","0.00"
"15/04/2026","SCBPREF","0.90","0.90","0.90","0.90","0.90","0.90","0.00","0.90","","0","0.00"
"15/04/2026","GLD","533.93","466.72","502.79","502.79","502.79","502.79","0.00","502.79","","114","57,318.06"
"15/04/2026","SAMBA","0.55","0.55","0.55","0.55","0.55","0.55","0.00","","","0","0.00"
"15/04/2026","MMH","0.10","0.10","0.10","0.10","0.10","0.10","0.00","","","0","0.00"
"15/04/2026","HORDS","0.10","0.09","0.10","0.10","0.10","0.10","0.00","","0.10","0","0.00"
"15/04/2026","IIL","0.05","0.05","0.05","0.05","0.05","0.05","0.00","0.05","","0","0.00"
"15/04/2026","DIGICUT","0.09","0.09","0.09","0.09","0.09","0.09","0.00","","","0","0.00"
"14/04/2026","ACCESS","46.64","16.20","42.00","42.00","42.00","42.00","0.00","37.81","41.58","0","0.00"
"14/04/2026","ADB","5.06","5.06","5.06","5.06","5.06","5.06","0.00","5.06","","0","0.00"
"14/04/2026","AGA","37.00","37.00","37.00","37.00","37.00","37.00","0.00","40.70","","0","0.00"
"14/04/2026","**ALW**","0.10","0.10","0.10","0.10","0.10","0.10","0.00","","","0","0.00"
"14/04/2026","ASG","8.89","8.89","8.89","8.89","8.89","8.89","0.00","8.89","","0","0.00"
"14/04/2026","ALLGH","7.20","6.12","7.20","7.20","7.20","7.20","0.00","7.20","","0","0.00"
"14/04/2026","BOPP","100.00","55.82","100.00","100.00","100.00","100.00","0.00","90.00","98.00","0","0.00"
"14/04/2026","CAL","0.94","0.61","0.75","0.75","0.75","0.75","0.00","0.74","","938,888","694,777.12"
"14/04/2026","CLYD","1.20","0.46","1.20","1.20","1.20","1.20","0.00","1.31","","0","0.00"
"14/04/2026","CMLT","0.14","0.14","0.14","0.14","0.14","0.14","0.00","0.15","","0","0.00"
"14/04/2026","CPC","0.12","0.05","0.12","0.12","0.12","0.12","0.00","0.13","","0","0.00"
"14/04/2026","DASPHARMA","0.41","0.38","0.41","0.41","0.41","0.41","0.00","0.41","","0","0.00"
"14/04/2026","EGH","57.00","25.00","49.45","49.45","48.90","48.90","-0.55","","48.70","28,641","1,400,817.45"
"14/04/2026","EGL","12.16","3.48","11.63","11.63","11.63","11.63","0.00","","11.50","420","4,851.00"
"14/04/2026","ETI","2.82","0.76","1.67","1.67","1.81","1.81","0.14","1.83","","19,909","35,982.87"
"14/04/2026","FML","16.35","8.00","12.59","12.59","12.59","12.59","0.00","12.00","12.55","23,615","297,248.17"
"14/04/2026","FAB","7.97","7.71","7.97","7.97","7.97","7.97","0.00","","","0","0.00"
"14/04/2026","GCB","52.00","20.11","25.96","25.96","26.01","26.01","0.05","26.00","28.55","35,579","925,880.50"
"14/04/2026","GGBL","16.50","6.60","15.50","15.50","15.30","15.30","-0.20","","15.30","2,036","31,150.80"
"14/04/2026","GOIL","7.88","2.96","7.86","7.86","7.86","7.86","0.00","7.87","","0","0.00"
"14/04/2026","MAC","5.20","5.20","5.20","5.20","5.20","5.20","0.00","","","0","0.00"
"14/04/2026","MTNGH","6.53","4.20","5.50","5.50","5.55","5.55","0.05","5.50","5.77","769,907","4,274,398.26"
"14/04/2026","PBC**","0.02","0.02","0.02","0.02","0.02","0.02","0.00","","","0","0.00"
"14/04/2026","RBGH","5.38","1.30","4.51","4.51","4.46","4.46","-0.05","4.40","4.46","10,596","47,278.51"
"14/04/2026","SCB","79.41","29.22","71.40","71.40","71.38","71.38","-0.02","","71.38","3,999","285,448.62"
"14/04/2026","SIC","6.99","1.20","3.72","3.72","3.90","3.90","0.18","3.91","","6,162","23,928.90"
"14/04/2026","SOGEGH","11.51","4.49","5.37","5.37","5.37","5.37","0.00","5.20","5.37","25,774","138,397.88"
"14/04/2026","TBL","1.20","1.20","1.20","1.20","1.20","1.20","0.00","1.32","","0","0.00"
"14/04/2026","TOTAL","40.30","34.64","38.50","38.50","38.50","38.50","0.00","","38.50","10,283","395,895.50"
"14/04/2026","TLW","11.92","11.92","11.92","11.92","11.92","11.92","0.00","11.92","","0","0.00"
"14/04/2026","UNIL","28.46","19.79","28.46","28.46","28.46","28.46","0.00","","28.46","31","882.26"
"14/04/2026","AADS","0.42","0.42","0.42","0.42","0.42","0.42","0.00","0.46","","0","0.00"
"14/04/2026","SCBPREF","0.90","0.90","0.90","0.90","0.90","0.90","0.00","0.90","","0","0.00"
"14/04/2026","GLD","533.93","466.72","502.79","502.79","502.79","502.79","0.00","502.79","","100","50,279.45"
"14/04/2026","SAMBA","0.55","0.55","0.55","0.55","0.55","0.55","0.00","","","0","0.00"
"14/04/2026","MMH","0.10","0.10","0.10","0.10","0.10","0.10","0.00","","","0","0.00"
"14/04/2026","HORDS","0.10","0.09","0.10","0.10","0.10","0.10","0.00","","0.10","0","0.00"
"14/04/2026","IIL","0.05","0.05","0.05","0.05","0.05","0.05","0.00","0.05","","0","0.00"
"14/04/2026","DIGICUT","0.09","0.09","0.09","0.09","0.09","0.09","0.00","","","0","0.00"
"13/04/2026","ACCESS","46.64","16.20","42.00","42.00","37.81","42.00","0.00","37.81","41.95","3,896","160,481.12"
"13/04/2026","ADB","5.06","5.06","5.06","5.06","5.06","5.06","0.00","5.06","","0","0.00"
"13/04/2026","AGA","37.00","37.00","37.00","37.00","37.00","37.00","0.00","40.70","","0","0.00"
"13/04/2026","**ALW**","0.10","0.10","0.10","0.10","0.10","0.10","0.00","","","0","0.00"
"13/04/2026","ASG","8.89","8.89","8.89","8.89","8.89","8.89","0.00","8.89","","1","8.89"
"13/04/2026","ALLGH","7.20","6.12","6.55","6.55","7.20","7.20","0.65","7.20","","50,000","360,000.00"
"13/04/2026","BOPP","100.00","55.82","100.00","100.00","100.00","100.00","0.00","","98.00","1,804","180,400.00"
"13/04/2026","CAL","0.94","0.61","0.75","0.75","0.74","0.75","0.00","0.72","0.74","1,169,597","868,037.53"
"13/04/2026","CLYD","1.20","0.46","1.11","1.11","1.20","1.20","0.09","1.21","","7,600","9,130.00"
"13/04/2026","CMLT","0.14","0.14","0.14","0.14","0.14","0.14","0.00","0.15","","0","0.00"
"13/04/2026","CPC","0.12","0.05","0.12","0.12","0.12","0.12","0.00","0.13","","0","0.00"
"13/04/2026","DASPHARMA","0.41","0.38","0.41","0.41","0.41","0.41","0.00","0.41","","2","0.82"
"13/04/2026","EGH","57.00","25.00","49.45","49.45","49.45","49.45","0.00","","49.45","3,284","162,393.80"
"13/04/2026","EGL","12.16","3.48","11.66","11.66","11.63","11.63","-0.03","","11.63","2,853","33,180.39"
"13/04/2026","ETI","2.82","0.76","1.67","1.67","1.68","1.67","0.00","1.68","","678","1,139.04"
"13/04/2026","FML","16.35","8.00","12.59","12.59","12.59","12.59","0.00","12.00","12.59","9,553","120,272.27"
"13/04/2026","FAB","7.97","7.71","7.97","7.97","7.97","7.97","0.00","","","0","0.00"
"13/04/2026","GCB","52.00","20.11","25.96","25.96","26.00","25.96","0.00","26.00","","577","14,995.60"
"13/04/2026","GGBL","16.50","6.60","15.50","15.50","15.50","15.50","0.00","","15.30","0","0.00"
"13/04/2026","GOIL","7.88","2.96","7.86","7.86","7.86","7.86","0.00","7.86","","132,062","1,038,007.32"
"13/04/2026","MAC","5.20","5.20","5.20","5.20","5.20","5.20","0.00","5.20","","0","0.00"
"13/04/2026","MTNGH","6.53","4.20","5.50","5.50","5.50","5.50","0.00","5.52","5.77","3,038,826","16,716,938.21"
"13/04/2026","PBC**","0.02","0.02","0.02","0.02","0.02","0.02","0.00","","","0","0.00"
"13/04/2026","RBGH","5.38","1.30","4.51","4.51","4.06","4.51","0.00","","4.06","1,404","5,889.24"
"13/04/2026","SCB","79.41","29.22","71.40","71.40","71.40","71.40","0.00","","71.39","0","0.00"
"13/04/2026","SIC","6.99","1.20","3.56","3.56","3.90","3.72","0.16","3.90","","6,306","23,150.31"
"13/04/2026","SOGEGH","11.51","4.49","5.36","5.36","5.36","5.37","0.01","5.35","5.36","86,947","466,798.92"
"13/04/2026","TBL","1.20","1.20","1.20","1.20","1.20","1.20","0.00","1.32","","0","0.00"
"13/04/2026","TOTAL","40.30","34.64","38.09","38.09","38.50","38.50","0.41","38.50","40.00","1,121","43,112.99"
"13/04/2026","TLW","11.92","11.92","11.92","11.92","11.92","11.92","0.00","11.92","","31","369.52"
"13/04/2026","UNIL","28.46","19.79","28.46","28.46","28.46","28.46","0.00","","28.46","1,070","30,452.20"
"13/04/2026","AADS","0.42","0.42","0.42","0.42","0.42","0.42","0.00","0.46","","0","0.00"
"13/04/2026","SCBPREF","0.90","0.90","0.90","0.90","0.90","0.90","0.00","","","0","0.00"
"13/04/2026","GLD","533.93","466.72","502.79","502.79","502.79","502.79","0.00","502.79","","22","11,061.38"
"13/04/2026","SAMBA","0.55","0.55","0.55","0.55","0.55","0.55","0.00","","","0","0.00"
"13/04/2026","MMH","0.10","0.10","0.10","0.10","0.10","0.10","0.00","","","0","0.00"
"13/04/2026","HORDS","0.10","0.09","0.10","0.10","0.10","0.10","0.00","","0.10","0","0.00"
"13/04/2026","IIL","0.05","0.05","0.05","0.05","0.05","0.05","0.00","","","0","0.00"
"13/04/2026","DIGICUT","0.09","0.09","0.09","0.09","0.09","0.09","0.00","","","0","0.00"
"10/04/2026","ACCESS","46.64","16.20","42.00","42.00","42.00","42.00","0.00","37.80","41.00","2","84.00"
"10/04/2026","ADB","5.06","5.06","5.06","5.06","5.06","5.06","0.00","5.06","","0","0.00"
"10/04/2026","AGA","37.00","37.00","37.00","37.00","37.00","37.00","0.00","40.70","","0","0.00"
"10/04/2026","**ALW**","0.10","0.10","0.10","0.10","0.10","0.10","0.00","","","0","0.00"
"10/04/2026","ASG","8.89","8.89","8.89","8.89","8.89","8.89","0.00","8.89","","17","151.13"
"10/04/2026","ALLGH","6.55","6.12","6.55","6.55","6.62","6.55","0.00","6.62","","350","2,317.00"
"10/04/2026","BOPP","100.00","55.82","100.00","100.00","100.00","100.00","0.00","","100.00","698","69,800.00"
"10/04/2026","CAL","0.94","0.61","0.74","0.74","0.79","0.75","0.01","0.76","0.79","700,215","525,934.48"
"10/04/2026","CLYD","1.11","0.46","1.11","1.11","1.11","1.11","0.00","1.15","","0","0.00"
"10/04/2026","CMLT","0.14","0.14","0.14","0.14","0.14","0.14","0.00","0.15","","0","0.00"
"10/04/2026","CPC","0.12","0.05","0.12","0.12","0.12","0.12","0.00","0.13","","0","0.00"
"10/04/2026","DASPHARMA","0.41","0.38","0.41","0.41","0.41","0.41","0.00","0.41","","31","12.71"
"10/04/2026","EGH","57.00","25.00","49.48","49.48","49.45","49.45","-0.03","","49.45","2,663","131,684.16"
"10/04/2026","EGL","12.16","3.48","11.69","11.69","11.65","11.66","-0.03","","11.65","2,522","29,398.96"
"10/04/2026","ETI","2.82","0.76","1.61","1.61","1.68","1.67","0.06","1.68","","62,726","104,879.68"
"10/04/2026","FML","16.35","8.00","12.74","12.74","12.59","12.59","-0.15","","12.59","1,019","12,829.21"
"10/04/2026","FAB","7.97","7.71","7.97","7.97","7.97","7.97","0.00","7.84","","0","0.00"
"10/04/2026","GCB","52.00","20.11","25.51","25.51","26.02","25.96","0.45","26.03","","27,933","725,033.55"
"10/04/2026","GGBL","16.50","6.60","15.50","15.50","15.40","15.50","0.00","","15.20","500","7,700.00"
"10/04/2026","GOIL","7.88","2.96","7.85","7.85","7.86","7.86","0.01","7.86","","44,131","346,678.35"
"10/04/2026","MAC","5.20","5.20","5.20","5.20","5.20","5.20","0.00","5.20","","0","0.00"
"10/04/2026","MTNGH","6.53","4.20","5.49","5.49","5.50","5.50","0.01","5.49","5.50","873,258","4,801,769.82"
"10/04/2026","PBC**","0.02","0.02","0.02","0.02","0.02","0.02","0.00","","","0","0.00"
"10/04/2026","RBGH","5.38","1.30","4.70","4.70","4.50","4.51","-0.19","","4.50","31,715","143,096.00"
"10/04/2026","SCB","79.41","29.22","71.40","71.40","71.39","71.40","0.00","","71.39","335","23,917.98"
"10/04/2026","SIC","6.99","1.20","3.55","3.55","3.58","3.56","0.01","3.58","","33,274","118,506.67"
"10/04/2026","SOGEGH","11.51","4.49","5.37","5.37","5.37","5.36","-0.01","5.35","5.37","13,720","73,550.94"
"10/04/2026","TBL","1.20","1.20","1.20","1.20","1.32","1.20","0.00","1.20","","500","660.00"
"10/04/2026","TOTAL","40.30","34.64","38.10","38.10","38.09","38.09","-0.01","34.64","38.09","4,930","187,787.92"
"10/04/2026","TLW","11.92","11.92","11.92","11.92","11.92","11.92","0.00","11.92","","967","11,526.64"
"10/04/2026","UNIL","28.46","19.79","28.46","28.46","28.46","28.46","0.00","","28.46","832","23,678.72"
"10/04/2026","AADS","0.42","0.42","0.42","0.42","0.42","0.42","0.00","0.46","","0","0.00"
"10/04/2026","SCBPREF","0.90","0.90","0.90","0.90","0.90","0.90","0.00","","","0","0.00"
"10/04/2026","GLD","533.93","466.72","502.17","502.17","503.00","502.79","0.62","503.00","","8","4,022.34"
"10/04/2026","SAMBA","0.55","0.55","0.55","0.55","0.55","0.55","0.00","","","0","0.00"
"10/04/2026","MMH","0.10","0.10","0.10","0.10","0.10","0.10","0.00","","","0","0.00"
"10/04/2026","HORDS","0.10","0.09","0.10","0.10","0.10","0.10","0.00","","0.10","0","0.00"
"10/04/2026","IIL","0.05","0.05","0.05","0.05","0.05","0.05","0.00","","","0","0.00"
"10/04/2026","DIGICUT","0.09","0.09","0.09","0.09","0.09","0.09","0.00","","","0","0.00"
"09/04/2026","ACCESS","46.64","16.20","46.62","46.62","41.95","42.00","-4.62","","46.60","788","33,093.70"
"09/04/2026","ADB","5.06","5.06","5.06","5.06","5.06","5.06","0.00","5.06","","0","0.00"
"09/04/2026","AGA","37.00","37.00","37.00","37.00","37.00","37.00","0.00","40.70","","0","0.00"
"09/04/2026","**ALW**","0.10","0.10","0.10","0.10","0.10","0.10","0.00","","","0","0.00"
"09/04/2026","ASG","8.89","8.89","8.89","8.89","8.89","8.89","0.00","8.89","","0","0.00"
"09/04/2026","ALLGH","6.55","6.12","6.55","6.55","6.55","6.55","0.00","6.61","","0","0.00"
"09/04/2026","BOPP","100.00","55.82","100.00","100.00","100.00","100.00","0.00","","100.00","970","97,000.00"
"09/04/2026","CAL","0.94","0.61","0.73","0.73","0.74","0.74","0.01","0.74","0.80","236,506","174,800.18"
"09/04/2026","CLYD","1.11","0.46","1.09","1.09","1.11","1.11","0.02","1.19","","10,000","11,100.00"
"09/04/2026","CMLT","0.14","0.14","0.14","0.14","0.14","0.14","0.00","0.15","","0","0.00"
"09/04/2026","CPC","0.12","0.05","0.12","0.12","0.12","0.12","0.00","0.13","","0","0.00"
"09/04/2026","DASPHARMA","0.41","0.38","0.41","0.41","0.41","0.41","0.00","0.41","","20","8.20"
"09/04/2026","EGH","57.00","25.00","49.50","49.50","49.48","49.48","-0.02","","49.48","3,587","177,487.32"
"09/04/2026","EGL","12.16","3.48","11.69","11.69","11.69","11.69","0.00","","11.69","8,917","104,239.73"
"09/04/2026","ETI","2.82","0.76","1.52","1.52","1.66","1.61","0.09","1.66","","169,826","275,387.34"
"09/04/2026","FML","16.35","8.00","12.90","12.90","12.50","12.74","-0.16","","12.50","7,187","91,076.00"
"09/04/2026","FAB","7.97","7.71","7.84","7.84","7.97","7.97","0.13","7.84","","100,000","797,000.00"
"09/04/2026","GCB","52.00","20.11","25.49","25.49","25.50","25.51","0.02","25.50","","379,359","9,689,528.10"
"09/04/2026","GGBL","16.50","6.60","15.50","15.50","15.50","15.50","0.00","","15.44","0","0.00"
"09/04/2026","GOIL","7.88","2.96","7.85","7.85","7.85","7.85","0.00","7.85","","7,742","60,774.70"
"09/04/2026","MAC","5.20","5.20","5.20","5.20","5.20","5.20","0.00","5.20","","0","0.00"
"09/04/2026","MTNGH","6.53","4.20","5.50","5.50","5.49","5.49","-0.01","5.49","5.50","1,112,050","6,108,955.98"
"09/04/2026","PBC**","0.02","0.02","0.02","0.02","0.02","0.02","0.00","","","0","0.00"
"09/04/2026","RBGH","5.38","1.30","4.71","4.71","4.69","4.70","-0.01","4.50","4.69","20,652","97,092.88"
"09/04/2026","SCB","79.41","29.22","71.40","71.40","71.39","71.40","0.00","","71.39","156","11,136.84"
"09/04/2026","SIC","6.99","1.20","3.37","3.37","3.69","3.55","0.18","3.69","","39,455","137,584.66"
"09/04/2026","SOGEGH","11.51","4.49","5.50","5.50","5.37","5.37","-0.13","5.30","5.37","6,477","34,781.49"
"09/04/2026","TBL","1.20","1.20","1.20","1.20","1.20","1.20","0.00","1.32","","0","0.00"
"09/04/2026","TOTAL","40.30","34.64","38.10","38.10","38.10","38.10","0.00","34.64","38.10","4,084","155,600.40"
"09/04/2026","TLW","11.92","11.92","11.92","11.92","11.92","11.92","0.00","11.92","","1","11.92"
"09/04/2026","UNIL","28.46","19.79","28.46","28.46","28.46","28.46","0.00","28.46","31.30","2,052","58,399.92"
"09/04/2026","AADS","0.42","0.42","0.42","0.42","0.42","0.42","0.00","0.46","","0","0.00"
"09/04/2026","SCBPREF","0.90","0.90","0.90","0.90","0.90","0.90","0.00","","","0","0.00"
"09/04/2026","GLD","533.93","466.72","502.17","502.17","502.17","502.17","0.00","503.00","","2","1,004.34"
"09/04/2026","SAMBA","0.55","0.55","0.55","0.55","0.55","0.55","0.00","","","0","0.00"
"09/04/2026","MMH","0.10","0.10","0.10","0.10","0.10","0.10","0.00","","","0","0.00"
"09/04/2026","HORDS","0.10","0.09","0.10","0.10","0.10","0.10","0.00","","0.10","0","0.00"
"09/04/2026","IIL","0.05","0.05","0.05","0.05","0.05","0.05","0.00","","","0","0.00"
"09/04/2026","DIGICUT","0.09","0.09","0.09","0.09","0.09","0.09","0.00","","","0","0.00"
"08/04/2026","ACCESS","46.64","16.20","46.62","46.62","46.62","46.62","0.00","","46.60","0","0.00"
"08/04/2026","ADB","5.06","5.06","5.06","5.06","5.06","5.06","0.00","5.06","","0","0.00"
"08/04/2026","AGA","37.00","37.00","37.00","37.00","37.00","37.00","0.00","40.70","","0","0.00"
"08/04/2026","**ALW**","0.10","0.10","0.10","0.10","0.10","0.10","0.00","","","0","0.00"
"08/04/2026","ASG","8.89","8.89","8.89","8.89","8.89","8.89","0.00","8.89","","10","88.90"
"08/04/2026","ALLGH","6.55","6.12","6.55","6.55","6.55","6.55","0.00","6.60","","0","0.00"
"08/04/2026","BOPP","100.00","55.82","100.00","100.00","100.00","100.00","0.00","","100.00","554","55,400.00"
"08/04/2026","CAL","0.94","0.61","0.74","0.74","0.74","0.73","-0.01","0.70","0.74","479,579","350,380.66"
"08/04/2026","CLYD","1.09","0.46","1.09","1.09","1.09","1.09","0.00","1.11","","0","0.00"
"08/04/2026","CMLT","0.14","0.14","0.14","0.14","0.14","0.14","0.00","0.15","","0","0.00"
"08/04/2026","CPC","0.12","0.05","0.12","0.12","0.12","0.12","0.00","0.13","","0","0.00"
"08/04/2026","DASPHARMA","0.41","0.38","0.41","0.41","0.41","0.41","0.00","0.41","","1","0.41"
"08/04/2026","EGH","57.00","25.00","49.50","49.50","49.50","49.50","0.00","","49.50","453","22,423.50"
"08/04/2026","EGL","12.16","3.48","11.70","11.70","11.69","11.69","-0.01","11.69","11.70","15,752","184,140.88"
"08/04/2026","ETI","2.82","0.76","1.52","1.52","1.52","1.52","0.00","1.52","1.53","136,382","207,300.64"
"08/04/2026","FML","16.35","8.00","12.90","12.90","12.90","12.90","0.00","","12.80","0","0.00"
"08/04/2026","FAB","7.84","7.71","7.84","7.84","7.84","7.84","0.00","","","0","0.00"
"08/04/2026","GCB","52.00","20.11","25.00","25.00","25.50","25.49","0.49","25.50","","368,296","9,388,757.92"
"08/04/2026","GGBL","16.50","6.60","15.50","15.50","15.50","15.50","0.00","","15.44","0","0.00"
"08/04/2026","GOIL","7.88","2.96","7.85","7.85","7.85","7.85","0.00","","7.85","21,829","171,357.65"
"08/04/2026","MAC","5.20","5.20","5.20","5.20","5.20","5.20","0.00","5.20","","0","0.00"
"08/04/2026","MTNGH","6.53","4.20","5.45","5.45","5.50","5.50","0.05","5.48","5.50","1,281,303","7,046,930.80"
"08/04/2026","PBC**","0.02","0.02","0.02","0.02","0.02","0.02","0.00","","","0","0.00"
"08/04/2026","RBGH","5.38","1.30","4.71","4.71","4.69","4.71","0.00","4.25","4.69","8,784","41,365.16"
"08/04/2026","SCB","79.41","29.22","71.40","71.40","71.40","71.40","0.00","","71.40","127","9,067.80"
"08/04/2026","SIC","6.99","1.20","3.08","3.08","3.38","3.37","0.29","3.38","","134,001","449,638.58"
"08/04/2026","SOGEGH","11.51","4.49","5.96","5.96","5.37","5.50","-0.46","","5.37","61,338","340,028.66"
"08/04/2026","TBL","1.20","1.20","1.20","1.20","1.20","1.20","0.00","1.32","","0","0.00"
"08/04/2026","TOTAL","40.30","34.64","37.20","37.20","38.10","38.10","0.90","37.20","38.10","20,830","793,623.00"
"08/04/2026","TLW","11.92","11.92","11.92","11.92","11.92","11.92","0.00","11.92","","119","1,418.48"
"08/04/2026","UNIL","28.46","19.79","28.46","28.46","28.46","28.46","0.00","28.46","31.30","248","7,058.08"
"08/04/2026","AADS","0.42","0.42","0.42","0.42","0.42","0.42","0.00","0.46","","0","0.00"
"08/04/2026","SCBPREF","0.90","0.90","0.90","0.90","0.90","0.90","0.00","","","0","0.00"
"08/04/2026","GLD","533.93","466.72","502.17","502.17","502.17","502.17","0.00","503.00","","10","5,021.70"
"08/04/2026","SAMBA","0.55","0.55","0.55","0.55","0.55","0.55","0.00","","","0","0.00"
"08/04/2026","MMH","0.10","0.10","0.10","0.10","0.10","0.10","0.00","","","0","0.00"
"08/04/2026","HORDS","0.10","0.09","0.10","0.10","0.10","0.10","0.00","","0.10","0","0.00"
"08/04/2026","IIL","0.05","0.05","0.05","0.05","0.05","0.05","0.00","","","0","0.00"
"08/04/2026","DIGICUT","0.09","0.09","0.09","0.09","0.09","0.09","0.00","","","0","0.00"
"07/04/2026","ACCESS","46.64","16.20","46.62","46.62","46.62","46.62","0.00","","46.60","167","7,765.50"
"07/04/2026","ADB","5.06","5.06","5.06","5.06","5.06","5.06","0.00","5.06","","0","0.00"
"07/04/2026","AGA","37.00","37.00","37.00","37.00","37.00","37.00","0.00","40.70","","0","0.00"
"07/04/2026","**ALW**","0.10","0.10","0.10","0.10","0.10","0.10","0.00","","","0","0.00"
"07/04/2026","ASG","8.89","8.89","8.89","8.89","8.89","8.89","0.00","8.89","","0","0.00"
"07/04/2026","ALLGH","6.55","6.12","6.55","6.55","6.55","6.55","0.00","6.60","","0","0.00"
"07/04/2026","BOPP","100.00","55.82","100.00","100.00","100.00","100.00","0.00","","100.00","1,262","126,200.00"
"07/04/2026","CAL","0.94","0.61","0.69","0.69","0.74","0.74","0.05","0.71","0.74","138,518","101,002.34"
"07/04/2026","CLYD","1.09","0.46","1.08","1.08","1.09","1.09","0.01","1.10","","2,415","2,632.35"
"07/04/2026","CMLT","0.14","0.14","0.14","0.14","0.14","0.14","0.00","0.15","","0","0.00"
"07/04/2026","CPC","0.12","0.05","0.12","0.12","0.12","0.12","0.00","0.13","","0","0.00"
"07/04/2026","DASPHARMA","0.41","0.38","0.41","0.41","0.41","0.41","0.00","0.41","","0","0.00"
"07/04/2026","EGH","57.00","25.00","49.50","49.50","49.50","49.50","0.00","","49.50","1,175","58,092.30"
"07/04/2026","EGL","12.16","3.48","11.77","11.77","11.70","11.70","-0.07","","11.70","970","11,349.00"
"07/04/2026","ETI","2.82","0.76","1.52","1.52","1.52","1.52","0.00","1.40","1.52","638,498","971,397.72"
"07/04/2026","FML","16.35","8.00","12.90","12.90","12.90","12.90","0.00","","12.90","11,398","147,034.20"
"07/04/2026","FAB","7.84","7.71","7.84","7.84","7.84","7.84","0.00","","","0","0.00"
"07/04/2026","GCB","52.00","20.11","24.36","24.36","25.00","25.00","0.64","25.01","","43,319","1,082,602.52"
"07/04/2026","GGBL","16.50","6.60","15.94","15.94","15.50","15.50","-0.44","","15.50","1,526","24,046.80"
"07/04/2026","GOIL","7.88","2.96","7.85","7.85","7.85","7.85","0.00","7.90","","25,977","203,946.60"
"07/04/2026","MAC","5.20","5.20","5.20","5.20","5.20","5.20","0.00","5.20","","12","62.40"
"07/04/2026","MTNGH","6.53","4.20","5.45","5.45","5.45","5.45","0.00","5.45","5.50","1,253,266","6,831,204.83"
"07/04/2026","PBC**","0.02","0.02","0.02","0.02","0.02","0.02","0.00","","","0","0.00"
"07/04/2026","RBGH","5.38","1.30","4.71","4.71","4.71","4.71","0.00","","4.71","49,798","234,548.58"
"07/04/2026","SCB","79.41","29.22","71.40","71.40","71.40","71.40","0.00","","71.40","412","29,416.80"
"07/04/2026","SIC","6.99","1.20","3.08","3.08","3.08","3.08","0.00","3.08","3.09","24,437","75,267.53"
"07/04/2026","SOGEGH","11.51","4.49","5.96","5.96","5.96","5.96","0.00","","5.96","19,121","113,961.16"
"07/04/2026","TBL","1.20","1.20","1.20","1.20","1.20","1.20","0.00","1.32","","0","0.00"
"07/04/2026","TOTAL","40.30","34.64","34.64","34.64","37.20","37.20","2.56","36.14","","3,817","140,073.71"
"07/04/2026","TLW","11.92","11.92","11.92","11.92","11.92","11.92","0.00","11.92","","7","83.44"
"07/04/2026","UNIL","28.46","19.79","28.46","28.46","28.46","28.46","0.00","28.46","30.00","15","426.90"
"07/04/2026","AADS","0.42","0.42","0.42","0.42","0.42","0.42","0.00","0.46","","0","0.00"
"07/04/2026","SCBPREF","0.90","0.90","0.90","0.90","0.90","0.90","0.00","","","0","0.00"
"07/04/2026","GLD","533.93","466.72","502.17","502.17","502.17","502.17","0.00","502.17","","29","14,562.93"
"07/04/2026","SAMBA","0.55","0.55","0.55","0.55","0.55","0.55","0.00","","","0","0.00"
"07/04/2026","MMH","0.10","0.10","0.10","0.10","0.10","0.10","0.00","","","0","0.00"
"07/04/2026","HORDS","0.10","0.09","0.10","0.10","0.10","0.10","0.00","","0.10","0","0.00"
"07/04/2026","IIL","0.05","0.05","0.05","0.05","0.05","0.05","0.00","","","0","0.00"
"07/04/2026","DIGICUT","0.09","0.09","0.09","0.09","0.09","0.09","0.00","","","0","0.00"
"02/04/2026","ACCESS","46.64","16.20","46.62","46.62","46.62","46.62","0.00","","46.60","0","0.00"
"02/04/2026","ADB","5.06","5.06","5.06","5.06","5.06","5.06","0.00","5.06","","0","0.00"
"02/04/2026","AGA","37.00","37.00","37.00","37.00","37.00","37.00","0.00","40.70","","0","0.00"
"02/04/2026","**ALW**","0.10","0.10","0.10","0.10","0.10","0.10","0.00","","","0","0.00"
"02/04/2026","ASG","8.89","8.89","8.89","8.89","8.89","8.89","0.00","8.89","","200","1,778.00"
"02/04/2026","ALLGH","6.55","6.12","6.55","6.55","6.55","6.55","0.00","6.56","","0","0.00"
"02/04/2026","BOPP","100.00","55.82","100.00","100.00","100.00","100.00","0.00","","100.00","496","49,600.00"
"02/04/2026","CAL","0.94","0.61","0.70","0.70","0.70","0.69","-0.01","","0.70","379,016","262,869.30"
"02/04/2026","CLYD","1.08","0.46","1.08","1.08","1.08","1.08","0.00","1.08","","0","0.00"
"02/04/2026","CMLT","0.14","0.14","0.14","0.14","0.14","0.14","0.00","0.15","","0","0.00"
"02/04/2026","CPC","0.12","0.05","0.11","0.11","0.12","0.12","0.01","0.12","","3,880","465.60"
"02/04/2026","DASPHARMA","0.41","0.38","0.41","0.41","0.41","0.41","0.00","0.41","","45","18.45"
"02/04/2026","EGH","57.00","25.00","49.50","49.50","49.50","49.50","0.00","","49.50","296","14,652.00"
"02/04/2026","EGL","12.16","3.48","11.77","11.77","11.77","11.77","0.00","","11.75","0","0.00"
"02/04/2026","ETI","2.82","0.76","1.48","1.48","1.48","1.52","0.04","","1.48","288,714","443,754.56"
"02/04/2026","FML","16.35","8.00","12.98","12.98","12.90","12.90","-0.08","","12.98","2,644","34,120.77"
"02/04/2026","FAB","7.84","7.71","7.84","7.84","7.84","7.84","0.00","","","0","0.00"
"02/04/2026","GCB","52.00","20.11","24.36","24.36","24.36","24.36","0.00","22.00","24.34","49,530","1,206,446.90"
"02/04/2026","GGBL","16.50","6.60","15.94","15.94","15.94","15.94","0.00","","15.94","5","79.70"
"02/04/2026","GOIL","7.88","2.96","7.85","7.85","7.85","7.85","0.00","","","33,333","261,664.05"
"02/04/2026","MAC","5.20","5.20","5.20","5.20","5.20","5.20","0.00","5.20","","11","57.20"
"02/04/2026","MTNGH","6.53","4.20","5.32","5.32","5.50","5.45","0.13","5.32","5.50","432,425","2,356,047.06"
"02/04/2026","PBC**","0.02","0.02","0.02","0.02","0.02","0.02","0.00","","","0","0.00"
"02/04/2026","RBGH","5.38","1.30","4.71","4.71","4.71","4.71","0.00","4.71","4.82","28,945","136,330.95"
"02/04/2026","SCB","79.41","29.22","71.40","71.40","71.39","71.40","0.00","","71.39","203","14,492.17"
"02/04/2026","SIC","6.99","1.20","3.08","3.08","3.08","3.08","0.00","","3.08","10,534","32,444.72"
"02/04/2026","SOGEGH","11.51","4.49","6.49","6.49","5.85","5.96","-0.53","5.85","6.39","19,306","114,588.72"
"02/04/2026","TBL","1.20","1.20","1.20","1.20","1.20","1.20","0.00","1.32","","0","0.00"
"02/04/2026","TOTAL","40.30","34.64","34.64","34.64","36.13","34.64","0.00","34.64","38.10","2,498","86,557.54"
"02/04/2026","TLW","11.92","11.92","11.92","11.92","11.92","11.92","0.00","","","150","1,788.00"
"02/04/2026","UNIL","28.46","19.79","28.46","28.46","28.46","28.46","0.00","","28.46","0","0.00"
"02/04/2026","AADS","0.42","0.42","0.42","0.42","0.42","0.42","0.00","0.46","","0","0.00"
"02/04/2026","SCBPREF","0.90","0.90","0.90","0.90","0.90","0.90","0.00","0.90","","0","0.00"
"02/04/2026","GLD","533.93","466.72","546.00","546.00","500.00","502.17","-43.83","546.00","","16,965","8,519,332.00"
"02/04/2026","SAMBA","0.55","0.55","0.55","0.55","0.55","0.55","0.00","","","0","0.00"
"02/04/2026","MMH","0.10","0.10","0.10","0.10","0.10","0.10","0.00","","","0","0.00"
"02/04/2026","HORDS","0.10","0.09","0.10","0.10","0.10","0.10","0.00","","0.10","0","0.00"
"02/04/2026","IIL","0.05","0.05","0.05","0.05","0.05","0.05","0.00","0.05","","249,431","12,471.55"
"02/04/2026","DIGICUT","0.09","0.09","0.09","0.09","0.09","0.09","0.00","","","0","0.00"
"01/04/2026","ACCESS","46.64","16.20","46.62","46.62","45.00","46.62","0.00","","45.00","54","2,430.00"
"01/04/2026","ADB","5.06","5.06","5.06","5.06","5.06","5.06","0.00","5.06","","0","0.00"
"01/04/2026","AGA","37.00","37.00","37.00","37.00","37.00","37.00","0.00","40.70","","0","0.00"
"01/04/2026","**ALW**","0.10","0.10","0.10","0.10","0.10","0.10","0.00","","","0","0.00"
"01/04/2026","ASG","8.89","8.89","8.89","8.89","8.89","8.89","0.00","8.89","","0","0.00"
"01/04/2026","ALLGH","6.55","6.12","6.55","6.55","6.55","6.55","0.00","6.56","","0","0.00"
"01/04/2026","BOPP","100.00","55.82","100.00","100.00","100.00","100.00","0.00","","100.00","7,016","701,600.00"
"01/04/2026","CAL","0.94","0.61","0.69","0.69","0.70","0.70","0.01","0.69","0.70","103,336","71,889.55"
"01/04/2026","CLYD","1.08","0.46","0.99","0.99","1.08","1.08","0.09","1.08","","1,000","1,080.00"
"01/04/2026","CMLT","0.14","0.14","0.14","0.14","0.14","0.14","0.00","0.15","","0","0.00"
"01/04/2026","CPC","0.11","0.05","0.11","0.11","0.11","0.11","0.00","0.11","","0","0.00"
"01/04/2026","DASPHARMA","0.41","0.38","0.41","0.41","0.41","0.41","0.00","","0.41","2,439","999.99"
"01/04/2026","EGH","57.00","25.00","49.50","49.50","49.49","49.50","0.00","","49.49","6,615","327,441.91"
"01/04/2026","EGL","12.16","3.48","11.77","11.77","11.76","11.77","0.00","","11.76","1,434","16,866.44"
"01/04/2026","ETI","2.82","0.76","1.49","1.49","1.48","1.48","-0.01","1.36","1.48","240,395","355,092.61"
"01/04/2026","FML","16.35","8.00","12.98","12.98","12.98","12.98","0.00","","12.98","884","11,474.32"
"01/04/2026","FAB","7.84","7.71","7.84","7.84","7.84","7.84","0.00","","","0","0.00"
"01/04/2026","GCB","52.00","20.11","27.06","27.06","24.36","24.36","-2.70","","24.36","102,301","2,492,052.36"
"01/04/2026","GGBL","16.50","6.60","15.94","15.94","15.90","15.94","0.00","","15.90","651","10,357.70"
"01/04/2026","GOIL","7.88","2.96","7.84","7.84","7.84","7.85","0.01","","7.84","107,593","843,805.77"
"01/04/2026","MAC","5.20","5.20","5.20","5.20","5.20","5.20","0.00","5.20","","2","10.40"
"01/04/2026","MTNGH","6.53","4.20","5.40","5.40","5.32","5.32","-0.08","5.35","5.50","6,472,638","34,524,064.40"
"01/04/2026","PBC**","0.02","0.02","0.02","0.02","0.02","0.02","0.00","","","0","0.00"
"01/04/2026","RBGH","5.38","1.30","4.71","4.71","4.71","4.71","0.00","","4.71","60","282.60"
"01/04/2026","SCB","79.41","29.22","71.40","71.40","71.40","71.40","0.00","","71.40","110","7,854.00"
"01/04/2026","SIC","6.99","1.20","3.30","3.30","3.01","3.08","-0.22","","3.01","86,713","264,822.53"
"01/04/2026","SOGEGH","11.51","4.49","6.49","6.49","6.40","6.49","0.00","","6.39","395","2,528.00"
"01/04/2026","TBL","1.20","1.20","1.20","1.20","1.20","1.20","0.00","1.32","","0","0.00"
"01/04/2026","TOTAL","40.30","34.64","34.64","34.64","36.13","34.64","0.00","34.64","36.13","855","29,818.35"
"01/04/2026","TLW","11.92","11.92","11.92","11.92","11.92","11.92","0.00","","","0","0.00"
"01/04/2026","UNIL","28.46","19.79","28.46","28.46","28.46","28.46","0.00","","28.46","1,197","34,066.62"
"01/04/2026","AADS","0.42","0.42","0.42","0.42","0.42","0.42","0.00","0.46","","0","0.00"
"01/04/2026","SCBPREF","0.90","0.90","0.90","0.90","0.90","0.90","0.00","0.90","","0","0.00"
"01/04/2026","GLD","533.93","466.72","546.00","546.00","546.00","546.00","0.00","546.00","","54","29,484.00"
"01/04/2026","SAMBA","0.55","0.55","0.55","0.55","0.55","0.55","0.00","","","0","0.00"
"01/04/2026","MMH","0.10","0.10","0.10","0.10","0.10","0.10","0.00","","","0","0.00"
"01/04/2026","HORDS","0.10","0.09","0.10","0.10","0.10","0.10","0.00","","0.10","0","0.00"
"01/04/2026","IIL","0.05","0.05","0.05","0.05","0.05","0.05","0.00","0.05","","22,708","1,135.40"
"01/04/2026","DIGICUT","0.09","0.09","0.09","0.09","0.09","0.09","0.00","","","0","0.00"
"31/03/2026","ACCESS","46.64","16.20","46.62","46.62","41.95","46.62","0.00","","41.95","34","1,426.30"
"31/03/2026","ADB","5.06","5.06","5.06","5.06","5.06","5.06","0.00","5.06","","0","0.00"
"31/03/2026","AGA","37.00","37.00","37.00","37.00","37.00","37.00","0.00","40.70","","0","0.00"
"31/03/2026","**ALW**","0.10","0.10","0.10","0.10","0.10","0.10","0.00","","","0","0.00"
"31/03/2026","ASG","8.89","8.89","8.89","8.89","8.89","8.89","0.00","8.89","","0","0.00"
"31/03/2026","ALLGH","6.55","6.12","6.55","6.55","6.55","6.55","0.00","6.56","","0","0.00"
"31/03/2026","BOPP","100.00","55.82","100.00","100.00","100.00","100.00","0.00","","110.00","2,849","284,900.00"
"31/03/2026","CAL","0.94","0.61","0.69","0.69","0.69","0.69","0.00","0.69","0.70","167,811","116,316.93"
"31/03/2026","CLYD","0.90","0.46","0.99","0.99","1.08","0.99","0.00","1.08","","200","216.00"
"31/03/2026","CMLT","0.14","0.14","0.14","0.14","0.14","0.14","0.00","0.15","","0","0.00"
"31/03/2026","CPC","0.11","0.05","0.10","0.10","0.11","0.11","0.01","0.11","","13,785","1,516.35"
"31/03/2026","DASPHARMA","0.41","0.38","0.41","0.41","0.41","0.41","0.00","0.41","","120","49.20"
"31/03/2026","EGH","57.00","25.00","49.50","49.50","49.50","49.50","0.00","","49.50","645","31,927.50"
"31/03/2026","EGL","12.16","3.48","12.00","12.00","11.77","11.77","-0.23","","11.77","34,345","404,329.24"
"31/03/2026","ETI","2.82","0.76","1.63","1.63","1.48","1.49","-0.14","","1.48","179,058","267,581.82"
"31/03/2026","FML","16.35","8.00","12.98","12.98","12.90","12.98","0.00","","12.90","314","4,072.68"
"31/03/2026","FAB","7.84","7.71","7.84","7.84","7.84","7.84","0.00","","","0","0.00"
"31/03/2026","GCB","52.00","20.11","30.05","30.05","27.06","27.06","-2.99","","27.06","233,976","6,331,390.56"
"31/03/2026","GGBL","16.50","6.60","15.94","15.94","15.90","15.94","0.00","","15.90","143","2,277.42"
"31/03/2026","GOIL","7.88","2.96","7.88","7.88","7.88","7.84","-0.04","7.88","","59,153","463,942.14"
"31/03/2026","MAC","5.20","5.20","5.20","5.20","5.20","5.20","0.00","5.20","","0","0.00"
"31/03/2026","MTNGH","6.53","4.20","5.28","5.28","5.50","5.40","0.12","5.37","5.50","5,425,723","29,280,069.98"
"31/03/2026","PBC**","0.02","0.02","0.02","0.02","0.02","0.02","0.00","","","0","0.00"
"31/03/2026","RBGH","5.38","1.30","4.71","4.71","4.71","4.71","0.00","","4.71","4,367","20,568.57"
"31/03/2026","SCB","79.41","29.22","71.47","71.47","71.40","71.40","-0.07","","71.40","1,671","119,317.10"
"31/03/2026","SIC","6.99","1.20","3.34","3.34","3.01","3.30","-0.04","","3.01","369,243","1,217,338.96"
"31/03/2026","SOGEGH","11.51","4.49","6.67","6.67","6.49","6.49","-0.18","","6.49","23,788","154,384.12"
"31/03/2026","TBL","1.20","1.20","1.20","1.20","1.20","1.20","0.00","1.32","","0","0.00"
"31/03/2026","TOTAL","40.30","34.64","34.64","34.64","34.64","34.64","0.00","34.64","36.13","4,766","165,094.24"
"31/03/2026","TLW","11.92","11.92","11.92","11.92","11.92","11.92","0.00","","","3","35.76"
"31/03/2026","UNIL","28.46","19.79","28.46","28.46","28.46","28.46","0.00","","28.46","283","8,054.18"
"31/03/2026","AADS","0.42","0.42","0.42","0.42","0.42","0.42","0.00","0.46","","0","0.00"
"31/03/2026","SCBPREF","0.90","0.90","0.90","0.90","0.90","0.90","0.00","0.90","","0","0.00"
"31/03/2026","GLD","533.93","466.72","546.00","546.00","546.00","546.00","0.00","546.00","","279","152,334.00"
"31/03/2026","SAMBA","0.55","0.55","0.55","0.55","0.55","0.55","0.00","","","0","0.00"
"31/03/2026","MMH","0.10","0.10","0.10","0.10","0.10","0.10","0.00","","","0","0.00"
"31/03/2026","HORDS","0.10","0.09","0.10","0.10","0.10","0.10","0.00","","0.10","0","0.00"
"31/03/2026","IIL","0.05","0.05","0.05","0.05","0.05","0.05","0.00","","","0","0.00"
"31/03/2026","DIGICUT","0.09","0.09","0.09","0.09","0.09","0.09","0.00","","","0","0.00"
"30/03/2026","ACCESS","46.64","16.20","46.62","46.62","41.95","46.62","0.00","","41.95","41","1,719.95"
"30/03/2026","ADB","5.06","5.06","5.06","5.06","5.06","5.06","0.00","5.06","","0","0.00"
"30/03/2026","AGA","37.00","37.00","37.00","37.00","37.00","37.00","0.00","40.70","","0","0.00"
"30/03/2026","**ALW**","0.10","0.10","0.10","0.10","0.10","0.10","0.00","","","0","0.00"
"30/03/2026","ASG","8.89","8.89","8.89","8.89","8.89","8.89","0.00","8.89","","0","0.00"
"30/03/2026","ALLGH","6.55","6.12","6.55","6.55","6.55","6.55","0.00","6.55","","38","248.90"
"30/03/2026","BOPP","100.00","55.82","100.00","100.00","100.00","100.00","0.00","","100.00","2,203","220,300.00"
"30/03/2026","CAL","0.94","0.61","0.71","0.71","0.69","0.69","-0.02","0.65","0.69","260,628","179,965.68"
"30/03/2026","CLYD","0.90","0.46","0.99","0.99","0.99","0.99","0.00","1.08","","0","0.00"
"30/03/2026","CMLT","0.14","0.14","0.14","0.14","0.14","0.14","0.00","0.15","","0","0.00"
"30/03/2026","CPC","0.10","0.05","0.10","0.10","0.10","0.10","0.00","0.10","","3,169","316.90"
"30/03/2026","DASPHARMA","0.41","0.38","0.41","0.41","0.41","0.41","0.00","","0.41","3,901","1,599.41"
"30/03/2026","EGH","57.00","25.00","50.00","50.00","49.50","49.50","-0.50","","49.50","35,443","1,754,428.50"
"30/03/2026","EGL","12.16","3.48","12.00","12.00","12.00","12.00","0.00","","11.38","0","0.00"
"30/03/2026","ETI","2.82","0.76","1.66","1.66","1.63","1.63","-0.03","","1.63","192,896","313,994.93"
"30/03/2026","FML","16.35","8.00","13.35","13.35","12.98","12.98","-0.37","","12.98","4,667","60,577.66"
"30/03/2026","FAB","7.84","7.71","7.84","7.84","8.62","7.84","0.00","","","1,195","10,300.90"
"30/03/2026","GCB","52.00","20.11","33.38","33.38","30.05","30.05","-3.33","","30.05","22,034","662,121.70"
"30/03/2026","GGBL","16.50","6.60","15.94","15.94","15.94","15.94","0.00","","15.94","1,019","16,242.86"
"30/03/2026","GOIL","7.88","2.96","7.86","7.86","7.90","7.88","0.02","7.86","7.90","118,942","937,457.27"
"30/03/2026","MAC","5.20","5.20","5.20","5.20","5.20","5.20","0.00","5.20","","17","88.40"
"30/03/2026","MTNGH","6.53","4.20","5.03","5.03","5.50","5.28","0.25","5.35","5.50","1,203,354","6,372,721.13"
"30/03/2026","PBC**","0.02","0.02","0.02","0.02","0.02","0.02","0.00","","","0","0.00"
"30/03/2026","RBGH","5.38","1.30","4.82","4.82","4.71","4.71","-0.11","","4.82","18,821","87,818.31"
"30/03/2026","SCB","79.41","29.22","71.47","71.47","71.47","71.47","0.00","","71.35","0","0.00"
"30/03/2026","SIC","6.99","1.20","3.37","3.37","3.04","3.34","-0.03","","3.04","262,966","879,815.34"
"30/03/2026","SOGEGH","11.51","4.49","7.08","7.08","6.49","6.67","-0.41","","6.49","9,147","61,083.58"
"30/03/2026","TBL","1.20","1.20","1.20","1.20","1.20","1.20","0.00","1.32","","0","0.00"
"30/03/2026","TOTAL","40.30","34.64","36.13","36.13","36.13","34.64","-1.49","33.22","36.13","2,575","89,100.43"
"30/03/2026","TLW","11.92","11.92","11.92","11.92","11.92","11.92","0.00","","","138","1,644.96"
"30/03/2026","UNIL","28.46","19.79","28.46","28.46","28.46","28.46","0.00","","28.46","3,189","90,758.94"
"30/03/2026","AADS","0.42","0.42","0.42","0.42","0.46","0.42","0.00","0.46","","108","49.68"
"30/03/2026","SCBPREF","0.90","0.90","0.90","0.90","0.90","0.90","0.00","0.90","","0","0.00"
"30/03/2026","GLD","533.93","466.72","546.00","546.00","546.00","546.00","0.00","546.00","","95","51,870.00"
"30/03/2026","SAMBA","0.55","0.55","0.55","0.55","0.55","0.55","0.00","","","0","0.00"
"30/03/2026","MMH","0.10","0.10","0.10","0.10","0.10","0.10","0.00","","","0","0.00"
"30/03/2026","HORDS","0.10","0.09","0.10","0.10","0.10","0.10","0.00","","0.10","0","0.00"
"30/03/2026","IIL","0.05","0.05","0.05","0.05","0.05","0.05","0.00","","0.05","15,592","779.60"
"30/03/2026","DIGICUT","0.09","0.09","0.09","0.09","0.09","0.09","0.00","","","0","0.00"
"27/03/2026","ACCESS","46.64","16.20","46.62","46.62","41.95","46.62","0.00","","46.60","11","461.45"
"27/03/2026","ADB","5.06","5.06","5.06","5.06","5.06","5.06","0.00","5.06","","0","0.00"
"27/03/2026","AGA","37.00","37.00","37.00","37.00","37.00","37.00","0.00","40.70","","0","0.00"
"27/03/2026","**ALW**","0.10","0.10","0.10","0.10","0.10","0.10","0.00","","","0","0.00"
"27/03/2026","ASG","8.89","8.89","8.89","8.89","8.89","8.89","0.00","8.89","","0","0.00"
"27/03/2026","ALLGH","6.55","6.12","6.52","6.52","6.57","6.55","0.03","","6.52","8,438","55,163.96"
"27/03/2026","BOPP","100.00","55.82","100.00","100.00","100.00","100.00","0.00","100.00","109.99","1,000","100,000.00"
"27/03/2026","CAL","0.94","0.61","0.71","0.71","0.71","0.71","0.00","","0.71","191,162","135,125.02"
"27/03/2026","CLYD","0.90","0.46","0.99","0.99","0.99","0.99","0.00","0.99","","0","0.00"
"27/03/2026","CMLT","0.14","0.14","0.14","0.14","0.14","0.14","0.00","0.15","","0","0.00"
"27/03/2026","CPC","0.10","0.05","0.10","0.10","0.10","0.10","0.00","0.10","","1,000","100.00"
"27/03/2026","DASPHARMA","0.41","0.38","0.41","0.41","0.41","0.41","0.00","0.41","","1","0.41"
"27/03/2026","EGH","57.00","25.00","50.00","50.00","49.50","50.00","0.00","","49.50","49","2,425.50"
"27/03/2026","EGL","12.16","3.48","12.00","12.00","11.80","12.00","0.00","","11.90","378","4,460.40"
"27/03/2026","ETI","2.82","0.76","1.80","1.80","1.62","1.66","-0.14","","1.79","39,537","65,787.76"
"27/03/2026","FML","16.35","8.00","13.35","13.35","13.35","13.35","0.00","","12.98","0","0.00"
"27/03/2026","FAB","7.84","7.71","7.84","7.84","7.84","7.84","0.00","7.84","","0","0.00"
"27/03/2026","GCB","52.00","20.11","37.08","37.08","33.38","33.38","-3.70","","33.38","5,477","182,822.26"
"27/03/2026","GGBL","16.50","6.60","15.94","15.94","15.94","15.94","0.00","","15.94","2,269","36,167.86"
"27/03/2026","GOIL","7.86","2.96","7.67","7.67","7.88","7.86","0.19","7.86","","11,361","89,312.28"
"27/03/2026","MAC","5.20","5.20","5.20","5.20","5.20","5.20","0.00","5.20","","0","0.00"
"27/03/2026","MTNGH","6.53","4.20","5.39","5.39","5.30","5.03","-0.36","","5.33","13,816,222","69,501,204.36"
"27/03/2026","PBC**","0.02","0.02","0.02","0.02","0.02","0.02","0.00","","","0","0.00"
"27/03/2026","RBGH","5.38","1.30","4.82","4.82","4.82","4.82","0.00","","5.00","0","0.00"
"27/03/2026","SCB","79.41","29.22","71.47","71.47","71.47","71.47","0.00","","71.47","669","47,813.43"
"27/03/2026","SIC","6.99","1.20","3.49","3.49","3.30","3.37","-0.12","","3.49","28,941","98,245.91"
"27/03/2026","SOGEGH","11.51","4.49","7.86","7.86","7.08","7.08","-0.78","","7.08","12,824","90,793.92"
"27/03/2026","TBL","1.20","1.20","1.20","1.20","1.20","1.20","0.00","1.32","","0","0.00"
"27/03/2026","TOTAL","40.30","36.13","36.13","36.13","36.13","36.13","0.00","36.13","","698","25,218.74"
"27/03/2026","TLW","11.92","11.92","11.92","11.92","11.92","11.92","0.00","","","0","0.00"
"27/03/2026","UNIL","28.46","19.79","28.46","28.46","28.46","28.46","0.00","","28.46","335","9,534.10"
"27/03/2026","AADS","0.42","0.42","0.42","0.42","0.42","0.42","0.00","0.46","","0","0.00"
"27/03/2026","SCBPREF","0.90","0.90","0.90","0.90","0.90","0.90","0.00","0.90","","0","0.00"
"27/03/2026","GLD","533.93","466.72","546.00","546.00","546.00","546.00","0.00","546.00","","289","157,794.00"
"27/03/2026","SAMBA","0.55","0.55","0.55","0.55","0.55","0.55","0.00","","","0","0.00"
"27/03/2026","MMH","0.10","0.10","0.10","0.10","0.10","0.10","0.00","","","0","0.00"
"27/03/2026","HORDS","0.10","0.09","0.10","0.10","0.10","0.10","0.00","","0.10","0","0.00"
"27/03/2026","IIL","0.05","0.05","0.05","0.05","0.05","0.05","0.00","","","897,560","44,878.00"
"27/03/2026","DIGICUT","0.09","0.09","0.09","0.09","0.09","0.09","0.00","","","0","0.00"
"26/03/2026","ACCESS","46.64","16.20","46.62","46.62","45.00","46.62","0.00","","45.00","18","810.00"
"26/03/2026","ADB","5.06","5.06","5.06","5.06","5.06","5.06","0.00","5.06","","0","0.00"
"26/03/2026","AGA","37.00","37.00","37.00","37.00","37.00","37.00","0.00","40.70","","0","0.00"
"26/03/2026","**ALW**","0.10","0.10","0.10","0.10","0.10","0.10","0.00","","","0","0.00"
"26/03/2026","ASG","8.89","8.89","8.89","8.89","8.89","8.89","0.00","8.89","","0","0.00"
"26/03/2026","ALLGH","6.52","6.12","6.52","6.52","6.52","6.52","0.00","","6.52","15,403","100,427.56"
"26/03/2026","BOPP","100.00","55.82","100.00","100.00","100.00","100.00","0.00","","100.00","946","94,600.00"
"26/03/2026","CAL","0.94","0.61","0.75","0.75","0.71","0.71","-0.04","0.69","0.70","125,557","90,140.79"
"26/03/2026","CLYD","0.90","0.46","0.99","0.99","0.99","0.99","0.00","1.00","","0","0.00"
"26/03/2026","CMLT","0.14","0.14","0.14","0.14","0.14","0.14","0.00","0.15","","0","0.00"
"26/03/2026","CPC","0.10","0.05","0.09","0.09","0.10","0.10","0.01","0.10","","2,443","244.30"
"26/03/2026","DASPHARMA","0.41","0.38","0.41","0.41","0.41","0.41","0.00","0.41","","0","0.00"
"26/03/2026","EGH","57.00","25.00","50.00","50.00","49.98","50.00","0.00","","50.00","278","13,899.39"
"26/03/2026","EGL","12.16","3.48","12.00","12.00","12.00","12.00","0.00","","11.99","0","0.00"
"26/03/2026","ETI","2.82","0.76","2.00","2.00","1.80","1.80","-0.20","","1.80","65,964","118,735.20"
"26/03/2026","FML","16.35","8.00","13.61","13.61","13.20","13.35","-0.26","","13.00","1,288","17,180.22"
"26/03/2026","FAB","7.84","7.71","7.84","7.84","7.84","7.84","0.00","7.84","","0","0.00"
"26/03/2026","GCB","52.00","20.11","41.20","41.20","37.08","37.08","-4.12","","37.08","3,095","114,762.60"
"26/03/2026","GGBL","16.50","6.60","15.94","15.94","15.93","15.94","0.00","","15.93","25,052","399,327.48"
"26/03/2026","GOIL","7.86","2.96","7.86","7.86","7.85","7.67","-0.19","7.86","","21,841","167,849.94"
"26/03/2026","MAC","5.20","5.20","5.20","5.20","5.20","5.20","0.00","5.20","","0","0.00"
"26/03/2026","MTNGH","6.53","4.20","5.91","5.91","5.39","5.39","-0.52","5.33","5.50","55,297,559","298,101,507.57"
"26/03/2026","PBC**","0.02","0.02","0.02","0.02","0.02","0.02","0.00","","","0","0.00"
"26/03/2026","RBGH","5.38","1.30","5.34","5.34","4.82","4.82","-0.52","4.81","4.82","11,463","55,231.66"
"26/03/2026","SCB","79.41","29.22","79.25","79.25","71.47","71.47","-7.78","","71.47","709","50,672.23"
"26/03/2026","SIC","6.99","1.20","3.83","3.83","3.46","3.49","-0.34","","3.45","293,808","1,030,290.74"
"26/03/2026","SOGEGH","11.51","4.49","7.86","7.86","7.08","7.86","0.00","","7.08","300","2,124.00"
"26/03/2026","TBL","1.20","1.20","1.20","1.20","1.20","1.20","0.00","1.32","","0","0.00"
"26/03/2026","TOTAL","40.30","36.13","36.91","36.91","36.13","36.13","-0.78","36.00","36.13","3,031","109,457.77"
"26/03/2026","TLW","11.92","11.92","11.92","11.92","11.92","11.92","0.00","","","0","0.00"
"26/03/2026","UNIL","28.46","19.79","28.46","28.46","28.46","28.46","0.00","","28.46","595","16,933.70"
"26/03/2026","AADS","0.42","0.42","0.42","0.42","0.42","0.42","0.00","0.46","","0","0.00"
"26/03/2026","SCBPREF","0.90","0.90","0.90","0.90","0.90","0.90","0.00","0.90","","0","0.00"
"26/03/2026","GLD","533.93","466.72","546.00","546.00","546.00","546.00","0.00","546.00","","50","27,300.00"
"26/03/2026","SAMBA","0.55","0.55","0.55","0.55","0.55","0.55","0.00","","","0","0.00"
"26/03/2026","MMH","0.10","0.10","0.10","0.10","0.10","0.10","0.00","","","0","0.00"
"26/03/2026","HORDS","0.10","0.09","0.10","0.10","0.10","0.10","0.00","","0.10","0","0.00"
"26/03/2026","IIL","0.05","0.05","0.05","0.05","0.05","0.05","0.00","","","84,000","4,200.00"
"26/03/2026","DIGICUT","0.09","0.09","0.09","0.09","0.09","0.09","0.00","","","0","0.00"
"25/03/2026","ACCESS","46.64","16.20","46.62","46.62","46.62","46.62","0.00","","46.60","332","15,471.20"
"25/03/2026","ADB","5.06","5.06","5.06","5.06","5.06","5.06","0.00","5.06","","0","0.00"
"25/03/2026","AGA","37.00","37.00","37.00","37.00","37.00","37.00","0.00","40.70","","0","0.00"
"25/03/2026","**ALW**","0.10","0.10","0.10","0.10","0.10","0.10","0.00","","","0","0.00"
"25/03/2026","ASG","8.89","8.89","8.89","8.89","8.89","8.89","0.00","","","0","0.00"
"25/03/2026","ALLGH","6.52","6.12","6.52","6.52","6.52","6.52","0.00","","6.52","69","449.88"
"25/03/2026","BOPP","100.00","55.82","100.00","100.00","100.00","100.00","0.00","","","1,513","151,500.00"
"25/03/2026","CAL","0.94","0.61","0.75","0.75","0.75","0.75","0.00","","0.83","872,634","653,598.58"
"25/03/2026","CLYD","0.90","0.46","0.99","0.99","0.99","0.99","0.00","0.99","","0","0.00"
"25/03/2026","CMLT","0.14","0.14","0.14","0.14","0.14","0.14","0.00","0.15","","0","0.00"
"25/03/2026","CPC","0.09","0.05","0.09","0.09","0.09","0.09","0.00","0.10","","300","30.00"
"25/03/2026","DASPHARMA","0.41","0.38","0.41","0.41","0.41","0.41","0.00","","","0","0.00"
"25/03/2026","EGH","57.00","25.00","50.52","50.52","50.00","50.00","-0.52","50.52","56.00","1,383","69,150.00"
"25/03/2026","EGL","12.16","3.48","12.11","12.11","12.00","12.00","-0.11","","12.13","3,518","42,284.31"
"25/03/2026","ETI","2.82","0.76","2.22","2.22","2.00","2.00","-0.22","","2.22","972,297","1,944,594.00"
"25/03/2026","FML","16.35","8.00","13.79","13.79","13.61","13.61","-0.18","","13.79","3,353","45,512.62"
"25/03/2026","FAB","7.84","7.71","7.84","7.84","7.84","7.84","0.00","7.84","","0","0.00"
"25/03/2026","GCB","52.00","20.11","45.77","45.77","41.20","41.20","-4.57","","45.36","15,131","623,397.20"
"25/03/2026","GGBL","16.50","6.60","15.94","15.94","15.94","15.94","0.00","","15.94","892","14,218.48"
"25/03/2026","GOIL","7.86","2.96","7.85","7.85","7.86","7.86","0.01","7.85","","5,373","42,228.05"
"25/03/2026","MAC","5.20","5.20","5.20","5.20","5.20","5.20","0.00","","","0","0.00"
"25/03/2026","MTNGH","6.53","4.20","6.50","6.50","5.91","5.91","-0.59","","","284,788","1,685,677.51"
"25/03/2026","PBC**","0.02","0.02","0.02","0.02","0.02","0.02","0.00","","","0","0.00"
"25/03/2026","RBGH","5.38","1.30","5.38","5.38","5.34","5.34","-0.04","","","44,935","239,195.92"
"25/03/2026","SCB","79.41","29.22","79.25","79.25","79.25","79.25","0.00","71.47","","624","49,452.00"
"25/03/2026","SIC","6.99","1.20","4.09","4.09","3.83","3.83","-0.26","","4.09","139,439","537,168.78"
"25/03/2026","SOGEGH","11.51","4.49","7.86","7.86","7.86","7.86","0.00","","8.73","507","3,595.02"
"25/03/2026","TBL","1.20","1.20","1.20","1.20","1.20","1.20","0.00","1.32","","0","0.00"
"25/03/2026","TOTAL","40.30","39.80","39.80","39.80","36.91","36.91","-2.89","36.13","","3,864","145,059.94"
"25/03/2026","TLW","11.92","11.92","11.92","11.92","11.92","11.92","0.00","","","2","23.84"
"25/03/2026","UNIL","28.46","19.79","28.46","28.46","28.46","28.46","0.00","","","606","17,246.76"
"25/03/2026","AADS","0.42","0.42","0.42","0.42","0.42","0.42","0.00","0.46","","0","0.00"
"25/03/2026","SCBPREF","0.90","0.90","0.90","0.90","0.90","0.90","0.00","0.90","","0","0.00"
"25/03/2026","GLD","533.93","466.72","546.00","546.00","546.00","546.00","0.00","546.00","","24","13,104.00"
"25/03/2026","SAMBA","0.55","0.55","0.55","0.55","0.55","0.55","0.00","","","0","0.00"
"25/03/2026","MMH","0.10","0.10","0.10","0.10","0.10","0.10","0.00","","","0","0.00"
"25/03/2026","HORDS","0.10","0.09","0.10","0.10","0.10","0.10","0.00","","0.10","0","0.00"
"25/03/2026","IIL","0.05","0.05","0.05","0.05","0.05","0.05","0.00","","","0","0.00"
"25/03/2026","DIGICUT","0.09","0.09","0.09","0.09","0.09","0.09","0.00","","","0","0.00"
"24/03/2026","ACCESS","46.64","16.20","46.62","46.62","46.62","46.62","0.00","","46.60","0","0.00"
"24/03/2026","ADB","5.06","5.06","5.06","5.06","5.06","5.06","0.00","5.06","","0","0.00"
"24/03/2026","AGA","37.00","37.00","37.00","37.00","37.00","37.00","0.00","40.70","","0","0.00"
"24/03/2026","**ALW**","0.10","0.10","0.10","0.10","0.10","0.10","0.00","","","0","0.00"
"24/03/2026","ASG","8.89","8.89","8.89","8.89","8.89","8.89","0.00","8.89","","0","0.00"
"24/03/2026","ALLGH","6.52","6.12","6.52","6.52","6.52","6.52","0.00","","6.52","4,786","31,204.72"
"24/03/2026","BOPP","100.00","55.82","100.00","100.00","100.00","100.00","0.00","100.00","110.00","1,000","100,000.00"
"24/03/2026","CAL","0.94","0.61","0.77","0.77","0.75","0.75","-0.02","0.76","0.78","372,103","280,675.37"
"24/03/2026","CLYD","0.90","0.46","0.99","0.99","0.99","0.99","0.00","0.99","","0","0.00"
"24/03/2026","CMLT","0.14","0.14","0.14","0.14","0.14","0.14","0.00","0.15","","0","0.00"
"24/03/2026","CPC","0.09","0.05","0.09","0.09","0.09","0.09","0.00","0.10","","0","0.00"
"24/03/2026","DASPHARMA","0.41","0.38","0.41","0.41","0.41","0.41","0.00","0.41","","0","0.00"
"24/03/2026","EGH","57.00","25.00","55.90","55.90","50.52","50.52","-5.38","50.52","55.80","5,481","276,991.58"
"24/03/2026","EGL","12.16","3.48","12.13","12.13","12.09","12.11","-0.02","","12.13","40,285","488,385.02"
"24/03/2026","ETI","2.82","0.76","2.45","2.45","2.22","2.22","-0.23","","2.22","534,823","1,187,307.06"
"24/03/2026","FML","16.35","8.00","15.32","15.32","13.79","13.79","-1.53","","13.79","2,126","29,317.54"
"24/03/2026","FAB","7.84","7.71","7.84","7.84","7.84","7.84","0.00","","","0","0.00"
"24/03/2026","GCB","52.00","20.11","45.77","45.77","41.20","45.77","0.00","","44.00","499","21,466.20"
"24/03/2026","GGBL","16.50","6.60","15.94","15.94","15.94","15.94","0.00","","15.94","42,607","679,155.58"
"24/03/2026","GOIL","7.85","2.96","7.85","7.85","7.85","7.85","0.00","7.85","","3,487","27,372.95"
"24/03/2026","MAC","5.20","5.20","5.20","5.20","5.20","5.20","0.00","","","0","0.00"
"24/03/2026","MTNGH","6.53","4.20","6.53","6.53","6.48","6.50","-0.03","","6.53","605,217","3,935,884.02"
"24/03/2026","PBC**","0.02","0.02","0.02","0.02","0.02","0.02","0.00","","","0","0.00"
"24/03/2026","RBGH","5.38","1.30","5.38","5.38","5.38","5.38","0.00","5.38","5.91","37,418","201,268.84"
"24/03/2026","SCB","79.41","29.22","79.25","79.25","79.25","79.25","0.00","79.25","","1,567","124,184.75"
"24/03/2026","SIC","6.99","1.20","4.54","4.54","4.09","4.09","-0.45","","4.09","62,495","255,604.55"
"24/03/2026","SOGEGH","11.51","4.49","8.73","8.73","7.86","7.86","-0.87","","7.86","35,779","281,222.94"
"24/03/2026","TBL","1.20","1.20","1.20","1.20","1.20","1.20","0.00","1.32","","0","0.00"
"24/03/2026","TOTAL","40.30","39.80","39.80","39.80","39.80","39.80","0.00","36.13","43.78","4,048","161,103.33"
"24/03/2026","TLW","11.92","11.92","11.92","11.92","11.92","11.92","0.00","","","10","119.20"
"24/03/2026","UNIL","28.46","19.79","28.46","28.46","28.46","28.46","0.00","28.46","","368","10,473.28"
"24/03/2026","AADS","0.42","0.42","0.42","0.42","0.42","0.42","0.00","0.46","","0","0.00"
"24/03/2026","SCBPREF","0.90","0.90","0.90","0.90","0.90","0.90","0.00","0.90","","0","0.00"
"24/03/2026","GLD","533.93","466.72","546.00","546.00","546.00","546.00","0.00","546.00","","21","11,466.00"
"24/03/2026","SAMBA","0.55","0.55","0.55","0.55","0.55","0.55","0.00","","","0","0.00"
"24/03/2026","MMH","0.10","0.10","0.10","0.10","0.10","0.10","0.00","","","0","0.00"
"24/03/2026","HORDS","0.10","0.09","0.10","0.10","0.10","0.10","0.00","","0.10","0","0.00"
"24/03/2026","IIL","0.05","0.05","0.05","0.05","0.05","0.05","0.00","","","0","0.00"
"24/03/2026","DIGICUT","0.09","0.09","0.09","0.09","0.09","0.09","0.00","","","0","0.00"
"19/03/2026","ACCESS","46.64","16.20","46.62","46.62","46.60","46.62","0.00","","46.60","70","3,262.00"
"19/03/2026","ADB","5.06","5.06","5.06","5.06","5.06","5.06","0.00","5.06","","0","0.00"
"19/03/2026","AGA","37.00","37.00","37.00","37.00","37.00","37.00","0.00","40.70","","0","0.00"
"19/03/2026","**ALW**","0.10","0.10","0.10","0.10","0.10","0.10","0.00","","","0","0.00"
"19/03/2026","ASG","8.89","8.89","8.89","8.89","8.89","8.89","0.00","8.89","","0","0.00"
"19/03/2026","ALLGH","6.52","6.12","6.52","6.52","6.52","6.52","0.00","","6.52","5,314","34,647.28"
"19/03/2026","BOPP","100.00","55.82","92.09","92.09","100.00","100.00","7.91","","","5,350","522,660.40"
"19/03/2026","CAL","0.94","0.61","0.79","0.79","0.77","0.77","-0.02","0.76","0.77","285,324","221,050.22"
"19/03/2026","CLYD","0.90","0.46","0.90","0.90","0.99","0.99","0.09","0.99","","4,000","3,960.00"
"19/03/2026","CMLT","0.14","0.14","0.14","0.14","0.14","0.14","0.00","0.15","","0","0.00"
"19/03/2026","CPC","0.09","0.05","0.09","0.09","0.10","0.09","0.00","0.10","","690","69.00"
"19/03/2026","DASPHARMA","0.41","0.38","0.41","0.41","0.41","0.41","0.00","0.41","","800","328.00"
"19/03/2026","EGH","57.00","25.00","56.00","56.00","55.90","55.90","-0.10","50.52","55.90","7,431","414,881.80"
"19/03/2026","EGL","12.16","3.48","12.13","12.13","12.13","12.13","0.00","10.94","12.13","3,195","38,755.35"
"19/03/2026","ETI","2.82","0.76","2.72","2.72","2.45","2.45","-0.27","","2.45","925,371","2,267,158.95"
"19/03/2026","FML","16.35","8.00","15.32","15.32","13.79","15.32","0.00","","13.79","283","3,902.57"
"19/03/2026","FAB","7.84","7.71","7.84","7.84","7.84","7.84","0.00","","","0","0.00"
"19/03/2026","GCB","52.00","20.11","50.39","50.39","45.36","45.77","-4.62","","45.36","12,402","587,444.95"
"19/03/2026","GGBL","16.50","6.60","15.94","15.94","14.72","15.94","0.00","","14.72","368","5,469.42"
"19/03/2026","GOIL","7.85","2.96","7.63","7.63","7.85","7.85","0.22","7.85","","144,392","1,132,155.30"
"19/03/2026","MAC","5.20","5.20","5.20","5.20","5.20","5.20","0.00","5.20","","0","0.00"
"19/03/2026","MTNGH","6.53","4.20","6.48","6.48","6.54","6.53","0.05","6.50","6.54","34,854,670","227,267,391.12"
"19/03/2026","PBC**","0.02","0.02","0.02","0.02","0.02","0.02","0.00","","","0","0.00"
"19/03/2026","RBGH","5.38","1.30","4.96","4.96","5.42","5.38","0.42","5.41","","68,773","370,040.80"
"19/03/2026","SCB","79.41","29.22","79.41","79.41","79.25","79.25","-0.16","71.47","79.25","4,695","372,108.86"
"19/03/2026","SIC","6.99","1.20","5.04","5.04","4.54","4.54","-0.50","","4.54","38,813","176,211.02"
"19/03/2026","SOGEGH","11.51","4.49","9.69","9.69","8.73","8.73","-0.96","","8.73","33,968","296,540.64"
"19/03/2026","TBL","1.20","1.20","1.20","1.20","1.20","1.20","0.00","1.32","","0","0.00"
"19/03/2026","TOTAL","40.30","39.80","39.89","39.89","39.80","39.80","-0.09","36.13","39.80","4,717","187,736.60"
"19/03/2026","TLW","11.92","11.92","11.92","11.92","11.92","11.92","0.00","11.92","","0","0.00"
"19/03/2026","UNIL","28.46","19.79","28.46","28.46","28.46","28.46","0.00","28.46","","1,946","55,383.16"
"19/03/2026","AADS","0.42","0.42","0.42","0.42","0.42","0.42","0.00","0.46","","0","0.00"
"19/03/2026","SCBPREF","0.90","0.90","0.90","0.90","0.90","0.90","0.00","0.90","","0","0.00"
"19/03/2026","GLD","533.93","466.72","546.00","546.00","546.00","546.00","0.00","546.00","","11","6,006.00"
"19/03/2026","SAMBA","0.55","0.55","0.55","0.55","0.55","0.55","0.00","","","0","0.00"
"19/03/2026","MMH","0.10","0.10","0.10","0.10","0.10","0.10","0.00","","","0","0.00"
"19/03/2026","HORDS","0.10","0.09","0.09","0.09","0.10","0.10","0.01","","0.10","372,450","37,245.00"
"19/03/2026","IIL","0.05","0.05","0.05","0.05","0.05","0.05","0.00","","","0","0.00"
"19/03/2026","DIGICUT","0.09","0.09","0.09","0.09","0.09","0.09","0.00","0.09","","0","0.00"
"18/03/2026","ACCESS","46.64","16.20","46.62","46.62","46.60","46.62","0.00","","46.60","615","28,299.97"
"18/03/2026","ADB","5.06","5.06","5.06","5.06","5.06","5.06","0.00","5.06","","0","0.00"
"18/03/2026","AGA","37.00","37.00","37.00","37.00","37.00","37.00","0.00","40.70","","0","0.00"
"18/03/2026","**ALW**","0.10","0.10","0.10","0.10","0.10","0.10","0.00","","","0","0.00"
"18/03/2026","ASG","8.89","8.89","8.89","8.89","8.89","8.89","0.00","8.89","","0","0.00"
"18/03/2026","ALLGH","6.52","6.12","6.52","6.52","6.52","6.52","0.00","6.52","","2,001","13,046.52"
"18/03/2026","BOPP","92.09","55.82","86.00","86.00","86.00","92.09","6.09","86.00","91.00","9,450","885,690.00"
"18/03/2026","CAL","0.94","0.61","0.85","0.85","0.83","0.79","-0.06","0.81","0.82","434,361","344,968.12"
"18/03/2026","CLYD","0.90","0.46","0.90","0.90","0.90","0.90","0.00","0.90","","4,000","3,600.00"
"18/03/2026","CMLT","0.14","0.14","0.14","0.14","0.14","0.14","0.00","0.15","","0","0.00"
"18/03/2026","CPC","0.09","0.05","0.09","0.09","0.09","0.09","0.00","0.10","","0","0.00"
"18/03/2026","DASPHARMA","0.41","0.38","0.41","0.41","0.41","0.41","0.00","0.41","","0","0.00"
"18/03/2026","EGH","57.00","25.00","56.00","56.00","56.00","56.00","0.00","50.52","55.95","0","0.00"
"18/03/2026","EGL","12.16","3.48","12.15","12.15","12.15","12.13","-0.02","","12.15","63,042","764,699.46"
"18/03/2026","ETI","2.82","0.76","2.82","2.82","2.72","2.72","-0.10","2.81","2.82","466,218","1,267,679.56"
"18/03/2026","FML","16.35","8.00","15.39","15.39","15.35","15.32","-0.07","15.00","15.39","5,800","88,679.68"
"18/03/2026","FAB","7.84","7.71","7.84","7.84","7.84","7.84","0.00","7.84","","0","0.00"
"18/03/2026","GCB","52.00","20.11","52.00","52.00","52.00","50.39","-1.61","","50.90","29,088","1,465,736.86"
"18/03/2026","GGBL","16.50","6.60","16.34","16.34","16.34","15.94","-0.40","","16.34","2,939","46,847.66"
"18/03/2026","GOIL","7.63","2.96","7.60","7.60","7.60","7.63","0.03","7.60","","6,410","48,966.30"
"18/03/2026","MAC","5.20","5.20","5.20","5.20","5.20","5.20","0.00","5.20","","0","0.00"
"18/03/2026","MTNGH","6.48","4.20","6.29","6.29","6.29","6.48","0.19","","6.29","5,257,765","34,080,370.43"
"18/03/2026","PBC**","0.02","0.02","0.02","0.02","0.02","0.02","0.00","","","0","0.00"
"18/03/2026","RBGH","4.96","1.30","4.69","4.69","5.11","4.96","0.27","4.63","4.86","57,513","285,481.14"
"18/03/2026","SCB","79.41","29.22","79.41","79.41","79.41","79.41","0.00","","79.41","232","18,423.12"
"18/03/2026","SIC","6.99","1.20","5.59","5.59","5.04","5.04","-0.55","","5.59","78,155","393,901.20"
"18/03/2026","SOGEGH","11.51","4.49","10.76","10.76","9.69","9.69","-1.07","","9.69","4,648","45,039.12"
"18/03/2026","TBL","1.20","1.20","1.20","1.20","1.20","1.20","0.00","1.32","","0","0.00"
"18/03/2026","TOTAL","40.30","39.99","39.99","39.99","39.89","39.89","-0.10","37.00","39.99","3,255","129,841.95"
"18/03/2026","TLW","11.92","11.92","11.92","11.92","11.92","11.92","0.00","11.92","","1","11.92"
"18/03/2026","UNIL","28.46","19.79","28.46","28.46","28.46","28.46","0.00","28.46","","681","19,381.26"
"18/03/2026","AADS","0.42","0.42","0.42","0.42","0.42","0.42","0.00","0.46","","0","0.00"
"18/03/2026","SCBPREF","0.90","0.90","0.90","0.90","0.90","0.90","0.00","0.90","","0","0.00"
"18/03/2026","GLD","533.93","466.72","546.00","546.00","546.00","546.00","0.00","546.00","","2","1,092.00"
"18/03/2026","SAMBA","0.55","0.55","0.55","0.55","0.55","0.55","0.00","","","0","0.00"
"18/03/2026","MMH","0.10","0.10","0.10","0.10","0.10","0.10","0.00","","","0","0.00"
"18/03/2026","HORDS","0.10","0.09","0.09","0.09","0.09","0.09","0.00","","0.10","0","0.00"
"18/03/2026","IIL","0.05","0.05","0.05","0.05","0.05","0.05","0.00","","","0","0.00"
"18/03/2026","DIGICUT","0.09","0.09","0.09","0.09","0.09","0.09","0.00","0.09","","0","0.00"
"17/03/2026","ACCESS","46.64","16.20","46.62","46.62","46.60","46.62","0.00","","46.60","365","17,009.00"
"17/03/2026","ADB","5.06","5.06","5.06","5.06","5.06","5.06","0.00","5.06","","0","0.00"
"17/03/2026","AGA","37.00","37.00","37.00","37.00","37.00","37.00","0.00","40.70","","0","0.00"
"17/03/2026","**ALW**","0.10","0.10","0.10","0.10","0.10","0.10","0.00","","","0","0.00"
"17/03/2026","ASG","8.89","8.89","8.89","8.89","8.89","8.89","0.00","8.89","","0","0.00"
"17/03/2026","ALLGH","6.52","6.12","6.52","6.52","6.52","6.52","0.00","6.52","","50","326.00"
"17/03/2026","BOPP","86.00","55.82","86.00","86.00","91.00","86.00","0.00","86.00","91.00","16","1,456.00"
"17/03/2026","CAL","0.94","0.61","0.87","0.87","0.82","0.85","-0.02","0.81","0.82","717,750","610,502.52"
"17/03/2026","CLYD","0.90","0.46","0.83","0.83","0.90","0.90","0.07","","","20,000","18,000.00"
"17/03/2026","CMLT","0.14","0.14","0.14","0.14","0.14","0.14","0.00","0.15","","0","0.00"
"17/03/2026","CPC","0.09","0.05","0.09","0.09","0.10","0.09","0.00","0.10","","260","26.00"
"17/03/2026","DASPHARMA","0.41","0.38","0.41","0.41","0.41","0.41","0.00","0.41","","136","55.76"
"17/03/2026","EGH","57.00","25.00","56.00","56.00","55.95","56.00","0.00","50.52","55.95","620","33,967.43"
"17/03/2026","EGL","12.16","3.48","12.16","12.16","12.15","12.15","-0.01","","12.15","7,280","88,452.00"
"17/03/2026","ETI","2.82","0.76","2.70","2.70","2.81","2.82","0.12","2.81","2.82","228,767","643,645.29"
"17/03/2026","FML","16.35","8.00","15.40","15.40","15.39","15.39","-0.01","15.00","15.39","20,941","322,288.01"
"17/03/2026","FAB","7.84","7.71","7.84","7.84","7.84","7.84","0.00","","","0","0.00"
"17/03/2026","GCB","52.00","20.11","52.00","52.00","50.90","52.00","0.00","","50.90","2,200","112,141.10"
"17/03/2026","GGBL","16.50","6.60","16.35","16.35","16.34","16.34","-0.01","","16.34","1,838","30,033.27"
"17/03/2026","GOIL","7.60","2.96","7.44","7.44","7.60","7.60","0.16","7.60","","7,079","53,820.40"
"17/03/2026","MAC","5.20","5.20","5.20","5.20","5.20","5.20","0.00","5.20","","3","15.60"
"17/03/2026","MTNGH","6.34","4.20","6.34","6.34","6.29","6.29","-0.05","","6.29","314,415","1,977,932.56"
"17/03/2026","PBC**","0.02","0.02","0.02","0.02","0.02","0.02","0.00","","","0","0.00"
"17/03/2026","RBGH","4.69","1.30","4.43","4.43","4.86","4.69","0.26","4.63","4.86","21,700","102,315.40"
"17/03/2026","SCB","79.41","29.22","79.41","79.41","79.41","79.41","0.00","","79.41","666","52,887.06"
"17/03/2026","SIC","6.99","1.20","6.21","6.21","5.59","5.59","-0.62","","5.59","30,526","170,649.02"
"17/03/2026","SOGEGH","11.51","4.49","10.76","10.76","9.69","10.76","0.00","","9.69","2,073","20,087.37"
"17/03/2026","TBL","1.20","1.20","1.20","1.20","1.20","1.20","0.00","1.32","","0","0.00"
"17/03/2026","TOTAL","40.30","39.99","40.13","40.13","39.99","39.99","-0.14","37.00","39.99","1,103","44,109.42"
"17/03/2026","TLW","11.92","11.92","11.92","11.92","11.92","11.92","0.00","11.92","","0","0.00"
"17/03/2026","UNIL","28.46","19.79","28.46","28.46","28.46","28.46","0.00","28.46","","248","7,058.08"
"17/03/2026","AADS","0.42","0.42","0.42","0.42","0.42","0.42","0.00","0.46","","0","0.00"
"17/03/2026","SCBPREF","0.90","0.90","0.90","0.90","0.90","0.90","0.00","0.90","","0","0.00"
"17/03/2026","GLD","533.93","466.72","546.00","546.00","546.00","546.00","0.00","546.00","","112","61,152.00"
"17/03/2026","SAMBA","0.55","0.55","0.55","0.55","0.55","0.55","0.00","","","0","0.00"
"17/03/2026","MMH","0.10","0.10","0.10","0.10","0.10","0.10","0.00","","","0","0.00"
"17/03/2026","HORDS","0.10","0.09","0.09","0.09","0.09","0.09","0.00","","0.10","0","0.00"
"17/03/2026","IIL","0.05","0.05","0.05","0.05","0.05","0.05","0.00","","","0","0.00"
"17/03/2026","DIGICUT","0.09","0.09","0.09","0.09","0.09","0.09","0.00","0.09","","0","0.00"
"16/03/2026","ACCESS","46.64","16.20","46.62","46.62","46.60","46.62","0.00","46.60","","743","34,623.80"
"16/03/2026","ADB","5.06","5.06","5.06","5.06","5.06","5.06","0.00","5.06","","0","0.00"
"16/03/2026","AGA","37.00","37.00","37.00","37.00","37.00","37.00","0.00","40.70","","0","0.00"
"16/03/2026","**ALW**","0.10","0.10","0.10","0.10","0.10","0.10","0.00","","","0","0.00"
"16/03/2026","ASG","8.89","8.89","8.89","8.89","8.89","8.89","0.00","8.89","","0","0.00"
"16/03/2026","ALLGH","6.52","6.12","6.52","6.52","6.52","6.52","0.00","6.52","","0","0.00"
"16/03/2026","BOPP","86.00","55.82","86.00","86.00","90.00","86.00","0.00","86.00","","1,500","133,005.00"
"16/03/2026","CAL","0.94","0.61","0.87","0.87","0.85","0.87","0.00","","0.87","169,779","147,592.73"
"16/03/2026","CLYD","0.83","0.46","0.83","0.83","0.83","0.83","0.00","","","0","0.00"
"16/03/2026","CMLT","0.14","0.14","0.14","0.14","0.14","0.14","0.00","0.15","","0","0.00"
"16/03/2026","CPC","0.09","0.05","0.09","0.09","0.09","0.09","0.00","0.09","","0","0.00"
"16/03/2026","DASPHARMA","0.41","0.38","0.41","0.41","0.41","0.41","0.00","","","1","0.41"
"16/03/2026","EGH","57.00","25.00","56.00","56.00","56.00","56.00","0.00","50.52","56.00","406","22,736.00"
"16/03/2026","EGL","12.16","3.48","12.01","12.01","12.15","12.16","0.15","12.01","12.30","34,070","414,153.13"
"16/03/2026","ETI","2.70","0.76","2.46","2.46","2.70","2.70","0.24","2.70","","556,593","1,502,801.10"
"16/03/2026","FML","16.35","8.00","15.40","15.40","15.39","15.40","0.00","","15.39","928","14,281.92"
"16/03/2026","FAB","7.84","7.71","7.84","7.84","7.84","7.84","0.00","","","0","0.00"
"16/03/2026","GCB","52.00","20.11","52.00","52.00","51.00","52.00","0.00","","52.00","3,164","162,187.00"
"16/03/2026","GGBL","16.50","6.60","16.35","16.35","16.35","16.35","0.00","","16.35","1,322","21,614.70"
"16/03/2026","GOIL","7.44","2.96","7.32","7.32","7.50","7.44","0.12","7.32","","12,541","93,190.98"
"16/03/2026","MAC","5.20","5.20","5.20","5.20","5.20","5.20","0.00","","","0","0.00"
"16/03/2026","MTNGH","6.34","4.20","6.27","6.27","6.27","6.34","0.07","","","349,198","2,211,956.32"
"16/03/2026","PBC**","0.02","0.02","0.02","0.02","0.02","0.02","0.00","","","0","0.00"
"16/03/2026","RBGH","4.43","1.30","4.03","4.03","4.43","4.43","0.40","4.32","","24,420","108,139.95"
"16/03/2026","SCB","79.41","29.22","79.41","79.41","79.41","79.41","0.00","","","297","23,584.77"
"16/03/2026","SIC","6.99","1.20","6.90","6.90","6.21","6.21","-0.69","","6.50","60,748","377,643.54"
"16/03/2026","SOGEGH","11.51","4.49","10.76","10.76","10.50","10.76","0.00","","10.94","1,362","14,561.00"
"16/03/2026","TBL","1.20","1.20","1.20","1.20","1.20","1.20","0.00","1.32","","0","0.00"
"16/03/2026","TOTAL","40.30","40.13","40.13","40.13","40.00","40.13","0.00","36.13","40.00","1,257","50,280.00"
"16/03/2026","TLW","11.92","11.92","11.92","11.92","11.92","11.92","0.00","","","150","1,788.00"
"16/03/2026","UNIL","28.46","19.79","28.46","28.46","28.46","28.46","0.00","28.46","","35","996.10"
"16/03/2026","AADS","0.42","0.42","0.42","0.42","0.42","0.42","0.00","0.46","","0","0.00"
"16/03/2026","SCBPREF","0.90","0.90","0.90","0.90","0.90","0.90","0.00","0.90","","0","0.00"
"16/03/2026","GLD","533.93","466.72","546.00","546.00","546.00","546.00","0.00","546.00","","7","3,822.00"
"16/03/2026","SAMBA","0.55","0.55","0.55","0.55","0.55","0.55","0.00","","","0","0.00"
"16/03/2026","MMH","0.10","0.10","0.10","0.10","0.10","0.10","0.00","","","0","0.00"
"16/03/2026","HORDS","0.10","0.09","0.09","0.09","0.09","0.09","0.00","0.09","0.10","2,000","180.00"
"16/03/2026","IIL","0.05","0.05","0.05","0.05","0.05","0.05","0.00","0.05","","0","0.00"
"16/03/2026","DIGICUT","0.09","0.09","0.09","0.09","0.09","0.09","0.00","","0.09","105,365","9,482.85"
"13/03/2026","ACCESS","46.64","16.20","46.62","46.62","46.60","46.62","0.00","","46.60","1,414","65,892.40"
"13/03/2026","ADB","5.06","5.06","5.06","5.06","5.06","5.06","0.00","5.06","","0","0.00"
"13/03/2026","AGA","37.00","37.00","37.00","37.00","37.00","37.00","0.00","40.70","","0","0.00"
"13/03/2026","**ALW**","0.10","0.10","0.10","0.10","0.10","0.10","0.00","","","0","0.00"
"13/03/2026","ASG","8.89","8.89","8.89","8.89","8.89","8.89","0.00","8.89","","0","0.00"
"13/03/2026","ALLGH","6.52","6.12","6.52","6.52","6.52","6.52","0.00","6.52","","1,784","11,631.68"
"13/03/2026","BOPP","86.00","55.82","86.00","86.00","86.01","86.00","0.00","86.01","","714","61,411.14"
"13/03/2026","CAL","0.94","0.61","0.88","0.88","0.87","0.87","-0.01","0.80","0.87","18,581,479","16,168,542.49"
"13/03/2026","CLYD","0.83","0.46","0.76","0.76","0.83","0.83","0.07","0.83","","10,001","8,300.76"
"13/03/2026","CMLT","0.14","0.14","0.14","0.14","0.14","0.14","0.00","0.15","","0","0.00"
"13/03/2026","CPC","0.09","0.05","0.09","0.09","0.09","0.09","0.00","0.09","","500","45.00"
"13/03/2026","DASPHARMA","0.41","0.38","0.41","0.41","0.41","0.41","0.00","0.41","","18","7.38"
"13/03/2026","EGH","57.00","25.00","56.00","56.00","56.00","56.00","0.00","50.52","56.00","21,530","1,205,132.00"
"13/03/2026","EGL","12.01","3.48","11.50","11.50","12.30","12.01","0.51","12.00","12.30","31,077","373,263.50"
"13/03/2026","ETI","2.46","0.76","2.24","2.24","2.46","2.46","0.22","2.46","","270,693","665,904.78"
"13/03/2026","FML","16.35","8.00","16.14","16.14","15.39","15.40","-0.74","15.00","15.39","47,788","735,938.40"
"13/03/2026","FAB","7.84","7.71","7.84","7.84","7.84","7.84","0.00","7.84","","0","0.00"
"13/03/2026","GCB","52.00","20.11","52.00","52.00","52.00","52.00","0.00","","52.00","7,846","407,966.00"
"13/03/2026","GGBL","16.50","6.60","16.40","16.40","16.35","16.35","-0.05","","16.35","32,148","525,647.25"
"13/03/2026","GOIL","7.32","2.96","7.31","7.31","7.32","7.32","0.01","7.33","","106,486","779,034.43"
"13/03/2026","MAC","5.20","5.20","5.20","5.20","5.20","5.20","0.00","5.20","","18","93.60"
"13/03/2026","MTNGH","6.34","4.20","6.28","6.28","6.25","6.27","-0.01","","6.25","345,321","2,165,859.40"
"13/03/2026","PBC**","0.02","0.02","0.02","0.02","0.02","0.02","0.00","","","0","0.00"
"13/03/2026","RBGH","4.03","1.30","3.93","3.93","4.32","4.03","0.10","4.32","","232,700","937,377.00"
"13/03/2026","SCB","79.41","29.22","79.41","79.41","79.41","79.41","0.00","","79.41","6,989","554,996.49"
"13/03/2026","SIC","6.99","1.20","6.99","6.99","6.45","6.90","-0.09","","6.45","144,534","998,622.55"
"13/03/2026","SOGEGH","11.51","4.49","11.36","11.36","10.50","10.76","-0.60","","10.50","9,433","101,822.96"
"13/03/2026","TBL","1.20","1.20","1.20","1.20","1.20","1.20","0.00","1.32","","0","0.00"
"13/03/2026","TOTAL","40.30","40.13","40.14","40.14","40.13","40.13","-0.01","40.13","40.14","12,964","520,272.66"
"13/03/2026","TLW","11.92","11.92","11.92","11.92","11.92","11.92","0.00","11.92","","427","5,089.84"
"13/03/2026","UNIL","28.46","19.79","28.46","28.46","28.46","28.46","0.00","28.46","","540","15,368.40"
"13/03/2026","AADS","0.42","0.42","0.42","0.42","0.42","0.42","0.00","0.46","","0","0.00"
"13/03/2026","SCBPREF","0.90","0.90","0.90","0.90","0.90","0.90","0.00","0.90","","0","0.00"
"13/03/2026","GLD","533.93","466.72","546.00","546.00","546.00","546.00","0.00","546.00","","5","2,730.00"
"13/03/2026","SAMBA","0.55","0.55","0.55","0.55","0.55","0.55","0.00","","","0","0.00"
"13/03/2026","MMH","0.10","0.10","0.10","0.10","0.10","0.10","0.00","","","0","0.00"
"13/03/2026","HORDS","0.10","0.09","0.09","0.09","0.09","0.09","0.00","0.09","0.10","100","10.00"
"13/03/2026","IIL","0.05","0.05","0.05","0.05","0.05","0.05","0.00","0.05","","402,433","20,121.65"
"13/03/2026","DIGICUT","0.09","0.09","0.09","0.09","0.09","0.09","0.00","","0.09","2,750","247.50"
"12/03/2026","ACCESS","46.64","16.20","46.62","46.62","46.59","46.62","0.00","","46.59","2,680","124,841.70"
"12/03/2026","ADB","5.06","5.06","5.06","5.06","5.06","5.06","0.00","5.06","","0","0.00"
"12/03/2026","AGA","37.00","37.00","37.00","37.00","37.00","37.00","0.00","40.70","","0","0.00"
"12/03/2026","**ALW**","0.10","0.10","0.10","0.10","0.10","0.10","0.00","","","0","0.00"
"12/03/2026","ASG","8.89","8.89","8.89","8.89","8.89","8.89","0.00","8.89","","0","0.00"
"12/03/2026","ALLGH","6.52","6.12","6.52","6.52","6.52","6.52","0.00","6.52","","1,173","7,647.96"
"12/03/2026","BOPP","86.00","55.82","86.00","86.00","86.01","86.00","0.00","86.01","","379","32,597.79"
"12/03/2026","CAL","0.94","0.61","0.88","0.88","0.87","0.88","0.00","0.87","0.88","1,312,553","1,153,256.00"
"12/03/2026","CLYD","0.76","0.46","0.74","0.74","0.76","0.76","0.02","0.76","","14,618","11,109.68"
"12/03/2026","CMLT","0.14","0.14","0.14","0.14","0.14","0.14","0.00","0.15","","0","0.00"
"12/03/2026","CPC","0.09","0.05","0.08","0.08","0.09","0.09","0.01","0.09","","27,225","2,450.25"
"12/03/2026","DASPHARMA","0.41","0.38","0.41","0.41","0.44","0.41","0.00","0.44","","1,600","704.00"
"12/03/2026","EGH","57.00","25.00","56.14","56.14","55.50","56.00","-0.14","50.52","55.50","179,132","10,030,850.06"
"12/03/2026","EGL","11.50","3.48","10.90","10.90","11.51","11.50","0.60","11.51","","55,466","637,846.65"
"12/03/2026","ETI","2.24","0.76","2.04","2.04","2.24","2.24","0.20","2.24","","333,640","747,353.60"
"12/03/2026","FML","16.35","8.00","16.35","16.35","15.40","16.14","-0.21","","15.40","4,221","68,281.85"
"12/03/2026","FAB","7.84","7.71","7.84","7.84","7.84","7.84","0.00","","","0","0.00"
"12/03/2026","GCB","52.00","20.11","52.00","52.00","52.00","52.00","0.00","","52.00","33,125","1,722,500.00"
"12/03/2026","GGBL","16.50","6.60","16.50","16.50","16.50","16.40","-0.10","","16.39","1,906","31,399.00"
"12/03/2026","GOIL","7.31","2.96","7.26","7.26","7.31","7.31","0.05","7.31","","119,349","871,798.78"
"12/03/2026","MAC","5.20","5.20","5.20","5.20","5.20","5.20","0.00","5.20","","0","0.00"
"12/03/2026","MTNGH","6.34","4.20","6.34","6.34","6.29","6.28","-0.06","6.27","6.29","2,458,993","15,433,520.50"
"12/03/2026","PBC**","0.02","0.02","0.02","0.02","0.02","0.02","0.00","","","0","0.00"
"12/03/2026","RBGH","3.93","1.30","3.58","3.58","3.93","3.93","0.35","3.93","","14,067","55,253.31"
"12/03/2026","SCB","79.41","29.22","76.05","76.05","83.65","79.41","3.36","76.05","83.65","2,952","234,121.20"
"12/03/2026","SIC","6.99","1.20","6.37","6.37","6.38","6.99","0.62","6.37","7.00","394,542","2,758,092.60"
"12/03/2026","SOGEGH","11.51","4.49","11.38","11.38","11.30","11.36","-0.02","","11.30","37,090","421,259.75"
"12/03/2026","TBL","1.20","1.20","1.20","1.20","1.20","1.20","0.00","1.32","","0","0.00"
"12/03/2026","TOTAL","40.30","40.14","40.15","40.15","40.14","40.14","-0.01","36.15","40.14","11,186","446,168.85"
"12/03/2026","TLW","11.92","11.92","11.92","11.92","11.92","11.92","0.00","11.92","","20","238.40"
"12/03/2026","UNIL","28.46","19.79","28.46","28.46","28.46","28.46","0.00","28.46","","95","2,703.70"
"12/03/2026","AADS","0.42","0.42","0.42","0.42","0.42","0.42","0.00","0.46","","0","0.00"
"12/03/2026","SCBPREF","0.90","0.90","0.90","0.90","0.90","0.90","0.00","0.90","","0","0.00"
"12/03/2026","GLD","533.93","466.72","546.00","546.00","546.00","546.00","0.00","546.00","","3","1,638.00"
"12/03/2026","SAMBA","0.55","0.55","0.55","0.55","0.55","0.55","0.00","","","0","0.00"
"12/03/2026","MMH","0.10","0.10","0.10","0.10","0.10","0.10","0.00","","","0","0.00"
"12/03/2026","HORDS","0.10","0.09","0.10","0.10","0.09","0.09","-0.01","","0.10","92,300","8,307.00"
"12/03/2026","IIL","0.05","0.05","0.05","0.05","0.05","0.05","0.00","","","0","0.00"
"12/03/2026","DIGICUT","0.09","0.09","0.09","0.09","0.09","0.09","0.00","0.09","0.10","6,250","562.50"
"11/03/2026","ACCESS","46.64","16.20","46.64","46.64","46.62","46.62","-0.02","","46.62","3,251","151,532.04"
"11/03/2026","ADB","5.06","5.06","5.06","5.06","5.06","5.06","0.00","5.06","","0","0.00"
"11/03/2026","AGA","37.00","37.00","37.00","37.00","37.00","37.00","0.00","40.70","","0","0.00"
"11/03/2026","**ALW**","0.10","0.10","0.10","0.10","0.10","0.10","0.00","","","0","0.00"
"11/03/2026","ASG","8.89","8.89","8.89","8.89","8.89","8.89","0.00","8.89","","1","8.89"
"11/03/2026","ALLGH","6.52","6.12","6.52","6.52","6.52","6.52","0.00","6.52","","23","149.96"
"11/03/2026","BOPP","86.00","55.82","79.00","79.00","86.00","86.00","7.00","86.00","","500","43,000.00"
"11/03/2026","CAL","0.94","0.61","0.88","0.88","0.88","0.88","0.00","0.85","0.88","1,207,043","1,062,197.84"
"11/03/2026","CLYD","0.74","0.46","0.74","0.74","0.74","0.74","0.00","0.74","","400","296.00"
"11/03/2026","CMLT","0.14","0.14","0.14","0.14","0.14","0.14","0.00","0.15","","0","0.00"
"11/03/2026","CPC","0.08","0.05","0.08","0.08","0.08","0.08","0.00","0.09","","0","0.00"
"11/03/2026","DASPHARMA","0.41","0.38","0.41","0.41","0.41","0.41","0.00","0.41","","33","13.53"
"11/03/2026","EGH","57.00","25.00","57.00","57.00","56.14","56.14","-0.86","56.00","56.50","38,242","2,147,243.75"
"11/03/2026","EGL","10.90","3.48","9.92","9.92","10.90","10.90","0.98","9.93","10.90","2,223","24,226.82"
"11/03/2026","ETI","2.04","0.76","1.91","1.91","2.04","2.04","0.13","2.09","","54,004","110,637.10"
"11/03/2026","FML","16.35","8.00","16.35","16.35","16.35","16.35","0.00","16.35","","2,135","34,907.25"
"11/03/2026","FAB","7.84","7.71","7.84","7.84","7.84","7.84","0.00","","","0","0.00"
"11/03/2026","GCB","52.00","20.11","52.00","52.00","52.00","52.00","0.00","52.25","","9,033","468,942.30"
"11/03/2026","GGBL","16.50","6.60","16.50","16.50","16.50","16.50","0.00","","16.50","5,546","91,509.00"
"11/03/2026","GOIL","7.26","2.96","6.60","6.60","7.26","7.26","0.66","7.26","","7,448","54,072.48"
"11/03/2026","MAC","5.20","5.20","5.20","5.20","5.20","5.20","0.00","","","0","0.00"
"11/03/2026","MTNGH","6.34","4.20","6.33","6.33","6.34","6.34","0.01","6.29","6.30","3,220,676","20,409,755.53"
"11/03/2026","PBC**","0.02","0.02","0.02","0.02","0.02","0.02","0.00","","","0","0.00"
"11/03/2026","RBGH","3.58","1.30","3.26","3.26","3.58","3.58","0.32","3.32","","1,043","3,728.74"
"11/03/2026","SCB","76.05","29.22","69.14","69.14","76.05","76.05","6.91","76.05","","18,499","1,406,848.95"
"11/03/2026","SIC","6.37","1.20","5.98","5.98","6.37","6.37","0.39","6.50","6.55","269,528","1,716,088.50"
"11/03/2026","SOGEGH","11.51","4.49","11.37","11.37","11.38","11.38","0.01","","11.37","101,569","1,156,099.53"
"11/03/2026","TBL","1.20","1.20","1.20","1.20","1.20","1.20","0.00","1.32","","0","0.00"
"11/03/2026","TOTAL","40.30","40.15","40.15","40.15","40.15","40.15","0.00","38.00","40.15","3,677","147,631.55"
"11/03/2026","TLW","11.92","11.92","11.92","11.92","11.92","11.92","0.00","11.92","","1","11.92"
"11/03/2026","UNIL","28.46","19.79","28.46","28.46","28.46","28.46","0.00","28.46","","37","1,053.02"
"11/03/2026","AADS","0.42","0.42","0.42","0.42","0.42","0.42","0.00","0.46","","0","0.00"
"11/03/2026","SCBPREF","0.90","0.90","0.90","0.90","0.90","0.90","0.00","0.90","","0","0.00"
"11/03/2026","GLD","533.93","466.72","546.00","546.00","546.00","546.00","0.00","546.00","","25","13,650.00"
"11/03/2026","SAMBA","0.55","0.55","0.55","0.55","0.55","0.55","0.00","","","0","0.00"
"11/03/2026","MMH","0.10","0.10","0.10","0.10","0.10","0.10","0.00","","","0","0.00"
"11/03/2026","HORDS","0.10","0.10","0.10","0.10","0.10","0.10","0.00","","0.10","0","0.00"
"11/03/2026","IIL","0.05","0.05","0.05","0.05","0.05","0.05","0.00","","","0","0.00"
"11/03/2026","DIGICUT","0.09","0.09","0.09","0.09","0.09","0.09","0.00","","","0","0.00"
"10/03/2026","ACCESS","46.64","16.20","46.64","46.64","46.64","46.64","0.00","","46.64","21,191","988,348.24"
"10/03/2026","ADB","5.06","5.06","5.06","5.06","5.06","5.06","0.00","5.06","","100","506.00"
"10/03/2026","AGA","37.00","37.00","37.00","37.00","37.00","37.00","0.00","40.70","","0","0.00"
"10/03/2026","**ALW**","0.10","0.10","0.10","0.10","0.10","0.10","0.00","","","0","0.00"
"10/03/2026","ASG","8.89","8.89","8.89","8.89","8.89","8.89","0.00","8.89","","11","97.79"
"10/03/2026","ALLGH","6.52","6.12","6.52","6.52","6.53","6.52","0.00","6.53","","1,074","7,012.22"
"10/03/2026","BOPP","79.00","55.82","79.00","79.00","79.00","79.00","0.00","79.00","86.00","300","23,700.00"
"10/03/2026","CAL","0.94","0.61","0.88","0.88","0.88","0.88","0.00","0.80","0.88","127,680","112,328.40"
"10/03/2026","CLYD","0.74","0.46","0.74","0.74","0.74","0.74","0.00","0.74","","0","0.00"
"10/03/2026","CMLT","0.14","0.14","0.14","0.14","0.14","0.14","0.00","0.15","","0","0.00"
"10/03/2026","CPC","0.08","0.05","0.08","0.08","0.08","0.08","0.00","0.09","","0","0.00"
"10/03/2026","DASPHARMA","0.41","0.38","0.38","0.38","0.38","0.41","0.03","0.41","","8,940","3,635.67"
"10/03/2026","EGH","57.00","25.00","57.00","57.00","57.00","57.00","0.00","","57.00","14,307","815,499.00"
"10/03/2026","EGL","9.92","3.48","9.92","9.92","9.92","9.92","0.00","10.44","","419","4,156.48"
"10/03/2026","ETI","1.91","0.76","1.74","1.74","1.91","1.91","0.17","1.91","","7,510","14,274.88"
"10/03/2026","FML","16.35","8.00","16.35","16.35","16.35","16.35","0.00","16.35","17.00","562","9,188.70"
"10/03/2026","FAB","7.84","7.71","7.84","7.84","7.84","7.84","0.00","","","0","0.00"
"10/03/2026","GCB","52.00","20.11","52.00","52.00","52.00","52.00","0.00","48.14","52.00","154,831","8,051,212.00"
"10/03/2026","GGBL","16.50","6.60","16.50","16.50","16.50","16.50","0.00","","16.50","7,481","123,436.50"
"10/03/2026","GOIL","6.60","2.96","6.39","6.39","6.60","6.60","0.21","6.60","","756,136","4,990,454.97"
"10/03/2026","MAC","5.20","5.20","5.20","5.20","5.20","5.20","0.00","5.20","","3","15.60"
"10/03/2026","MTNGH","6.33","4.20","5.94","5.94","6.30","6.33","0.39","6.30","","1,187,562","7,509,411.87"
"10/03/2026","PBC**","0.02","0.02","0.02","0.02","0.02","0.02","0.00","","","0","0.00"
"10/03/2026","RBGH","3.26","1.30","2.97","2.97","3.26","3.26","0.29","3.26","","79,215","258,236.70"
"10/03/2026","SCB","69.14","29.22","62.86","62.86","69.14","69.14","6.28","69.14","","1,511","104,401.46"
"10/03/2026","SIC","5.98","1.20","5.44","5.44","5.98","5.98","0.54","5.98","","109,304","652,225.43"
"10/03/2026","SOGEGH","11.51","4.49","11.39","11.39","11.37","11.37","-0.02","","11.37","23,366","265,677.74"
"10/03/2026","TBL","1.20","1.20","1.20","1.20","1.20","1.20","0.00","1.32","","0","0.00"
"10/03/2026","TOTAL","40.30","40.15","40.15","40.15","40.15","40.15","0.00","38.00","40.15","1,815","72,872.25"
"10/03/2026","TLW","11.92","11.92","11.92","11.92","11.92","11.92","0.00","","","26","309.92"
"10/03/2026","UNIL","28.46","19.79","28.46","28.46","28.46","28.46","0.00","28.46","","14","398.44"
"10/03/2026","AADS","0.42","0.42","0.42","0.42","0.42","0.42","0.00","0.46","","0","0.00"
"10/03/2026","SCBPREF","0.90","0.90","0.90","0.90","0.90","0.90","0.00","0.90","","0","0.00"
"10/03/2026","GLD","533.93","466.72","546.00","546.00","546.00","546.00","0.00","546.00","","13","7,098.00"
"10/03/2026","SAMBA","0.55","0.55","0.55","0.55","0.55","0.55","0.00","","","0","0.00"
"10/03/2026","MMH","0.10","0.10","0.10","0.10","0.10","0.10","0.00","","","0","0.00"
"10/03/2026","HORDS","0.10","0.10","0.10","0.10","0.10","0.10","0.00","","0.10","0","0.00"
"10/03/2026","IIL","0.05","0.05","0.05","0.05","0.05","0.05","0.00","","","0","0.00"
"10/03/2026","DIGICUT","0.09","0.09","0.09","0.09","0.09","0.09","0.00","","","0","0.00"
"09/03/2026","ACCESS","46.64","16.20","42.40","42.40","46.64","46.64","4.24","42.40","","22,562","1,052,291.68"
"09/03/2026","ADB","5.06","5.06","5.06","5.06","5.06","5.06","0.00","","","2","10.12"
"09/03/2026","AGA","37.00","37.00","37.00","37.00","37.00","37.00","0.00","40.70","","0","0.00"
"09/03/2026","**ALW**","0.10","0.10","0.10","0.10","0.10","0.10","0.00","","","0","0.00"
"09/03/2026","ASG","8.89","8.89","8.89","8.89","8.89","8.89","0.00","8.89","","1","8.89"
"09/03/2026","ALLGH","6.52","6.12","6.52","6.52","6.52","6.52","0.00","6.52","","2","13.04"
"09/03/2026","BOPP","79.00","55.82","74.01","74.01","79.00","79.00","4.99","74.01","","549","43,371.00"
"09/03/2026","CAL","0.94","0.61","0.89","0.89","0.88","0.88","-0.01","0.88","0.96","303,752","266,611.91"
"09/03/2026","CLYD","0.74","0.46","0.74","0.74","0.74","0.74","0.00","0.74","","0","0.00"
"09/03/2026","CMLT","0.14","0.14","0.14","0.14","0.14","0.14","0.00","0.15","","0","0.00"
"09/03/2026","CPC","0.08","0.05","0.08","0.08","0.08","0.08","0.00","0.07","","0","0.00"
"09/03/2026","DASPHARMA","0.38","0.38","0.38","0.38","0.38","0.38","0.00","0.41","","0","0.00"
"09/03/2026","EGH","57.00","25.00","57.00","57.00","57.00","57.00","0.00","57.00","","10,666","607,962.00"
"09/03/2026","EGL","9.92","3.48","9.80","9.80","9.92","9.92","0.12","9.00","","302,939","3,005,145.07"
"09/03/2026","ETI","1.74","0.76","1.66","1.66","1.74","1.74","0.08","1.55","","75,683","131,242.63"
"09/03/2026","FML","16.35","8.00","16.35","16.35","16.35","16.35","0.00","15.89","","58,687","959,496.02"
"09/03/2026","FAB","7.84","7.71","7.84","7.84","7.84","7.84","0.00","","","0","0.00"
"09/03/2026","GCB","52.00","20.11","48.14","48.14","52.00","52.00","3.86","49.80","","48,325","2,512,147.93"
"09/03/2026","GGBL","16.50","6.60","16.10","16.10","16.50","16.50","0.40","15.00","16.10","8,360","137,940.00"
"09/03/2026","GOIL","6.39","2.96","5.81","5.81","6.39","6.39","0.58","5.77","","17,118","108,924.82"
"09/03/2026","MAC","5.20","5.20","5.20","5.20","5.20","5.20","0.00","5.20","","0","0.00"
"09/03/2026","MTNGH","5.94","4.20","5.92","5.92","5.94","5.94","0.02","5.80","6.10","419,562","2,493,247.29"
"09/03/2026","PBC**","0.02","0.02","0.02","0.02","0.02","0.02","0.00","","","0","0.00"
"09/03/2026","RBGH","2.97","1.30","2.90","2.90","2.97","2.97","0.07","2.90","","5,286","15,695.99"
"09/03/2026","SCB","62.86","29.22","57.15","57.15","62.86","62.86","5.71","57.15","","500","31,430.00"
"09/03/2026","SIC","5.44","1.20","4.95","4.95","5.44","5.44","0.49","4.90","","968,779","5,268,823.96"
"09/03/2026","SOGEGH","11.51","4.49","11.40","11.40","11.39","11.39","-0.01","","11.40","26,743","304,688.62"
"09/03/2026","TBL","1.20","1.20","1.20","1.20","1.20","1.20","0.00","1.32","","0","0.00"
"09/03/2026","TOTAL","40.30","40.15","40.15","40.15","40.15","40.15","0.00","","40.15","9,018","362,072.70"
"09/03/2026","TLW","11.92","11.92","11.92","11.92","11.92","11.92","0.00","","","7","83.44"
"09/03/2026","UNIL","28.46","19.79","28.45","28.45","28.46","28.46","0.01","27.90","","12,472","354,953.10"
"09/03/2026","AADS","0.42","0.42","0.42","0.42","0.42","0.42","0.00","0.46","","0","0.00"
"09/03/2026","SCBPREF","0.90","0.90","0.90","0.90","0.90","0.90","0.00","0.90","","0","0.00"
"09/03/2026","GLD","533.93","466.72","546.00","546.00","546.00","546.00","0.00","546.00","","0","0.00"
"09/03/2026","SAMBA","0.55","0.55","0.55","0.55","0.55","0.55","0.00","","","0","0.00"
"09/03/2026","MMH","0.10","0.10","0.10","0.10","0.10","0.10","0.00","","","0","0.00"
"09/03/2026","HORDS","0.10","0.10","0.10","0.10","0.10","0.10","0.00","","0.10","0","0.00"
"09/03/2026","IIL","0.05","0.05","0.05","0.05","0.05","0.05","0.00","","","0","0.00"
"09/03/2026","DIGICUT","0.09","0.09","0.09","0.09","0.09","0.09","0.00","","","0","0.00"
"05/03/2026","ACCESS","42.40","16.20","42.40","42.40","42.40","42.40","0.00","42.40","","132","5,596.80"
"05/03/2026","ADB","5.06","5.06","5.06","5.06","5.06","5.06","0.00","","","0","0.00"
"05/03/2026","AGA","37.00","37.00","37.00","37.00","37.00","37.00","0.00","40.70","","0","0.00"
"05/03/2026","**ALW**","0.10","0.10","0.10","0.10","0.10","0.10","0.00","","","0","0.00"
"05/03/2026","ASG","8.89","8.89","8.89","8.89","8.89","8.89","0.00","8.89","","0","0.00"
"05/03/2026","ALLGH","6.52","6.12","6.52","6.52","6.52","6.52","0.00","6.52","6.45","0","0.00"
"05/03/2026","BOPP","74.01","55.82","74.01","74.01","74.01","74.01","0.00","74.01","","987","73,047.87"
"05/03/2026","CAL","0.94","0.61","0.88","0.88","0.88","0.89","0.01","0.88","0.96","354,543","313,617.79"
"05/03/2026","CLYD","0.74","0.46","0.74","0.74","0.74","0.74","0.00","0.74","","0","0.00"
"05/03/2026","CMLT","0.14","0.14","0.14","0.14","0.14","0.14","0.00","0.15","","0","0.00"
"05/03/2026","CPC","0.08","0.05","0.07","0.07","0.08","0.08","0.01","0.07","","14,920","1,193.60"
"05/03/2026","DASPHARMA","0.38","0.38","0.38","0.38","0.38","0.38","0.00","0.41","","0","0.00"
"05/03/2026","EGH","57.00","25.00","57.00","57.00","57.00","57.00","0.00","57.00","","90,304","5,147,334.51"
"05/03/2026","EGL","9.80","3.48","9.00","9.00","9.80","9.80","0.80","9.00","","100,661","986,477.80"
"05/03/2026","ETI","1.66","0.76","1.55","1.55","1.70","1.66","0.11","1.55","","618,303","1,025,592.56"
"05/03/2026","FML","16.35","8.00","15.89","15.89","16.37","16.35","0.46","15.89","","16,956","276,942.84"
"05/03/2026","FAB","7.84","7.71","7.84","7.84","7.84","7.84","0.00","","","0","0.00"
"05/03/2026","GCB","49.80","20.11","49.80","49.80","48.14","48.14","-1.66","49.80","","535,420","25,812,364.19"
"05/03/2026","GGBL","16.10","6.60","15.00","15.00","16.10","16.10","1.10","15.00","16.11","110,535","1,778,480.50"
"05/03/2026","GOIL","5.81","2.96","5.77","5.77","5.82","5.81","0.04","5.77","","15,092","87,643.24"
"05/03/2026","MAC","5.20","5.20","5.20","5.20","5.20","5.20","0.00","5.20","","0","0.00"
"05/03/2026","MTNGH","5.92","4.20","5.80","5.80","6.00","5.92","0.12","5.80","6.10","13,413,290","79,457,215.58"
"05/03/2026","PBC**","0.02","0.02","0.02","0.02","0.02","0.02","0.00","","","0","0.00"
"05/03/2026","RBGH","2.90","1.30","2.73","2.73","2.99","2.90","0.17","2.90","","107,149","310,360.51"
"05/03/2026","SCB","57.15","29.22","51.96","51.96","57.15","57.15","5.19","57.15","","844","48,234.60"
"05/03/2026","SIC","4.95","1.20","4.90","4.90","5.00","4.95","0.05","4.90","","94,260","465,564.90"
"05/03/2026","SOGEGH","11.51","4.49","11.40","11.40","11.40","11.40","0.00","","11.40","42,587","485,661.80"
"05/03/2026","TBL","1.20","1.20","1.20","1.20","1.20","1.20","0.00","1.32","","0","0.00"
"05/03/2026","TOTAL","40.30","40.15","40.15","40.15","40.15","40.15","0.00","","40.15","20,890","838,733.50"
"05/03/2026","TLW","11.92","11.92","11.92","11.92","11.92","11.92","0.00","11.92","","0","0.00"
"05/03/2026","UNIL","28.45","19.79","27.90","27.90","28.45","28.45","0.55","27.90","","58,940","1,676,818.25"
"05/03/2026","AADS","0.42","0.42","0.42","0.42","0.42","0.42","0.00","0.46","","0","0.00"
"05/03/2026","SCBPREF","0.90","0.90","0.90","0.90","0.90","0.90","0.00","0.90","","0","0.00"
"05/03/2026","GLD","533.93","466.72","533.93","533.93","546.00","546.00","12.07","546.00","","10,267","5,605,782.00"
"05/03/2026","SAMBA","0.55","0.55","0.55","0.55","0.55","0.55","0.00","","","0","0.00"
"05/03/2026","MMH","0.10","0.10","0.10","0.10","0.10","0.10","0.00","","","0","0.00"
"05/03/2026","HORDS","0.10","0.10","0.10","0.10","0.10","0.10","0.00","","0.10","0","0.00"
"05/03/2026","IIL","0.05","0.05","0.05","0.05","0.05","0.05","0.00","","","0","0.00"
"05/03/2026","DIGICUT","0.09","0.09","0.09","0.09","0.09","0.09","0.00","","","0","0.00"
"04/03/2026","ACCESS","42.40","16.20","42.40","42.40","42.40","42.40","0.00","42.40","","269","11,405.60"
"04/03/2026","ADB","5.06","5.06","5.06","5.06","5.06","5.06","0.00","5.06","","0","0.00"
"04/03/2026","AGA","37.00","37.00","37.00","37.00","37.00","37.00","0.00","40.70","","0","0.00"
"04/03/2026","**ALW**","0.10","0.10","0.10","0.10","0.10","0.10","0.00","","","0","0.00"
"04/03/2026","ASG","8.89","8.89","8.89","8.89","8.89","8.89","0.00","8.89","","0","0.00"
"04/03/2026","ALLGH","6.52","6.12","6.40","6.40","6.52","6.52","0.12","6.40","6.45","6,026","39,187.80"
"04/03/2026","BOPP","74.01","55.82","74.00","74.00","74.01","74.01","0.01","76.00","","7,116","526,655.16"
"04/03/2026","CAL","0.94","0.61","0.88","0.88","0.88","0.88","0.00","","0.88","233,618","205,627.38"
"04/03/2026","CLYD","0.74","0.46","0.74","0.74","0.74","0.74","0.00","0.74","","0","0.00"
"04/03/2026","CMLT","0.14","0.14","0.14","0.14","0.14","0.14","0.00","0.15","","0","0.00"
"04/03/2026","CPC","0.07","0.05","0.07","0.07","0.07","0.07","0.00","0.08","","0","0.00"
"04/03/2026","DASPHARMA","0.38","0.38","0.38","0.38","0.38","0.38","0.00","0.41","","0","0.00"
"04/03/2026","EGH","57.00","25.00","57.00","57.00","57.00","57.00","0.00","53.00","57.00","24,534","1,398,454.46"
"04/03/2026","EGL","9.00","3.48","8.20","8.20","9.00","9.00","0.80","8.20","","113,629","1,022,661.00"
"04/03/2026","ETI","1.55","0.76","1.42","1.42","1.55","1.55","0.13","1.45","","279,356","433,541.55"
"04/03/2026","FML","15.89","8.00","15.89","15.89","15.89","15.89","0.00","15.40","15.89","5,770","91,685.30"
"04/03/2026","FAB","7.84","7.71","7.84","7.84","7.84","7.84","0.00","","","0","0.00"
"04/03/2026","GCB","49.80","20.11","45.28","45.28","49.80","49.80","4.52","46.21","","441,752","21,999,249.60"
"04/03/2026","GGBL","15.00","6.60","15.00","15.00","15.00","15.00","0.00","15.00","16.11","1,303","20,282.40"
"04/03/2026","GOIL","5.77","2.96","5.25","5.25","5.77","5.77","0.52","5.25","","1,084","6,254.68"
"04/03/2026","MAC","5.20","5.20","5.20","5.20","5.20","5.20","0.00","5.20","","0","0.00"
"04/03/2026","MTNGH","5.80","4.20","5.78","5.78","5.80","5.80","0.02","5.80","6.30","1,968,543","11,416,143.01"
"04/03/2026","PBC**","0.02","0.02","0.02","0.02","0.02","0.02","0.00","","","0","0.00"
"04/03/2026","RBGH","2.73","1.30","2.62","2.62","2.73","2.73","0.11","2.62","","12,000","32,710.00"
"04/03/2026","SCB","51.96","29.22","47.24","47.24","51.96","51.96","4.72","47.24","","518","26,915.28"
"04/03/2026","SIC","4.90","1.20","4.61","4.61","4.90","4.90","0.29","4.70","","153,076","750,553.62"
"04/03/2026","SOGEGH","11.51","4.49","11.51","11.51","11.40","11.40","-0.11","11.09","11.45","132,141","1,506,407.40"
"04/03/2026","TBL","1.20","1.20","1.20","1.20","1.20","1.20","0.00","1.32","","0","0.00"
"04/03/2026","TOTAL","40.30","40.15","40.15","40.15","40.15","40.15","0.00","","40.15","7,360","295,504.00"
"04/03/2026","TLW","11.92","11.92","11.92","11.92","11.92","11.92","0.00","11.92","","0","0.00"
"04/03/2026","UNIL","27.90","19.79","27.90","27.90","27.90","27.90","0.00","26.96","27.90","67","1,869.58"
"04/03/2026","AADS","0.42","0.42","0.42","0.42","0.42","0.42","0.00","0.46","","0","0.00"
"04/03/2026","SCBPREF","0.90","0.90","0.90","0.90","0.90","0.90","0.00","0.90","","0","0.00"
"04/03/2026","GLD","533.93","466.72","533.93","533.93","533.93","533.93","0.00","533.93","","25","13,348.25"
"04/03/2026","SAMBA","0.55","0.55","0.55","0.55","0.55","0.55","0.00","","","0","0.00"
"04/03/2026","MMH","0.10","0.10","0.10","0.10","0.10","0.10","0.00","","","0","0.00"
"04/03/2026","HORDS","0.10","0.10","0.10","0.10","0.10","0.10","0.00","","0.10","195,121","19,512.10"
"04/03/2026","IIL","0.05","0.05","0.05","0.05","0.05","0.05","0.00","","","0","0.00"
"04/03/2026","DIGICUT","0.09","0.09","0.09","0.09","0.09","0.09","0.00","","","0","0.00"
"03/03/2026","ACCESS","42.40","16.20","42.40","42.40","42.40","42.40","0.00","42.40","","470","21,190.80"
"03/03/2026","ADB","5.06","5.06","5.06","5.06","5.06","5.06","0.00","5.06","","30","151.80"
"03/03/2026","AGA","37.00","37.00","37.00","37.00","40.70","37.00","0.00","40.70","","76","3,093.20"
"03/03/2026","**ALW**","0.10","0.10","0.10","0.10","0.10","0.10","0.00","","","0","0.00"
"03/03/2026","ASG","8.89","8.89","8.89","8.89","8.89","8.89","0.00","8.89","","0","0.00"
"03/03/2026","ALLGH","6.40","6.12","6.40","6.40","6.40","6.40","0.00","6.40","6.45","70","448.00"
"03/03/2026","BOPP","74.00","55.82","74.00","74.00","74.00","74.00","0.00","76.00","","0","0.00"
"03/03/2026","CAL","0.94","0.61","0.88","0.88","0.88","0.88","0.00","","0.88","286,243","251,893.84"
"03/03/2026","CLYD","0.74","0.46","0.74","0.74","0.74","0.74","0.00","0.74","","800","592.00"
"03/03/2026","CMLT","0.14","0.14","0.14","0.14","0.14","0.14","0.00","0.15","","0","0.00"
"03/03/2026","CPC","0.07","0.05","0.07","0.07","0.08","0.07","0.00","0.08","","1","0.08"
"03/03/2026","DASPHARMA","0.38","0.38","0.38","0.38","0.38","0.38","0.00","0.41","","0","0.00"
"03/03/2026","EGH","57.00","25.00","53.00","53.00","57.00","57.00","4.00","53.00","57.00","101,107","5,763,099.00"
"03/03/2026","EGL","8.20","3.48","7.48","7.48","8.20","8.20","0.72","8.20","","102,334","839,138.80"
"03/03/2026","ETI","1.42","0.76","1.32","1.32","1.42","1.42","0.10","1.45","","190,502","270,152.36"
"03/03/2026","FML","15.89","8.00","15.35","15.35","15.89","15.89","0.54","15.40","15.89","10,007","159,011.23"
"03/03/2026","FAB","7.84","7.71","7.84","7.84","7.84","7.84","0.00","","","0","0.00"
"03/03/2026","GCB","45.28","20.11","42.01","42.01","46.21","45.28","3.27","46.21","","111,000","5,026,060.00"
"03/03/2026","GGBL","15.00","6.60","14.65","14.65","16.11","15.00","0.35","15.00","16.11","48,216","723,575.22"
"03/03/2026","GOIL","5.25","2.96","4.78","4.78","5.25","5.25","0.47","5.25","","1,373","7,208.25"
"03/03/2026","MAC","5.20","5.20","5.20","5.20","5.20","5.20","0.00","5.20","","0","0.00"
"03/03/2026","MTNGH","5.78","4.20","5.76","5.76","5.77","5.78","0.02","5.80","6.30","3,085,929","17,827,488.28"
"03/03/2026","PBC**","0.02","0.02","0.02","0.02","0.02","0.02","0.00","","","0","0.00"
"03/03/2026","RBGH","2.62","1.30","2.39","2.39","2.62","2.62","0.23","2.62","","1,943","5,090.66"
"03/03/2026","SCB","47.24","29.22","42.95","42.95","47.24","47.24","4.29","47.24","","515","24,328.60"
"03/03/2026","SIC","4.61","1.20","4.28","4.28","4.31","4.61","0.33","4.70","","133,994","616,892.31"
"03/03/2026","SOGEGH","11.51","4.49","11.09","11.09","11.40","11.51","0.42","11.09","11.45","634,549","7,304,623.46"
"03/03/2026","TBL","1.20","1.20","1.20","1.20","1.20","1.20","0.00","1.32","","0","0.00"
"03/03/2026","TOTAL","40.30","40.15","40.15","40.15","40.15","40.15","0.00","","40.15","3,614","145,102.10"
"03/03/2026","TLW","11.92","11.92","11.92","11.92","11.92","11.92","0.00","11.92","","0","0.00"
"03/03/2026","UNIL","27.90","19.79","26.96","26.96","27.90","27.90","0.94","26.96","27.90","10,267","286,431.44"
"03/03/2026","AADS","0.42","0.42","0.42","0.42","0.42","0.42","0.00","0.46","","0","0.00"
"03/03/2026","SCBPREF","0.90","0.90","0.90","0.90","0.90","0.90","0.00","0.90","","0","0.00"
"03/03/2026","GLD","533.93","466.72","533.93","533.93","533.93","533.93","0.00","533.93","","15","8,008.95"
"03/03/2026","SAMBA","0.55","0.55","0.55","0.55","0.55","0.55","0.00","","","0","0.00"
"03/03/2026","MMH","0.10","0.10","0.10","0.10","0.10","0.10","0.00","","","0","0.00"
"03/03/2026","HORDS","0.10","0.10","0.10","0.10","0.10","0.10","0.00","","0.10","195,121","19,512.10"
"03/03/2026","IIL","0.05","0.05","0.05","0.05","0.05","0.05","0.00","","","0","0.00"
"03/03/2026","DIGICUT","0.09","0.09","0.09","0.09","0.09","0.09","0.00","","","0","0.00"
"02/03/2026","ACCESS","42.40","16.20","38.55","38.55","42.40","42.40","3.85","42.40","","3,172","134,492.80"
"02/03/2026","ADB","5.06","5.06","5.06","5.06","5.06","5.06","0.00","5.55","","0","0.00"
"02/03/2026","AGA","37.00","37.00","37.00","37.00","37.00","37.00","0.00","40.70","","0","0.00"
"02/03/2026","**ALW**","0.10","0.10","0.10","0.10","0.10","0.10","0.00","","","0","0.00"
"02/03/2026","ASG","8.89","8.89","8.89","8.89","8.89","8.89","0.00","8.89","","0","0.00"
"02/03/2026","ALLGH","6.40","6.12","6.40","6.40","6.40","6.40","0.00","6.40","6.60","746","4,774.40"
"02/03/2026","BOPP","74.00","55.82","72.60","72.60","74.00","74.00","1.40","74.00","","3,000","222,000.00"
"02/03/2026","CAL","0.94","0.61","0.88","0.88","0.88","0.88","0.00","0.87","0.88","926,961","814,714.11"
"02/03/2026","CLYD","0.74","0.46","0.74","0.74","0.74","0.74","0.00","0.81","","0","0.00"
"02/03/2026","CMLT","0.14","0.14","0.14","0.14","0.14","0.14","0.00","0.15","","0","0.00"
"02/03/2026","CPC","0.07","0.05","0.07","0.07","0.07","0.07","0.00","0.08","","0","0.00"
"02/03/2026","DASPHARMA","0.38","0.38","0.38","0.38","0.38","0.38","0.00","0.41","","0","0.00"
"02/03/2026","EGH","53.00","25.00","53.00","53.00","53.00","53.00","0.00","53.00","58.30","19,651","1,041,503.00"
"02/03/2026","EGL","7.48","3.48","7.48","7.48","7.51","7.48","0.00","7.51","","462","3,469.62"
"02/03/2026","ETI","1.32","0.76","1.20","1.20","1.32","1.32","0.12","1.32","","1,662","2,193.84"
"02/03/2026","FML","15.35","8.00","15.35","15.35","15.35","15.35","0.00","15.35","","839,481","12,886,033.35"
"02/03/2026","FAB","7.84","7.71","7.84","7.84","7.84","7.84","0.00","","","0","0.00"
"02/03/2026","GCB","42.01","20.11","38.25","38.25","42.07","42.01","3.76","42.07","","76,193","3,201,068.22"
"02/03/2026","GGBL","14.65","6.60","13.75","13.75","14.25","14.65","0.90","13.75","14.25","21,256","315,586.08"
"02/03/2026","GOIL","4.78","2.96","4.35","4.35","4.78","4.78","0.43","4.78","","7,662","36,624.36"
"02/03/2026","MAC","5.20","5.20","5.20","5.20","5.20","5.20","0.00","5.20","","0","0.00"
"02/03/2026","MTNGH","5.76","4.20","5.56","5.56","5.75","5.76","0.20","5.80","6.11","2,653,430","15,277,208.23"
"02/03/2026","PBC**","0.02","0.02","0.02","0.02","0.02","0.02","0.00","","","0","0.00"
"02/03/2026","RBGH","2.39","1.30","2.39","2.39","2.62","2.39","0.00","2.62","","10","26.20"
"02/03/2026","SCB","42.95","29.22","39.05","39.05","42.95","42.95","3.90","42.95","","1,000","42,950.00"
"02/03/2026","SIC","4.28","1.20","3.90","3.90","4.28","4.28","0.38","4.28","","41,678","178,196.56"
"02/03/2026","SOGEGH","11.09","4.49","10.40","10.40","11.44","11.09","0.69","11.40","","315,700","3,500,000.00"
"02/03/2026","TBL","1.20","1.20","1.20","1.20","1.20","1.20","0.00","1.32","","0","0.00"
"02/03/2026","TOTAL","40.30","40.15","40.15","40.15","40.15","40.15","0.00","","40.15","2,268","91,060.20"
"02/03/2026","TLW","11.92","11.92","11.92","11.92","11.92","11.92","0.00","11.92","","9","107.28"
"02/03/2026","UNIL","26.96","19.79","26.96","26.96","26.96","26.96","0.00","26.96","","5","134.80"
"02/03/2026","AADS","0.42","0.42","0.42","0.42","0.42","0.42","0.00","0.46","","0","0.00"
"02/03/2026","SCBPREF","0.90","0.90","0.90","0.90","0.90","0.90","0.00","0.90","","0","0.00"
"02/03/2026","GLD","533.93","466.72","533.93","533.93","533.93","533.93","0.00","533.93","","2","1,067.86"
"02/03/2026","SAMBA","0.55","0.55","0.55","0.55","0.55","0.55","0.00","","","0","0.00"
"02/03/2026","MMH","0.10","0.10","0.10","0.10","0.10","0.10","0.00","","","0","0.00"
"02/03/2026","HORDS","0.10","0.10","0.10","0.10","0.10","0.10","0.00","","0.10","0","0.00"
"02/03/2026","IIL","0.05","0.05","0.05","0.05","0.05","0.05","0.00","","","0","0.00"
"02/03/2026","DIGICUT","0.09","0.09","0.09","0.09","0.09","0.09","0.00","","0.09","0","0.00"
"27/02/2026","ACCESS","38.55","16.20","35.05","35.05","38.55","38.55","3.50","35.05","","7,017","270,505.35"
"27/02/2026","ADB","5.06","5.06","5.06","5.06","5.06","5.06","0.00","5.06","","13","65.78"
"27/02/2026","AGA","37.00","37.00","37.00","37.00","37.00","37.00","0.00","40.70","","0","0.00"
"27/02/2026","**ALW**","0.10","0.10","0.10","0.10","0.10","0.10","0.00","","","0","0.00"
"27/02/2026","ASG","8.89","8.89","8.89","8.89","8.89","8.89","0.00","8.89","","0","0.00"
"27/02/2026","ALLGH","6.40","6.12","6.25","6.25","6.40","6.40","0.15","6.25","","1,710","10,937.40"
"27/02/2026","BOPP","72.60","55.82","72.60","72.60","79.86","72.60","0.00","72.61","","500","39,930.00"
"27/02/2026","CAL","0.94","0.61","0.90","0.90","0.87","0.88","-0.02","","0.90","142,547","125,653.30"
"27/02/2026","CLYD","0.74","0.46","0.68","0.68","0.74","0.74","0.06","0.74","","15,595","11,540.30"
"27/02/2026","CMLT","0.14","0.14","0.14","0.14","0.14","0.14","0.00","0.15","","0","0.00"
"27/02/2026","CPC","0.07","0.05","0.06","0.06","0.07","0.07","0.01","0.07","","13,600","952.00"
"27/02/2026","DASPHARMA","0.38","0.38","0.38","0.38","0.41","0.38","0.00","0.41","","400","164.00"
"27/02/2026","EGH","53.00","25.00","52.10","52.10","53.00","53.00","0.90","52.11","","7,554","400,362.00"
"27/02/2026","EGL","7.48","3.48","6.80","6.80","7.48","7.48","0.68","6.93","","205,176","1,534,716.48"
"27/02/2026","ETI","1.20","0.76","1.11","1.11","1.22","1.20","0.09","1.11","","358,481","429,037.30"
"27/02/2026","FML","15.35","8.00","13.96","13.96","15.35","15.35","1.39","13.98","","843","12,926.15"
"27/02/2026","FAB","7.84","7.71","7.84","7.84","7.84","7.84","0.00","","","0","0.00"
"27/02/2026","GCB","38.25","20.11","35.43","35.43","38.97","38.25","2.82","35.54","","31,460","1,204,796.20"
"27/02/2026","GGBL","13.75","6.60","13.29","13.29","13.70","13.75","0.46","13.29","13.30","38,568","530,062.28"
"27/02/2026","GOIL","4.35","2.96","4.35","4.35","4.78","4.35","0.00","4.78","","1,240","5,927.20"
"27/02/2026","MAC","5.20","5.20","5.20","5.20","5.20","5.20","0.00","","","0","0.00"
"27/02/2026","MTNGH","5.64","4.20","5.56","5.56","5.56","5.56","0.00","5.56","5.60","22,868,764","127,161,543.28"
"27/02/2026","PBC**","0.02","0.02","0.02","0.02","0.02","0.02","0.00","","","0","0.00"
"27/02/2026","RBGH","2.39","1.30","2.39","2.39","2.62","2.39","0.00","2.39","","1,030","2,698.60"
"27/02/2026","SCB","39.05","29.22","35.50","35.50","39.05","39.05","3.55","36.00","","2,638","103,013.90"
"27/02/2026","SIC","3.90","1.20","3.55","3.55","3.90","3.90","0.35","3.55","","92,834","362,052.60"
"27/02/2026","SOGEGH","10.40","4.49","9.46","9.46","10.40","10.40","0.94","9.46","","319,284","3,320,553.60"
"27/02/2026","TBL","1.20","1.20","1.20","1.20","1.20","1.20","0.00","1.32","","0","0.00"
"27/02/2026","TOTAL","40.30","40.15","40.15","40.15","40.15","40.15","0.00","","40.15","3,992","160,278.80"
"27/02/2026","TLW","11.92","11.92","11.92","11.92","11.92","11.92","0.00","11.92","","100","1,192.00"
"27/02/2026","UNIL","26.96","19.79","26.96","26.96","26.96","26.96","0.00","27.85","","51","1,374.96"
"27/02/2026","AADS","0.42","0.42","0.42","0.42","0.42","0.42","0.00","0.46","","0","0.00"
"27/02/2026","SCBPREF","0.90","0.90","0.90","0.90","0.90","0.90","0.00","0.90","","0","0.00"
"27/02/2026","GLD","533.93","466.72","533.93","533.93","533.93","533.93","0.00","533.93","","25","13,348.25"
"27/02/2026","SAMBA","0.55","0.55","0.55","0.55","0.55","0.55","0.00","","","0","0.00"
"27/02/2026","MMH","0.10","0.10","0.10","0.10","0.10","0.10","0.00","","","0","0.00"
"27/02/2026","HORDS","0.10","0.10","0.10","0.10","0.10","0.10","0.00","","0.10","0","0.00"
"27/02/2026","IIL","0.05","0.05","0.05","0.05","0.05","0.05","0.00","","","0","0.00"
"27/02/2026","DIGICUT","0.09","0.09","0.09","0.09","0.09","0.09","0.00","","0.09","0","0.00"
"26/02/2026","ACCESS","35.05","16.20","31.90","31.90","35.05","35.05","3.15","35.05","","2,001","70,135.05"
"26/02/2026","ADB","5.06","5.06","5.06","5.06","5.06","5.06","0.00","5.06","","1","5.06"
"26/02/2026","AGA","37.00","37.00","37.00","37.00","37.00","37.00","0.00","40.70","","0","0.00"
"26/02/2026","**ALW**","0.10","0.10","0.10","0.10","0.10","0.10","0.00","","","0","0.00"
"26/02/2026","ASG","8.89","8.89","8.89","8.89","8.89","8.89","0.00","8.89","","3","26.67"
"26/02/2026","ALLGH","6.25","6.12","6.12","6.12","6.25","6.25","0.13","6.25","","1,824","11,325.38"
"26/02/2026","BOPP","72.60","55.82","66.01","66.01","72.60","72.60","6.59","72.61","","503","36,517.80"
"26/02/2026","CAL","0.94","0.61","0.91","0.91","0.90","0.90","-0.01","","0.90","424,435","381,891.50"
"26/02/2026","CLYD","0.68","0.46","0.68","0.68","0.68","0.68","0.00","0.74","","0","0.00"
"26/02/2026","CMLT","0.14","0.14","0.14","0.14","0.14","0.14","0.00","0.15","","0","0.00"
"26/02/2026","CPC","0.06","0.05","0.06","0.06","0.07","0.06","0.00","0.07","","1,000","70.00"
"26/02/2026","DASPHARMA","0.38","0.38","0.38","0.38","0.38","0.38","0.00","0.41","","0","0.00"
"26/02/2026","EGH","52.10","25.00","51.04","51.04","52.11","52.10","1.06","52.11","","22,464","1,170,385.05"
"26/02/2026","EGL","6.80","3.48","6.30","6.30","6.93","6.80","0.50","6.93","","77,248","525,411.70"
"26/02/2026","ETI","1.11","0.76","1.01","1.01","1.11","1.11","0.10","1.11","","69,460","76,941.40"
"26/02/2026","FML","13.96","8.00","13.10","13.10","13.98","13.96","0.86","13.98","","25,135","350,472.10"
"26/02/2026","FAB","7.84","7.71","7.84","7.84","7.84","7.84","0.00","","","0","0.00"
"26/02/2026","GCB","35.43","20.11","32.31","32.31","35.51","35.43","3.12","35.54","","22,861","808,273.27"
"26/02/2026","GGBL","13.29","6.60","13.29","13.29","13.30","13.29","0.00","13.29","13.30","33,142","440,493.18"
"26/02/2026","GOIL","4.35","2.96","4.35","4.35","4.35","4.35","0.00","4.78","","0","0.00"
"26/02/2026","MAC","5.20","5.20","5.20","5.20","5.20","5.20","0.00","","","0","0.00"
"26/02/2026","MTNGH","5.64","4.20","5.58","5.58","5.56","5.56","-0.02","5.56","5.60","2,960,677","16,472,990.13"
"26/02/2026","PBC**","0.02","0.02","0.02","0.02","0.02","0.02","0.00","","","0","0.00"
"26/02/2026","RBGH","2.39","1.30","2.18","2.18","2.39","2.39","0.21","2.39","","1,000","2,390.00"
"26/02/2026","SCB","35.50","29.22","35.50","35.50","35.50","35.50","0.00","36.00","","0","0.00"
"26/02/2026","SIC","3.55","1.20","3.23","3.23","3.55","3.55","0.32","3.55","","53,227","188,955.85"
"26/02/2026","SOGEGH","9.46","4.49","8.60","8.60","9.46","9.46","0.86","9.46","","216,533","2,048,402.18"
"26/02/2026","TBL","1.20","1.20","1.20","1.20","1.20","1.20","0.00","1.32","","0","0.00"
"26/02/2026","TOTAL","40.30","40.15","40.15","40.15","40.15","40.15","0.00","","40.15","2,408","96,666.20"
"26/02/2026","TLW","11.92","11.92","11.92","11.92","11.92","11.92","0.00","11.92","","0","0.00"
"26/02/2026","UNIL","26.96","19.79","25.98","25.98","27.85","26.96","0.98","27.85","","15,687","422,663.52"
"26/02/2026","AADS","0.42","0.42","0.42","0.42","0.42","0.42","0.00","0.46","","0","0.00"
"26/02/2026","SCBPREF","0.90","0.90","0.90","0.90","0.90","0.90","0.00","0.90","","0","0.00"
"26/02/2026","GLD","533.93","466.72","533.93","533.93","533.93","533.93","0.00","533.93","","1,776","948,259.68"
"26/02/2026","SAMBA","0.55","0.55","0.55","0.55","0.55","0.55","0.00","","","0","0.00"
"26/02/2026","MMH","0.10","0.10","0.10","0.10","0.10","0.10","0.00","","","0","0.00"
"26/02/2026","HORDS","0.10","0.10","0.10","0.10","0.10","0.10","0.00","","0.10","0","0.00"
"26/02/2026","IIL","0.05","0.05","0.05","0.05","0.05","0.05","0.00","","","0","0.00"
"26/02/2026","DIGICUT","0.09","0.09","0.09","0.09","0.09","0.09","0.00","","0.09","0","0.00"
"25/02/2026","ACCESS","31.90","16.20","29.01","29.01","31.90","31.90","2.89","31.90","","12,073","384,753.00"
"25/02/2026","ADB","5.06","5.06","5.06","5.06","5.06","5.06","0.00","5.06","","0","0.00"
"25/02/2026","AGA","37.00","37.00","37.00","37.00","37.00","37.00","0.00","40.70","","0","0.00"
"25/02/2026","**ALW**","0.10","0.10","0.10","0.10","0.10","0.10","0.00","","","0","0.00"
"25/02/2026","ASG","8.89","8.89","8.89","8.89","8.89","8.89","0.00","8.89","","0","0.00"
"25/02/2026","ALLGH","6.12","6.12","6.12","6.12","6.12","6.12","0.00","6.12","","564","3,451.68"
"25/02/2026","BOPP","66.01","55.82","66.01","66.01","66.01","66.01","0.00","66.06","","0","0.00"
"25/02/2026","CAL","0.94","0.61","0.92","0.92","0.91","0.91","-0.01","0.90","0.91","563,550","512,367.47"
"25/02/2026","CLYD","0.68","0.46","0.68","0.68","0.68","0.68","0.00","0.68","","0","0.00"
"25/02/2026","CMLT","0.14","0.14","0.14","0.14","0.14","0.14","0.00","0.15","","0","0.00"
"25/02/2026","CPC","0.06","0.05","0.06","0.06","0.06","0.06","0.00","0.07","","0","0.00"
"25/02/2026","DASPHARMA","0.38","0.38","0.38","0.38","0.38","0.38","0.00","0.41","","0","0.00"
"25/02/2026","EGH","51.04","25.00","51.03","51.03","51.04","51.04","0.01","51.03","53.00","28,505","1,454,785.15"
"25/02/2026","EGL","6.30","3.48","5.80","5.80","6.30","6.30","0.50","6.30","","75,011","472,563.91"
"25/02/2026","ETI","1.01","0.76","1.01","1.01","1.01","1.01","0.00","1.01","","29,693","29,999.93"
"25/02/2026","FML","13.10","8.00","13.10","13.10","13.10","13.10","0.00","13.10","","410,050","5,371,943.72"
"25/02/2026","FAB","7.84","7.71","7.84","7.84","7.84","7.84","0.00","","","0","0.00"
"25/02/2026","GCB","32.31","20.11","32.31","32.31","32.31","32.31","0.00","32.35","32.40","1,907","61,629.41"
"25/02/2026","GGBL","13.29","6.60","12.37","12.37","13.29","13.29","0.92","12.37","13.29","143,532","1,907,560.53"
"25/02/2026","GOIL","4.35","2.96","4.35","4.35","4.35","4.35","0.00","4.78","","177","846.06"
"25/02/2026","MAC","5.20","5.20","5.20","5.20","5.20","5.20","0.00","","","0","0.00"
"25/02/2026","MTNGH","5.64","4.20","5.64","5.64","5.60","5.58","-0.06","5.60","5.62","3,225,976","18,004,581.70"
"25/02/2026","PBC**","0.02","0.02","0.02","0.02","0.02","0.02","0.00","","","0","0.00"
"25/02/2026","RBGH","2.18","1.30","1.99","1.99","2.18","2.18","0.19","2.18","","1,105","2,391.05"
"25/02/2026","SCB","35.50","29.22","32.30","32.30","35.53","35.50","3.20","35.53","","1,010","35,855.30"
"25/02/2026","SIC","3.23","1.20","2.98","2.98","3.27","3.23","0.25","3.27","","7,775","24,945.00"
"25/02/2026","SOGEGH","8.60","4.49","7.82","7.82","8.60","8.60","0.78","8.60","","63,491","546,022.60"
"25/02/2026","TBL","1.20","1.20","1.20","1.20","1.20","1.20","0.00","1.32","","0","0.00"
"25/02/2026","TOTAL","40.30","40.15","40.15","40.15","40.15","40.15","0.00","","40.15","25,732","1,033,139.80"
"25/02/2026","TLW","11.92","11.92","11.92","11.92","11.92","11.92","0.00","11.92","","0","0.00"
"25/02/2026","UNIL","25.98","19.79","25.98","25.98","25.98","25.98","0.00","26.00","","106","2,753.88"
"25/02/2026","AADS","0.42","0.42","0.42","0.42","0.42","0.42","0.00","0.46","","0","0.00"
"25/02/2026","SCBPREF","0.90","0.90","0.90","0.90","0.90","0.90","0.00","0.90","","0","0.00"
"25/02/2026","GLD","533.93","466.72","529.16","529.16","529.16","533.93","4.77","466.72","529.16","938","500,828.12"
"25/02/2026","SAMBA","0.55","0.55","0.55","0.55","0.55","0.55","0.00","","","0","0.00"
"25/02/2026","MMH","0.10","0.10","0.10","0.10","0.10","0.10","0.00","","","0","0.00"
"25/02/2026","HORDS","0.10","0.10","0.10","0.10","0.10","0.10","0.00","","0.10","0","0.00"
"25/02/2026","IIL","0.05","0.05","0.05","0.05","0.05","0.05","0.00","","","0","0.00"
"25/02/2026","DIGICUT","0.09","0.09","0.09","0.09","0.09","0.09","0.00","","0.09","0","0.00"
"24/02/2026","ACCESS","29.01","16.20","28.40","28.40","31.24","29.01","0.61","29.02","31.24","8,574","248,854.16"
"24/02/2026","ADB","5.06","5.06","5.06","5.06","5.06","5.06","0.00","5.06","","120","607.20"
"24/02/2026","AGA","37.00","37.00","37.00","37.00","37.00","37.00","0.00","40.70","","0","0.00"
"24/02/2026","**ALW**","0.10","0.10","0.10","0.10","0.10","0.10","0.00","","","0","0.00"
"24/02/2026","ASG","8.89","8.89","8.89","8.89","8.89","8.89","0.00","8.89","","0","0.00"
"24/02/2026","ALLGH","6.12","6.12","6.12","6.12","6.12","6.12","0.00","6.12","","0","0.00"
"24/02/2026","BOPP","66.01","55.82","66.01","66.01","66.06","66.01","0.00","66.06","","150","9,909.00"
"24/02/2026","CAL","0.94","0.61","0.94","0.94","0.91","0.92","-0.02","0.87","0.91","1,215,844","1,118,265.79"
"24/02/2026","CLYD","0.68","0.46","0.68","0.68","0.68","0.68","0.00","0.74","","0","0.00"
"24/02/2026","CMLT","0.14","0.14","0.14","0.14","0.14","0.14","0.00","0.15","","0","0.00"
"24/02/2026","CPC","0.06","0.05","0.06","0.06","0.06","0.06","0.00","0.07","","0","0.00"
"24/02/2026","DASPHARMA","0.38","0.38","0.38","0.38","0.41","0.38","0.00","0.41","","646","264.86"
"24/02/2026","EGH","51.03","25.00","51.03","51.03","51.03","51.03","0.00","50.53","","2,995","152,834.85"
"24/02/2026","EGL","5.80","3.48","5.44","5.44","5.80","5.80","0.36","5.80","","75,118","435,680.20"
"24/02/2026","ETI","1.01","0.76","1.00","1.00","1.01","1.01","0.01","1.01","","64,013","64,623.09"
"24/02/2026","FML","13.10","8.00","13.10","13.10","13.10","13.10","0.00","13.10","","62,749","822,083.85"
"24/02/2026","FAB","7.84","7.71","7.82","7.82","7.84","7.84","0.02","","","1,000","7,840.00"
"24/02/2026","GCB","32.31","20.11","32.03","32.03","32.31","32.31","0.28","32.31","","1,554","50,132.00"
"24/02/2026","GGBL","12.37","6.60","12.10","12.10","12.37","12.37","0.27","12.10","12.37","230,582","2,852,170.29"
"24/02/2026","GOIL","4.35","2.96","4.35","4.35","4.78","4.35","0.00","4.78","","300","1,434.00"
"24/02/2026","MAC","5.20","5.20","5.20","5.20","5.20","5.20","0.00","5.20","","3","15.60"
"24/02/2026","MTNGH","5.64","4.20","5.58","5.58","5.65","5.64","0.06","5.64","5.65","816,032","4,605,024.40"
"24/02/2026","PBC**","0.02","0.02","0.02","0.02","0.02","0.02","0.00","","","0","0.00"
"24/02/2026","RBGH","1.99","1.30","1.81","1.81","1.99","1.99","0.18","1.99","","1,000","1,990.00"
"24/02/2026","SCB","32.30","29.22","29.37","29.37","32.30","32.30","2.93","32.30","","1,000","32,300.00"
"24/02/2026","SIC","2.98","1.20","2.71","2.71","2.98","2.98","0.27","2.98","","2,503","7,389.69"
"24/02/2026","SOGEGH","7.82","4.49","7.34","7.34","8.07","7.82","0.48","7.40","","454,081","3,552,900.45"
"24/02/2026","TBL","1.20","1.20","1.20","1.20","1.20","1.20","0.00","1.32","","0","0.00"
"24/02/2026","TOTAL","40.30","40.15","40.15","40.15","40.15","40.15","0.00","","40.15","3,050","122,457.50"
"24/02/2026","TLW","11.92","11.92","11.92","11.92","11.92","11.92","0.00","11.92","","32","381.44"
"24/02/2026","UNIL","25.98","19.79","25.98","25.98","25.98","25.98","0.00","25.98","26.54","0","0.00"
"24/02/2026","AADS","0.42","0.42","0.42","0.42","0.42","0.42","0.00","0.46","","0","0.00"
"24/02/2026","SCBPREF","0.90","0.90","0.90","0.90","0.90","0.90","0.00","","0.09","0","0.00"
"24/02/2026","GLD","529.16","466.72","525.10","525.10","529.16","529.16","4.06","503.23","525.10","191","101,069.11"
"24/02/2026","SAMBA","0.55","0.55","0.55","0.55","0.55","0.55","0.00","","","0","0.00"
"24/02/2026","MMH","0.10","0.10","0.10","0.10","0.10","0.10","0.00","","","0","0.00"
"24/02/2026","HORDS","0.10","0.10","0.10","0.10","0.10","0.10","0.00","","","73,697","7,369.70"
"24/02/2026","IIL","0.05","0.05","0.05","0.05","0.05","0.05","0.00","","","0","0.00"
"24/02/2026","DIGICUT","0.09","0.09","0.09","0.09","0.09","0.09","0.00","","0.09","0","0.00"
"23/02/2026","ACCESS","28.40","16.20","28.40","28.40","28.40","28.40","0.00","28.40","","132.0000","3.0000"
"23/02/2026","ADB","5.06","5.06","5.06","5.06","5.06","5.06","0.00","5.06","","0.0000","0.0000"
"23/02/2026","AGA","37.00","37.00","37.00","37.00","37.00","37.00","0.00","40.70","","0.0000","0.0000"
"23/02/2026","**ALW**","0.10","0.10","0.10","0.10","0.10","0.10","0.00","","","0.0000","0.0000"
"23/02/2026","ASG","8.89","8.89","8.89","8.89","8.89","8.89","0.00","8.89","","0.0000","0.0000"
"23/02/2026","ALLGH","6.12","6.12","6.12","6.12","6.12","6.12","0.00","6.12","","585.0000","3.0000"
"23/02/2026","BOPP","66.01","55.82","66.01","66.01","66.01","66.01","0.00","66.06","","0.0000","0.0000"
"23/02/2026","CAL","0.94","0.61","0.94","0.94","0.94","0.94","0.00","0.92","0.94","1.0000","1.0000"
"23/02/2026","CLYD","0.68","0.46","0.62","0.62","0.68","0.68","0.06","0.68","","26.0000","17.0000"
"23/02/2026","CMLT","0.14","0.14","0.14","0.14","0.14","0.14","0.00","0.15","","0.0000","0.0000"
"23/02/2026","CPC","0.06","0.05","0.06","0.06","0.06","0.06","0.00","0.07","","0.0000","0.0000"
"23/02/2026","DASPHARMA","0.38","0.38","0.38","0.38","0.38","0.38","0.00","0.41","","641.0000","262.8100"
"23/02/2026","EGH","51.03","25.00","50.53","50.53","51.03","51.03","0.50","50.53","","11.0000","588.0000"
"23/02/2026","EGL","5.44","3.48","4.95","4.95","5.44","5.44","0.49","5.44","","47.0000","258.0000"
"23/02/2026","ETI","1.00","0.76","0.93","0.93","1.00","1.00","0.07","1.00","1.01","128.0000","127.0000"
"23/02/2026","FML","13.10","8.00","12.97","12.97","13.10","13.10","0.13","13.10","","17.0000","223.0000"
"23/02/2026","FAB","7.82","7.71","7.82","7.82","7.82","7.82","0.00","","","0.0000","0.0000"
"23/02/2026","GCB","32.03","20.11","32.03","32.03","32.03","32.03","0.00","32.10","","176.0000","5.0000"
"23/02/2026","GGBL","12.10","6.60","11.00","11.00","12.10","12.10","1.10","11.00","12.10","15.0000","193.0000"
"23/02/2026","GOIL","4.35","2.96","3.96","3.96","4.35","4.35","0.39","4.35","","3.0000","15.0000"
"23/02/2026","MAC","5.20","5.20","5.20","5.20","5.20","5.20","0.00","5.20","","0.0000","0.0000"
"23/02/2026","MTNGH","5.58","4.20","5.47","5.47","5.58","5.58","0.11","5.55","5.65","1.0000","7.0000"
"23/02/2026","PBC**","0.02","0.02","0.02","0.02","0.02","0.02","0.00","","","0.0000","0.0000"
"23/02/2026","RBGH","1.81","1.30","1.81","1.81","1.81","1.81","0.00","1.99","","349.0000","694.5100"
"23/02/2026","SCB","29.37","29.22","29.37","29.37","29.37","29.37","0.00","30.00","","0.0000","0.0000"
"23/02/2026","SIC","2.71","1.20","2.47","2.47","2.71","2.71","0.24","2.71","","2.0000","5.0000"
"23/02/2026","SOGEGH","7.34","4.49","6.84","6.84","7.34","7.34","0.50","7.40","","497.0000","3.0000"
"23/02/2026","TBL","1.20","1.20","1.20","1.20","1.20","1.20","0.00","1.32","","0.0000","0.0000"
"23/02/2026","TOTAL","40.30","40.15","40.15","40.15","40.15","40.15","0.00","","40.15","10.0000","437.0000"
"23/02/2026","TLW","11.92","11.92","11.92","11.92","11.92","11.92","0.00","11.92","","0.0000","0.0000"
"23/02/2026","UNIL","25.98","19.79","25.38","25.38","25.98","25.98","0.60","25.98","26.76","7.0000","184.0000"
"23/02/2026","AADS","0.42","0.42","0.42","0.42","0.42","0.42","0.00","0.46","","0.0000","0.0000"
"23/02/2026","SCBPREF","0.90","0.90","0.90","0.90","0.90","0.90","0.00","","","19.0000","17.1000"
"23/02/2026","GLD","526.06","466.72","526.06","526.06","525.10","525.10","-0.96","503.23","525.10","235.0000","123.0000"
"23/02/2026","SAMBA","0.55","0.55","0.55","0.55","0.55","0.55","0.00","","","0.0000","0.0000"
"23/02/2026","MMH","0.10","0.10","0.10","0.10","0.10","0.10","0.00","","","0.0000","0.0000"
"23/02/2026","HORDS","0.10","0.10","0.10","0.10","0.10","0.10","0.00","","","0.0000","0.0000"
"23/02/2026","IIL","0.05","0.05","0.05","0.05","0.05","0.05","0.00","","","0.0000","0.0000"
"23/02/2026","DIGICUT","0.09","0.09","0.09","0.09","0.09","0.09","0.00","","0.09","0.0000","0.0000"
"20/02/2026","ACCESS","28.40","16.20","25.90","25.90","28.40","28.40","2.50","25.90","","586.0000","16.0000"
"20/02/2026","ADB","5.06","5.06","5.06","5.06","5.06","5.06","0.00","5.06","","6.0000","30.3600"
"20/02/2026","AGA","37.00","37.00","37.00","37.00","37.00","37.00","0.00","40.70","","0.0000","0.0000"
"20/02/2026","**ALW**","0.10","0.10","0.10","0.10","0.10","0.10","0.00","","","0.0000","0.0000"
"20/02/2026","ASG","8.89","8.89","8.89","8.89","8.89","8.89","0.00","8.89","","0.0000","0.0000"
"20/02/2026","ALLGH","6.12","6.12","6.12","6.12","6.12","6.12","0.00","6.12","","2.0000","12.0000"
"20/02/2026","BOPP","66.01","55.82","66.01","66.01","66.06","66.01","0.00","66.06","","100.0000","6.0000"
"20/02/2026","CAL","0.94","0.61","0.94","0.94","0.94","0.94","0.00","0.93","0.94","1.0000","1.0000"
"20/02/2026","CLYD","0.62","0.46","0.57","0.57","0.62","0.62","0.05","0.62","","39.0000","24.0000"
"20/02/2026","CMLT","0.14","0.14","0.14","0.14","0.14","0.14","0.00","0.15","","0.0000","0.0000"
"20/02/2026","CPC","0.06","0.05","0.06","0.06","0.06","0.06","0.00","0.07","","0.0000","0.0000"
"20/02/2026","DASPHARMA","0.38","0.38","0.38","0.38","0.41","0.38","0.00","0.41","","164.0000","67.2400"
"20/02/2026","EGH","50.53","25.00","49.32","49.32","52.00","50.53","1.21","49.33","","18.0000","910.0000"
"20/02/2026","EGL","4.95","3.48","4.50","4.50","4.95","4.95","0.45","4.95","","1.0000","6.0000"
"20/02/2026","ETI","0.93","0.76","0.90","0.90","0.93","0.93","0.03","0.90","","19.0000","17.0000"
"20/02/2026","FML","12.97","8.00","12.96","12.96","12.96","12.97","0.01","12.96","","1.0000","13.0000"
"20/02/2026","FAB","7.82","7.71","7.82","7.82","7.82","7.82","0.00","7.82","","0.0000","0.0000"
"20/02/2026","GCB","32.03","20.11","30.00","30.00","32.00","32.03","2.03","30.02","","136.0000","4.0000"
"20/02/2026","GGBL","11.00","6.60","10.11","10.11","11.00","11.00","0.89","10.20","10.50","66.0000","732.0000"
"20/02/2026","GOIL","3.96","2.96","3.96","3.96","4.35","3.96","0.00","4.35","","27.0000","117.4500"
"20/02/2026","MAC","5.20","5.20","5.20","5.20","5.20","5.20","0.00","5.20","","3.0000","15.6000"
"20/02/2026","MTNGH","5.47","4.20","5.30","5.30","5.47","5.47","0.17","5.32","5.40","629.0000","3.0000"
"20/02/2026","PBC**","0.02","0.02","0.02","0.02","0.02","0.02","0.00","","","0.0000","0.0000"
"20/02/2026","RBGH","1.81","1.30","1.65","1.65","1.81","1.81","0.16","1.65","","1.0000","3.0000"
"20/02/2026","SCB","29.37","29.22","29.37","29.37","29.40","29.37","0.00","29.37","","30.0000","882.0000"
"20/02/2026","SIC","2.47","1.20","2.25","2.25","2.47","2.47","0.22","2.25","","34.0000","85.0000"
"20/02/2026","SOGEGH","6.84","4.49","6.22","6.22","6.84","6.84","0.62","6.23","","11.0000","77.0000"
"20/02/2026","TBL","1.20","1.20","1.20","1.20","1.32","1.20","0.00","1.32","","400.0000","528.0000"
"20/02/2026","TOTAL","40.30","40.15","40.19","40.19","40.15","40.15","-0.04","40.15","40.19","7.0000","304.0000"
"20/02/2026","TLW","11.92","11.92","11.92","11.92","11.92","11.92","0.00","11.92","","20.0000","238.4000"
"20/02/2026","UNIL","25.38","19.79","25.38","25.38","25.38","25.38","0.00","25.38","26.65","92.0000","2.0000"
"20/02/2026","AADS","0.42","0.42","0.42","0.42","0.42","0.42","0.00","0.46","","0.0000","0.0000"
"20/02/2026","SCBPREF","0.90","0.90","0.90","0.90","0.90","0.90","0.00","","","0.0000","0.0000"
"20/02/2026","GLD","526.06","466.72","466.72","466.72","537.00","526.06","59.34","466.72","","302.0000","158.0000"
"20/02/2026","SAMBA","0.55","0.55","0.55","0.55","0.55","0.55","0.00","","","0.0000","0.0000"
"20/02/2026","MMH","0.10","0.10","0.10","0.10","0.10","0.10","0.00","","","0.0000","0.0000"
"20/02/2026","HORDS","0.10","0.10","0.10","0.10","0.10","0.10","0.00","","","0.0000","0.0000"
"20/02/2026","IIL","0.05","0.05","0.05","0.05","0.05","0.05","0.00","","","0.0000","0.0000"
"20/02/2026","DIGICUT","0.09","0.09","0.09","0.09","0.09","0.09","0.00","","0.09","0.0000","0.0000"
"19/02/2026","ACCESS","25.90","16.20","23.67","23.67","25.90","25.90","2.23","25.90","","13.0000","341.0000"
"19/02/2026","ADB","5.06","5.06","5.06","5.06","5.06","5.06","0.00","5.06","","0.0000","0.0000"
"19/02/2026","AGA","37.00","37.00","37.00","37.00","37.00","37.00","0.00","40.70","","0.0000","0.0000"
"19/02/2026","**ALW**","0.10","0.10","0.10","0.10","0.10","0.10","0.00","","","0.0000","0.0000"
"19/02/2026","ASG","8.89","8.89","8.89","8.89","8.89","8.89","0.00","8.89","","0.0000","0.0000"
"19/02/2026","ALLGH","6.12","6.12","6.12","6.12","6.12","6.12","0.00","6.12","","1.0000","7.0000"
"19/02/2026","BOPP","66.01","55.82","66.01","66.01","66.01","66.01","0.00","66.06","","0.0000","0.0000"
"19/02/2026","CAL","0.94","0.61","0.92","0.92","0.94","0.94","0.02","0.93","0.94","192.0000","180.0000"
"19/02/2026","CLYD","0.57","0.46","0.57","0.57","0.57","0.57","0.00","0.62","","0.0000","0.0000"
"19/02/2026","CMLT","0.14","0.14","0.14","0.14","0.14","0.14","0.00","0.15","","0.0000","0.0000"
"19/02/2026","CPC","0.06","0.05","0.06","0.06","0.06","0.06","0.00","0.07","","0.0000","0.0000"
"19/02/2026","DASPHARMA","0.38","0.38","0.38","0.38","0.38","0.38","0.00","0.41","","200.0000","82.0000"
"19/02/2026","EGH","49.32","25.00","49.32","49.32","49.32","49.32","0.00","49.33","","521.0000","25.0000"
"19/02/2026","EGL","4.50","3.48","4.50","4.50","4.50","4.50","0.00","4.95","","0.0000","0.0000"
"19/02/2026","ETI","0.90","0.76","0.85","0.85","0.90","0.90","0.05","0.90","","151.0000","136.0000"
"19/02/2026","FML","12.96","8.00","12.20","12.20","12.96","12.96","0.76","12.96","","17.0000","227.0000"
"19/02/2026","FAB","7.82","7.71","7.82","7.82","7.82","7.82","0.00","7.82","","0.0000","0.0000"
"19/02/2026","GCB","30.00","20.11","27.50","27.50","30.00","30.00","2.50","30.02","","33.0000","1.0000"
"19/02/2026","GGBL","10.11","6.60","9.92","9.92","10.11","10.11","0.19","10.20","10.50","186.0000","1.0000"
"19/02/2026","GOIL","3.96","2.96","3.96","3.96","3.96","3.96","0.00","4.35","","0.0000","0.0000"
"19/02/2026","MAC","5.20","5.20","5.20","5.20","5.20","5.20","0.00","5.20","","0.0000","0.0000"
"19/02/2026","MTNGH","5.40","4.20","5.40","5.40","5.40","5.30","-0.10","5.32","5.40","31.0000","168.0000"
"19/02/2026","PBC**","0.02","0.02","0.02","0.02","0.02","0.02","0.00","","","0.0000","0.0000"
"19/02/2026","RBGH","1.65","1.30","1.50","1.50","1.65","1.65","0.15","1.65","","1.0000","1.0000"
"19/02/2026","SCB","29.37","29.22","29.30","29.30","29.37","29.37","0.07","29.37","","6.0000","176.0000"
"19/02/2026","SIC","2.25","1.20","2.05","2.05","2.25","2.25","0.20","2.25","","5.0000","11.0000"
"19/02/2026","SOGEGH","6.22","4.49","6.20","6.20","6.30","6.22","0.02","6.23","","7.0000","45.0000"
"19/02/2026","TBL","1.20","1.20","1.20","1.20","1.20","1.20","0.00","1.32","","0.0000","0.0000"
"19/02/2026","TOTAL","40.30","40.19","40.19","40.19","40.19","40.19","0.00","40.15","40.19","5.0000","215.0000"
"19/02/2026","TLW","11.92","11.92","11.92","11.92","11.92","11.92","0.00","11.92","","0.0000","0.0000"
"19/02/2026","UNIL","25.38","19.79","24.88","24.88","25.38","25.38","0.50","25.38","26.65","4.0000","125.0000"
"19/02/2026","AADS","0.42","0.42","0.42","0.42","0.42","0.42","0.00","0.46","","0.0000","0.0000"
"19/02/2026","SCBPREF","0.90","0.90","0.90","0.90","0.90","0.90","0.00","","","0.0000","0.0000"
"19/02/2026","GLD","494.77","466.72","466.72","466.72","466.72","466.72","0.00","466.72","","1.0000","466.7200"
"19/02/2026","SAMBA","0.55","0.55","0.55","0.55","0.55","0.55","0.00","","","0.0000","0.0000"
"19/02/2026","MMH","0.10","0.10","0.10","0.10","0.10","0.10","0.00","","","0.0000","0.0000"
"19/02/2026","HORDS","0.10","0.10","0.10","0.10","0.10","0.10","0.00","","","0.0000","0.0000"
"19/02/2026","IIL","0.05","0.05","0.05","0.05","0.05","0.05","0.00","","","0.0000","0.0000"
"19/02/2026","DIGICUT","0.09","0.09","0.09","0.09","0.09","0.09","0.00","","0.09","0.0000","0.0000"
"18/02/2026","ACCESS","23.67","16.20","23.67","23.67","23.67","23.67","0.00","23.67","","0.0000","0.0000"
"18/02/2026","ADB","5.06","5.06","5.06","5.06","5.06","5.06","0.00","5.06","","0.0000","0.0000"
"18/02/2026","AGA","37.00","37.00","37.00","37.00","37.00","37.00","0.00","40.70","","0.0000","0.0000"
"18/02/2026","**ALW**","0.10","0.10","0.10","0.10","0.10","0.10","0.00","","","0.0000","0.0000"
"18/02/2026","ASG","8.89","8.89","8.89","8.89","8.89","8.89","0.00","8.89","","0.0000","0.0000"
"18/02/2026","ALLGH","6.12","6.12","6.12","6.12","6.12","6.12","0.00","","6.12","624.0000","3.0000"
"18/02/2026","BOPP","66.01","55.82","66.01","66.01","66.01","66.01","0.00","66.06","","2.0000","132.1000"
"18/02/2026","CAL","0.92","0.61","0.89","0.89","0.92","0.92","0.03","0.93","0.94","1.0000","1.0000"
"18/02/2026","CLYD","0.57","0.46","0.53","0.53","0.57","0.57","0.04","0.57","","10.0000","5.0000"
"18/02/2026","CMLT","0.14","0.14","0.14","0.14","0.14","0.14","0.00","0.15","","0.0000","0.0000"
"18/02/2026","CPC","0.06","0.05","0.06","0.06","0.06","0.06","0.00","0.07","","0.0000","0.0000"
"18/02/2026","DASPHARMA","0.38","0.38","0.38","0.38","0.38","0.38","0.00","0.38","","511.0000","194.1800"
"18/02/2026","EGH","49.32","25.00","45.90","45.90","49.32","49.32","3.42","49.32","","24.0000","1.0000"
"18/02/2026","EGL","4.50","3.48","4.50","4.50","4.50","4.50","0.00","4.52","","2.0000","9.0400"
"18/02/2026","ETI","0.85","0.76","0.84","0.84","0.85","0.85","0.01","0.88","","13.0000","11.0000"
"18/02/2026","FML","12.20","8.00","11.34","11.34","12.20","12.20","0.86","12.47","","87.0000","1.0000"
"18/02/2026","FAB","7.82","7.71","7.80","7.80","7.82","7.82","0.02","7.82","","1.0000","7.0000"
"18/02/2026","GCB","27.50","20.11","27.43","27.43","27.50","27.50","0.07","27.51","","13.0000","370.0000"
"18/02/2026","GGBL","9.92","6.60","9.23","9.23","9.92","9.92","0.69","9.84","10.00","54.0000","540.0000"
"18/02/2026","GOIL","3.96","2.96","3.60","3.60","3.96","3.96","0.36","3.96","","25.0000","100.0000"
"18/02/2026","MAC","5.20","5.20","5.20","5.20","5.20","5.20","0.00","5.20","","0.0000","0.0000"
"18/02/2026","MTNGH","5.40","4.20","5.35","5.35","5.40","5.40","0.05","5.35","5.40","2.0000","15.0000"
"18/02/2026","PBC**","0.02","0.02","0.02","0.02","0.02","0.02","0.00","","","0.0000","0.0000"
"18/02/2026","RBGH","1.50","1.30","1.50","1.50","1.50","1.50","0.00","1.64","","0.0000","0.0000"
"18/02/2026","SCB","29.30","29.22","29.30","29.30","29.30","29.30","0.00","29.35","","0.0000","0.0000"
"18/02/2026","SIC","2.05","1.20","2.05","2.05","2.05","2.05","0.00","2.17","","0.0000","0.0000"
"18/02/2026","SOGEGH","6.20","4.49","6.01","6.01","6.20","6.20","0.19","6.06","6.20","552.0000","3.0000"
"18/02/2026","TBL","1.20","1.20","1.20","1.20","1.20","1.20","0.00","1.32","","0.0000","0.0000"
"18/02/2026","TOTAL","40.30","40.19","40.19","40.19","40.19","40.19","0.00","40.15","40.19","2.0000","105.0000"
"18/02/2026","TLW","11.92","11.92","11.92","11.92","11.92","11.92","0.00","11.92","","0.0000","0.0000"
"18/02/2026","UNIL","24.88","19.79","23.31","23.31","24.88","24.88","1.57","25.63","","14.0000","357.0000"
"18/02/2026","AADS","0.42","0.42","0.42","0.42","0.42","0.42","0.00","0.46","","0.0000","0.0000"
"18/02/2026","SCBPREF","0.90","0.90","0.90","0.90","0.90","0.90","0.00","","","0.0000","0.0000"
"18/02/2026","GLD","494.77","466.72","466.72","466.72","466.72","466.72","0.00","466.72","","1.0000","466.7200"
"18/02/2026","SAMBA","0.55","0.55","0.55","0.55","0.55","0.55","0.00","","","0.0000","0.0000"
"18/02/2026","MMH","0.10","0.10","0.10","0.10","0.10","0.10","0.00","","","0.0000","0.0000"
"18/02/2026","HORDS","0.10","0.10","0.10","0.10","0.10","0.10","0.00","","","0.0000","0.0000"
"18/02/2026","IIL","0.05","0.05","0.05","0.05","0.05","0.05","0.00","","","0.0000","0.0000"
"18/02/2026","DIGICUT","0.09","0.09","0.09","0.09","0.09","0.09","0.00","","0.09","0.0000","0.0000"
"17/02/2026","ACCESS","23.67","16.20","23.67","23.67","23.67","23.67","0.00","23.67","","1.0000","23.6700"
"17/02/2026","ADB","5.06","5.06","5.06","5.06","5.06","5.06","0.00","5.06","","0.0000","0.0000"
"17/02/2026","AGA","37.00","37.00","37.00","37.00","37.00","37.00","0.00","40.70","","0.0000","0.0000"
"17/02/2026","**ALW**","0.10","0.10","0.10","0.10","0.10","0.10","0.00","","","0.0000","0.0000"
"17/02/2026","ASG","8.89","8.89","8.89","8.89","8.89","8.89","0.00","8.89","","3.0000","26.6700"
"17/02/2026","ALLGH","6.12","6.12","6.12","6.12","6.12","6.12","0.00","","6.12","29.0000","183.0000"
"17/02/2026","BOPP","66.01","55.82","66.01","66.01","66.01","66.01","0.00","66.03","","50.0000","3.0000"
"17/02/2026","CAL","0.89","0.61","0.86","0.86","0.90","0.89","0.03","0.89","0.90","808.0000","718.0000"
"17/02/2026","CLYD","0.53","0.46","0.53","0.53","0.53","0.53","0.00","0.56","","0.0000","0.0000"
"17/02/2026","CMLT","0.14","0.14","0.14","0.14","0.14","0.14","0.00","0.14","","0.0000","0.0000"
"17/02/2026","CPC","0.06","0.05","0.06","0.06","0.06","0.06","0.00","0.07","","0.0000","0.0000"
"17/02/2026","DASPHARMA","0.38","0.38","0.38","0.38","0.38","0.38","0.00","0.38","","0.0000","0.0000"
"17/02/2026","EGH","45.90","25.00","41.74","41.74","45.91","45.90","4.16","45.91","","5.0000","260.0000"
"17/02/2026","EGL","4.50","3.48","4.50","4.50","4.50","4.50","0.00","4.61","","0.0000","0.0000"
"17/02/2026","ETI","0.84","0.76","0.82","0.82","0.84","0.84","0.02","0.84","","12.0000","10.0000"
"17/02/2026","FML","11.34","8.00","10.31","10.31","11.34","11.34","1.03","11.33","11.34","5.0000","64.0000"
"17/02/2026","FAB","7.80","7.71","7.80","7.80","7.80","7.80","0.00","7.81","","0.0000","0.0000"
"17/02/2026","GCB","27.43","20.11","27.40","27.40","27.43","27.43","0.03","27.43","","777.0000","21.0000"
"17/02/2026","GGBL","9.23","6.60","9.10","9.10","9.29","9.23","0.13","9.10","9.29","153.0000","1.0000"
"17/02/2026","GOIL","3.60","2.96","3.60","3.60","3.60","3.60","0.00","3.96","","0.0000","0.0000"
"17/02/2026","MAC","5.20","5.20","5.20","5.20","5.20","5.20","0.00","","5.20","102.0000","530.4000"
"17/02/2026","MTNGH","5.35","4.20","4.91","4.91","5.35","5.35","0.44","5.30","5.35","412.0000","2.0000"
"17/02/2026","PBC**","0.02","0.02","0.02","0.02","0.02","0.02","0.00","","","0.0000","0.0000"
"17/02/2026","RBGH","1.50","1.30","1.50","1.50","1.50","1.50","0.00","1.60","","0.0000","0.0000"
"17/02/2026","SCB","29.30","29.22","29.30","29.30","29.30","29.30","0.00","29.36","","20.0000","587.2000"
"17/02/2026","SIC","2.05","1.20","1.87","1.87","2.05","2.05","0.18","2.05","","15.0000","31.0000"
"17/02/2026","SOGEGH","6.01","4.49","5.90","5.90","6.01","6.01","0.11","6.00","","21.0000","131.0000"
"17/02/2026","TBL","1.20","1.20","1.20","1.20","1.20","1.20","0.00","1.32","","0.0000","0.0000"
"17/02/2026","TOTAL","40.30","40.19","40.19","40.19","40.19","40.19","0.00","","40.19","2.0000","110.0000"
"17/02/2026","TLW","11.92","11.92","11.92","11.92","11.92","11.92","0.00","11.92","","0.0000","0.0000"
"17/02/2026","UNIL","23.31","19.79","21.76","21.76","23.93","23.31","1.55","22.85","23.93","19.0000","463.0000"
"17/02/2026","AADS","0.42","0.42","0.42","0.42","0.42","0.42","0.00","0.46","","0.0000","0.0000"
"17/02/2026","SCBPREF","0.90","0.90","0.90","0.90","0.90","0.90","0.00","","","0.0000","0.0000"
"17/02/2026","GLD","494.77","466.72","466.72","466.72","466.72","466.72","0.00","475.00","","0.0000","0.0000"
"17/02/2026","SAMBA","0.55","0.55","0.55","0.55","0.55","0.55","0.00","","","0.0000","0.0000"
"17/02/2026","MMH","0.10","0.10","0.10","0.10","0.10","0.10","0.00","","","0.0000","0.0000"
"17/02/2026","HORDS","0.10","0.10","0.10","0.10","0.10","0.10","0.00","","","0.0000","0.0000"
"17/02/2026","IIL","0.05","0.05","0.05","0.05","0.05","0.05","0.00","","","0.0000","0.0000"
"17/02/2026","DIGICUT","0.09","0.09","0.09","0.09","0.09","0.09","0.00","","0.09","0.0000","0.0000"
"16/02/2026","ACCESS","23.67","16.20","21.52","21.52","23.67","23.67","2.15","23.67","","11.0000","260.0000"
"16/02/2026","ADB","5.06","5.06","5.06","5.06","5.06","5.06","0.00","5.06","","0.0000","0.0000"
"16/02/2026","AGA","37.00","37.00","37.00","37.00","37.00","37.00","0.00","40.70","","0.0000","0.0000"
"16/02/2026","**ALW**","0.10","0.10","0.10","0.10","0.10","0.10","0.00","","","0.0000","0.0000"
"16/02/2026","ASG","8.89","8.89","8.89","8.89","8.89","8.89","0.00","","","0.0000","0.0000"
"16/02/2026","ALLGH","6.12","6.12","6.12","6.12","6.12","6.12","0.00","","6.12","0.0000","0.0000"
"16/02/2026","BOPP","66.01","55.82","66.01","66.01","66.01","66.01","0.00","66.02","","0.0000","0.0000"
"16/02/2026","CAL","0.86","0.61","0.86","0.86","0.86","0.86","0.00","0.86","","50.0000","43.0000"
"16/02/2026","CLYD","0.53","0.46","0.53","0.53","0.53","0.53","0.00","0.56","","0.0000","0.0000"
"16/02/2026","CMLT","0.14","0.14","0.14","0.14","0.14","0.14","0.00","0.14","","0.0000","0.0000"
"16/02/2026","CPC","0.06","0.05","0.06","0.06","0.06","0.06","0.00","0.07","","0.0000","0.0000"
"16/02/2026","DASPHARMA","0.38","0.38","0.38","0.38","0.38","0.38","0.00","","","0.0000","0.0000"
"16/02/2026","EGH","41.74","25.00","37.95","37.95","41.74","41.74","3.79","41.74","","5.0000","208.0000"
"16/02/2026","EGL","4.50","3.48","4.50","4.50","4.50","4.50","0.00","4.52","","0.0000","0.0000"
"16/02/2026","ETI","0.82","0.76","0.82","0.82","0.82","0.82","0.00","0.82","0.83","89.0000","73.0000"
"16/02/2026","FML","10.31","8.00","9.76","9.76","10.73","10.31","0.55","10.30","","82.0000","846.0000"
"16/02/2026","FAB","7.80","7.71","7.80","7.80","7.80","7.80","0.00","","","0.0000","0.0000"
"16/02/2026","GCB","27.40","20.11","24.91","24.91","27.40","27.40","2.49","27.40","","17.0000","465.0000"
"16/02/2026","GGBL","9.10","6.60","8.45","8.45","9.10","9.10","0.65","9.10","9.29","499.0000","4.0000"
"16/02/2026","GOIL","3.60","2.96","3.60","3.60","3.60","3.60","0.00","3.96","","0.0000","0.0000"
"16/02/2026","MAC","5.20","5.20","5.20","5.20","5.20","5.20","0.00","","","0.0000","0.0000"
"16/02/2026","MTNGH","4.91","4.20","4.85","4.85","5.32","4.91","0.06","5.00","5.33","7.0000","37.0000"
"16/02/2026","PBC**","0.02","0.02","0.02","0.02","0.02","0.02","0.00","","","0.0000","0.0000"
"16/02/2026","RBGH","1.50","1.30","1.41","1.41","1.50","1.50","0.09","1.55","","7.0000","10.0000"
"16/02/2026","SCB","29.30","29.22","29.30","29.30","29.30","29.30","0.00","29.36","","0.0000","0.0000"
"16/02/2026","SIC","1.87","1.20","1.70","1.70","1.87","1.87","0.17","1.87","","2.0000","4.0000"
"16/02/2026","SOGEGH","5.90","4.49","5.90","5.90","5.90","5.90","0.00","5.95","","0.0000","0.0000"
"16/02/2026","TBL","1.20","1.20","1.20","1.20","1.20","1.20","0.00","1.32","","0.0000","0.0000"
"16/02/2026","TOTAL","40.30","40.19","40.19","40.19","40.19","40.19","0.00","40.18","40.19","225.0000","9.0000"
"16/02/2026","TLW","11.92","11.92","11.92","11.92","11.92","11.92","0.00","11.92","","0.0000","0.0000"
"16/02/2026","UNIL","21.76","19.79","21.76","21.76","21.76","21.76","0.00","21.76","22.85","0.0000","0.0000"
"16/02/2026","AADS","0.42","0.42","0.42","0.42","0.42","0.42","0.00","0.46","","0.0000","0.0000"
"16/02/2026","SCBPREF","0.90","0.90","0.90","0.90","0.90","0.90","0.00","","","0.0000","0.0000"
"16/02/2026","GLD","494.77","466.72","466.72","466.72","466.72","466.72","0.00","475.00","","0.0000","0.0000"
"16/02/2026","SAMBA","0.55","0.55","0.55","0.55","0.55","0.55","0.00","","","0.0000","0.0000"
"16/02/2026","MMH","0.10","0.10","0.10","0.10","0.10","0.10","0.00","","","0.0000","0.0000"
"16/02/2026","HORDS","0.10","0.10","0.10","0.10","0.10","0.10","0.00","","0.10","0.0000","0.0000"
"16/02/2026","IIL","0.05","0.05","0.05","0.05","0.05","0.05","0.00","","0.05","197.0000","9.0000"
"16/02/2026","DIGICUT","0.09","0.09","0.09","0.09","0.09","0.09","0.00","","0.09","0.0000","0.0000"
"13/02/2026","ACCESS","21.52","16.20","19.57","19.57","21.52","21.52","1.95","21.52","","2.0000","44.0000"
"13/02/2026","ADB","5.06","5.06","5.06","5.06","5.06","5.06","0.00","5.06","","0.0000","0.0000"
"13/02/2026","AGA","37.00","37.00","37.00","37.00","37.00","37.00","0.00","40.70","","0.0000","0.0000"
"13/02/2026","**ALW**","0.10","0.10","0.10","0.10","0.10","0.10","0.00","","","0.0000","0.0000"
"13/02/2026","ASG","8.89","8.89","8.89","8.89","8.89","8.89","0.00","8.89","","0.0000","0.0000"
"13/02/2026","ALLGH","6.12","6.12","6.12","6.12","6.12","6.12","0.00","","6.12","2.0000","13.0000"
"13/02/2026","BOPP","66.01","55.82","66.01","66.01","66.01","66.01","0.00","66.02","","15.0000","990.1500"
"13/02/2026","CAL","0.86","0.61","0.85","0.85","0.86","0.86","0.01","0.86","0.87","399.0000","344.0000"
"13/02/2026","CLYD","0.53","0.46","0.53","0.53","0.53","0.53","0.00","0.56","","0.0000","0.0000"
"13/02/2026","CMLT","0.14","0.14","0.14","0.14","0.14","0.14","0.00","0.14","","0.0000","0.0000"
"13/02/2026","CPC","0.06","0.05","0.06","0.06","0.06","0.06","0.00","0.07","","0.0000","0.0000"
"13/02/2026","DASPHARMA","0.38","0.38","0.38","0.38","0.38","0.38","0.00","0.38","","0.0000","0.0000"
"13/02/2026","EGH","37.95","25.00","34.50","34.50","37.95","37.95","3.45","37.95","","5.0000","189.0000"
"13/02/2026","EGL","4.50","3.48","4.50","4.50","4.50","4.50","0.00","4.56","","0.0000","0.0000"
"13/02/2026","ETI","0.82","0.76","0.81","0.81","0.82","0.82","0.01","0.82","0.85","518.0000","423.0000"
"13/02/2026","FML","9.76","8.00","9.03","9.03","9.76","9.76","0.73","9.76","","52.0000","513.0000"
"13/02/2026","FAB","7.80","7.71","7.80","7.80","7.80","7.80","0.00","","","0.0000","0.0000"
"13/02/2026","GCB","24.91","20.11","22.65","22.65","24.91","24.91","2.26","24.91","","34.0000","857.0000"
"13/02/2026","GGBL","8.45","6.60","8.45","8.45","8.45","8.45","0.00","8.45","9.25","0.0000","0.0000"
"13/02/2026","GOIL","3.60","2.96","3.40","3.40","3.60","3.60","0.20","3.74","","900.0000","3.0000"
"13/02/2026","MAC","5.20","5.20","5.20","5.20","5.20","5.20","0.00","5.20","","0.0000","0.0000"
"13/02/2026","MTNGH","4.85","4.20","4.50","4.50","4.92","4.85","0.35","4.86","4.95","4.0000","22.0000"
"13/02/2026","PBC**","0.02","0.02","0.02","0.02","0.02","0.02","0.00","","","0.0000","0.0000"
"13/02/2026","RBGH","1.41","1.30","1.36","1.36","1.41","1.41","0.05","1.44","","4.0000","6.0000"
"13/02/2026","SCB","29.30","29.22","29.30","29.30","29.30","29.30","0.00","29.33","","0.0000","0.0000"
"13/02/2026","SIC","1.70","1.20","1.59","1.59","1.74","1.70","0.11","1.74","","1.0000","2.0000"
"13/02/2026","SOGEGH","5.90","4.49","5.56","5.56","5.90","5.90","0.34","5.90","","128.0000","759.0000"
"13/02/2026","TBL","1.20","1.20","1.20","1.20","1.20","1.20","0.00","1.32","","0.0000","0.0000"
"13/02/2026","TOTAL","40.30","40.19","40.19","40.19","40.19","40.19","0.00","","40.19","11.0000","450.0000"
"13/02/2026","TLW","11.92","11.92","11.92","11.92","11.92","11.92","0.00","11.92","","0.0000","0.0000"
"13/02/2026","UNIL","21.76","19.79","19.79","19.79","21.76","21.76","1.97","19.79","21.76","14.0000","306.0000"
"13/02/2026","AADS","0.42","0.42","0.42","0.42","0.42","0.42","0.00","0.46","","0.0000","0.0000"
"13/02/2026","SCBPREF","0.90","0.90","0.90","0.90","0.90","0.90","0.00","","","0.0000","0.0000"
"13/02/2026","GLD","494.77","466.72","466.72","466.72","466.72","466.72","0.00","475.00","","5.0000","2.0000"
"13/02/2026","SAMBA","0.55","0.55","0.55","0.55","0.55","0.55","0.00","","","0.0000","0.0000"
"13/02/2026","MMH","0.10","0.10","0.10","0.10","0.10","0.10","0.00","","","0.0000","0.0000"
"13/02/2026","HORDS","0.10","0.10","0.10","0.10","0.10","0.10","0.00","","0.10","0.0000","0.0000"
"13/02/2026","IIL","0.05","0.05","0.05","0.05","0.05","0.05","0.00","","","0.0000","0.0000"
"13/02/2026","DIGICUT","0.09","0.09","0.09","0.09","0.09","0.09","0.00","","0.09","0.0000","0.0000"
"12/02/2026","ACCESS","19.57","16.20","17.80","17.80","19.57","19.57","1.77","19.57","","4.0000","88.0000"
"12/02/2026","ADB","5.06","5.06","5.06","5.06","5.06","5.06","0.00","5.06","","100.0000","506.0000"
"12/02/2026","AGA","37.00","37.00","37.00","37.00","37.00","37.00","0.00","40.70","","0.0000","0.0000"
"12/02/2026","**ALW**","0.10","0.10","0.10","0.10","0.10","0.10","0.00","","","0.0000","0.0000"
"12/02/2026","ASG","8.89","8.89","8.89","8.89","8.89","8.89","0.00","8.89","","0.0000","0.0000"
"12/02/2026","ALLGH","6.12","6.12","6.12","6.12","6.12","6.12","0.00","","6.12","339.0000","2.0000"
"12/02/2026","BOPP","66.01","55.82","66.01","66.01","66.01","66.01","0.00","66.01","","1.0000","66.0000"
"12/02/2026","CAL","0.85","0.61","0.80","0.80","0.85","0.85","0.05","0.85","0.86","1.0000","1.0000"
"12/02/2026","CLYD","0.53","0.46","0.53","0.53","0.53","0.53","0.00","0.55","","107.0000","58.8500"
"12/02/2026","CMLT","0.14","0.14","0.14","0.14","0.14","0.14","0.00","0.15","","0.0000","0.0000"
"12/02/2026","CPC","0.06","0.05","0.06","0.06","0.06","0.06","0.00","0.07","","320.0000","22.4000"
"12/02/2026","DASPHARMA","0.38","0.38","0.38","0.38","0.38","0.38","0.00","0.38","","7.0000","2.6600"
"12/02/2026","EGH","34.50","25.00","31.50","31.50","34.50","34.50","3.00","34.50","","7.0000","259.0000"
"12/02/2026","EGL","4.50","3.48","4.50","4.50","4.50","4.50","0.00","4.52","","1.0000","4.5200"
"12/02/2026","ETI","0.81","0.76","0.77","0.77","0.81","0.81","0.04","0.81","","210.0000","169.0000"
"12/02/2026","FML","9.03","8.00","8.50","8.50","9.35","9.03","0.53","9.10","9.35","80.0000","727.0000"
"12/02/2026","FAB","7.80","7.71","7.80","7.80","7.80","7.80","0.00","","","0.0000","0.0000"
"12/02/2026","GCB","22.65","20.11","22.55","22.55","22.65","22.65","0.10","22.66","","729.0000","16.0000"
"12/02/2026","GGBL","8.45","6.60","8.45","8.45","8.45","8.45","0.00","8.45","9.25","6.0000","50.7000"
"12/02/2026","GOIL","3.40","2.96","3.40","3.40","3.40","3.40","0.00","3.56","","1.0000","4.0000"
"12/02/2026","MAC","5.20","5.20","5.20","5.20","5.20","5.20","0.00","5.20","","1.0000","5.2000"
"12/02/2026","MTNGH","4.50","4.20","4.41","4.41","4.50","4.50","0.09","4.51","4.84","10.0000","45.0000"
"12/02/2026","PBC**","0.02","0.02","0.02","0.02","0.02","0.02","0.00","","","0.0000","0.0000"
"12/02/2026","RBGH","1.36","1.30","1.36","1.36","1.36","1.36","0.00","1.41","","101.0000","142.4100"
"12/02/2026","SCB","29.30","29.22","29.30","29.30","29.30","29.30","0.00","29.30","","0.0000","0.0000"
"12/02/2026","SIC","1.59","1.20","1.59","1.59","1.59","1.59","0.00","1.65","","619.0000","1.0000"
"12/02/2026","SOGEGH","5.56","4.49","5.52","5.52","5.56","5.56","0.04","5.57","","5.0000","28.0000"
"12/02/2026","TBL","1.20","1.20","1.20","1.20","1.20","1.20","0.00","1.32","","0.0000","0.0000"
"12/02/2026","TOTAL","40.30","40.19","40.19","40.19","40.19","40.19","0.00","","40.19","977.0000","39.0000"
"12/02/2026","TLW","11.92","11.92","11.92","11.92","11.92","11.92","0.00","11.92","","0.0000","0.0000"
"12/02/2026","UNIL","19.79","19.79","19.79","19.79","19.79","19.79","0.00","19.80","21.76","98.0000","1.0000"
"12/02/2026","AADS","0.42","0.42","0.42","0.42","0.42","0.42","0.00","0.46","","0.0000","0.0000"
"12/02/2026","SCBPREF","0.90","0.90","0.90","0.90","0.90","0.90","0.00","","","0.0000","0.0000"
"12/02/2026","GLD","494.77","466.72","466.72","466.72","466.72","466.72","0.00","475.00","","37.0000","17.0000"
"12/02/2026","SAMBA","0.55","0.55","0.55","0.55","0.55","0.55","0.00","","","0.0000","0.0000"
"12/02/2026","MMH","0.10","0.10","0.10","0.10","0.10","0.10","0.00","","","0.0000","0.0000"
"12/02/2026","HORDS","0.10","0.10","0.10","0.10","0.10","0.10","0.00","","","0.0000","0.0000"
"12/02/2026","IIL","0.05","0.05","0.05","0.05","0.05","0.05","0.00","","","0.0000","0.0000"
"12/02/2026","DIGICUT","0.09","0.09","0.09","0.09","0.09","0.09","0.00","","0.09","0.0000","0.0000"
"11/02/2026","ACCESS","17.80","16.20","17.80","17.80","17.80","17.80","0.00","19.57","19.58","13.0000","234.0000"
"11/02/2026","ADB","5.06","5.06","5.06","5.06","5.06","5.06","0.00","5.06","","40.0000","202.4000"
"11/02/2026","AGA","37.00","37.00","37.00","37.00","37.00","37.00","0.00","40.70","","0.0000","0.0000"
"11/02/2026","**ALW**","0.10","0.10","0.10","0.10","0.10","0.10","0.00","","","0.0000","0.0000"
"11/02/2026","ASG","8.89","8.89","8.89","8.89","8.89","8.89","0.00","8.89","","0.0000","0.0000"
"11/02/2026","ALLGH","6.12","6.12","6.12","6.12","6.12","6.12","0.00","","6.12","953.0000","5.0000"
"11/02/2026","BOPP","66.01","55.82","66.00","66.00","66.02","66.01","0.01","66.02","","3.0000","230.0000"
"11/02/2026","CAL","0.81","0.61","0.80","0.80","0.80","0.80","0.00","0.81","0.83","506.0000","405.0000"
"11/02/2026","CLYD","0.53","0.46","0.53","0.53","0.53","0.53","0.00","0.54","","0.0000","0.0000"
"11/02/2026","CMLT","0.14","0.14","0.14","0.14","0.14","0.14","0.00","0.14","","0.0000","0.0000"
"11/02/2026","CPC","0.06","0.05","0.06","0.06","0.06","0.06","0.00","0.06","","0.0000","0.0000"
"11/02/2026","DASPHARMA","0.38","0.38","0.38","0.38","0.38","0.38","0.00","0.38","","0.0000","0.0000"
"11/02/2026","EGH","31.50","25.00","28.97","28.97","31.50","31.50","2.53","31.51","","7.0000","250.0000"
"11/02/2026","EGL","4.50","3.48","4.50","4.50","4.50","4.50","0.00","4.52","","0.0000","0.0000"
"11/02/2026","ETI","0.77","0.76","0.74","0.74","0.77","0.77","0.03","0.76","0.77","63.0000","48.0000"
"11/02/2026","FML","8.20","8.00","8.50","8.50","8.50","8.50","0.00","8.50","","58.0000","493.0000"
"11/02/2026","FAB","7.80","7.71","7.80","7.80","7.80","7.80","0.00","","","0.0000","0.0000"
"11/02/2026","GCB","22.55","20.11","22.55","22.55","22.55","22.55","0.00","22.65","","194.0000","4.0000"
"11/02/2026","GGBL","8.45","6.60","8.45","8.45","8.45","8.45","0.00","8.50","9.25","603.0000","5.0000"
"11/02/2026","GOIL","3.40","2.96","3.40","3.40","3.40","3.40","0.00","3.61","","0.0000","0.0000"
"11/02/2026","MAC","5.20","5.20","5.20","5.20","5.20","5.20","0.00","","","0.0000","0.0000"
"11/02/2026","MTNGH","4.41","4.20","4.39","4.39","4.50","4.41","0.02","4.40","4.50","1.0000","5.0000"
"11/02/2026","PBC**","0.02","0.02","0.02","0.02","0.02","0.02","0.00","","","0.0000","0.0000"
"11/02/2026","RBGH","1.36","1.30","1.36","1.36","1.36","1.36","0.00","1.41","","0.0000","0.0000"
"11/02/2026","SCB","29.30","29.22","29.27","29.27","29.31","29.30","0.03","29.31","","3.0000","97.0000"
"11/02/2026","SIC","1.59","1.20","1.45","1.45","1.59","1.59","0.14","1.59","","23.0000","36.0000"
"11/02/2026","SOGEGH","5.52","4.49","5.52","5.52","5.52","5.52","0.00","5.54","","0.0000","0.0000"
"11/02/2026","TBL","1.20","1.20","1.20","1.20","1.20","1.20","0.00","1.32","","0.0000","0.0000"
"11/02/2026","TOTAL","40.30","40.19","40.19","40.19","40.19","40.19","0.00","","40.19","1.0000","61.0000"
"11/02/2026","TLW","11.92","11.92","11.92","11.92","11.92","11.92","0.00","","","0.0000","0.0000"
"11/02/2026","UNIL","19.79","19.79","19.79","19.79","19.79","19.79","0.00","19.79","21.76","0.0000","0.0000"
"11/02/2026","AADS","0.42","0.42","0.42","0.42","0.42","0.42","0.00","0.46","","0.0000","0.0000"
"11/02/2026","SCBPREF","0.90","0.90","0.90","0.90","0.90","0.90","0.00","","","0.0000","0.0000"
"11/02/2026","GLD","494.77","466.72","466.72","466.72","466.72","466.72","0.00","475.00","","29.0000","14.0000"
"11/02/2026","SAMBA","0.55","0.55","0.55","0.55","0.55","0.55","0.00","","","0.0000","0.0000"
"11/02/2026","MMH","0.10","0.10","0.10","0.10","0.10","0.10","0.00","","","0.0000","0.0000"
"11/02/2026","HORDS","0.10","0.10","0.10","0.10","0.10","0.10","0.00","","","0.0000","0.0000"
"11/02/2026","IIL","0.05","0.05","0.05","0.05","0.05","0.05","0.00","","","0.0000","0.0000"
"11/02/2026","DIGICUT","0.09","0.09","0.09","0.09","0.09","0.09","0.00","","0.09","0.0000","0.0000"
"10/02/2026","ACCESS","17.80","16.20","17.80","17.80","17.80","17.80","0.00","17.80","19.58","14.0000","249.2000"
"10/02/2026","ADB","5.06","5.06","5.06","5.06","5.06","5.06","0.00","5.06","","2.0000","10.1200"
"10/02/2026","AGA","37.00","37.00","37.00","37.00","37.00","37.00","0.00","40.70","","0.0000","0.0000"
"10/02/2026","**ALW**","0.10","0.10","0.10","0.10","0.10","0.10","0.00","","","0.0000","0.0000"
"10/02/2026","ASG","8.89","8.89","8.89","8.89","8.89","8.89","0.00","8.89","","0.0000","0.0000"
"10/02/2026","ALLGH","6.12","6.12","6.12","6.12","6.12","6.12","0.00","","6.12","1.0000","9.0000"
"10/02/2026","BOPP","66.00","55.82","64.00","64.00","66.00","66.00","2.00","66.00","","1.0000","70.0000"
"10/02/2026","CAL","0.81","0.61","0.81","0.81","0.80","0.80","-0.01","0.74","0.79","1.0000","1.0000"
"10/02/2026","CLYD","0.53","0.46","0.50","0.50","0.53","0.53","0.03","0.53","","2.0000","1.0000"
"10/02/2026","CMLT","0.14","0.14","0.14","0.14","0.14","0.14","0.00","0.14","","0.0000","0.0000"
"10/02/2026","CPC","0.06","0.05","0.06","0.06","0.06","0.06","0.00","0.06","","0.0000","0.0000"
"10/02/2026","DASPHARMA","0.38","0.38","0.38","0.38","0.38","0.38","0.00","0.38","","412.0000","156.5600"
"10/02/2026","EGH","28.97","25.00","28.97","28.97","28.97","28.97","0.00","29.00","","135.0000","3.0000"
"10/02/2026","EGL","4.50","3.48","4.50","4.50","4.50","4.50","0.00","4.52","","1.0000","4.0000"
"10/02/2026","ETI","0.77","0.76","0.77","0.77","0.75","0.74","-0.03","0.70","0.77","92.0000","68.0000"
"10/02/2026","FML","8.20","8.00","8.20","8.20","8.50","8.50","0.30","8.50","","29.0000","246.0000"
"10/02/2026","FAB","7.80","7.71","7.78","7.78","7.80","7.80","0.02","","","3.0000","23.0000"
"10/02/2026","GCB","22.55","20.11","22.45","22.45","22.60","22.55","0.10","22.60","","26.0000","600.0000"
"10/02/2026","GGBL","8.45","6.60","8.45","8.45","8.45","8.45","0.00","8.45","9.29","6.0000","50.7000"
"10/02/2026","GOIL","3.40","2.96","3.20","3.20","3.40","3.40","0.20","3.40","","20.0000","68.0000"
"10/02/2026","MAC","5.20","5.20","5.20","5.20","5.20","5.20","0.00","5.20","","0.0000","0.0000"
"10/02/2026","MTNGH","4.39","4.20","4.22","4.22","4.40","4.39","0.17","4.39","4.40","1.0000","6.0000"
"10/02/2026","PBC**","0.02","0.02","0.02","0.02","0.02","0.02","0.00","","","0.0000","0.0000"
"10/02/2026","RBGH","1.36","1.30","1.36","1.36","1.36","1.36","0.00","1.38","","0.0000","0.0000"
"10/02/2026","SCB","29.27","29.22","29.27","29.27","29.27","29.27","0.00","29.31","","0.0000","0.0000"
"10/02/2026","SIC","1.45","1.20","1.41","1.41","1.45","1.45","0.04","1.50","","7.0000","10.0000"
"10/02/2026","SOGEGH","5.52","4.49","5.52","5.52","5.52","5.52","0.00","5.53","","0.0000","0.0000"
"10/02/2026","TBL","1.20","1.20","1.20","1.20","1.20","1.20","0.00","1.32","","0.0000","0.0000"
"10/02/2026","TOTAL","40.30","40.19","40.19","40.19","40.19","40.19","0.00","","40.19","1.0000","40.0000"
"10/02/2026","TLW","11.92","11.92","11.92","11.92","11.92","11.92","0.00","11.92","","0.0000","0.0000"
"10/02/2026","UNIL","19.79","19.79","19.79","19.79","19.79","19.79","0.00","19.79","21.76","627.0000","12.0000"
"10/02/2026","AADS","0.42","0.42","0.42","0.42","0.42","0.42","0.00","0.46","","0.0000","0.0000"
"10/02/2026","SCBPREF","0.90","0.90","0.90","0.90","0.90","0.90","0.00","0.90","","0.0000","0.0000"
"10/02/2026","GLD","494.77","466.72","466.72","466.72","466.72","466.72","0.00","475.00","","6.0000","2.0000"
"10/02/2026","SAMBA","0.55","0.55","0.55","0.55","0.55","0.55","0.00","","","0.0000","0.0000"
"10/02/2026","MMH","0.10","0.10","0.10","0.10","0.10","0.10","0.00","","","0.0000","0.0000"
"10/02/2026","HORDS","0.10","0.10","0.10","0.10","0.10","0.10","0.00","","0.10","0.0000","0.0000"
"10/02/2026","IIL","0.05","0.05","0.05","0.05","0.05","0.05","0.00","","","0.0000","0.0000"
"10/02/2026","DIGICUT","0.09","0.09","0.09","0.09","0.09","0.09","0.00","","0.09","0.0000","0.0000"
"09/02/2026","ACCESS","17.80","16.20","17.80","17.80","17.80","17.80","0.00","16.20","16.21","362.0000","6.0000"
"09/02/2026","ADB","5.06","5.06","5.06","5.06","5.06","5.06","0.00","5.06","","8.0000","40.4800"
"09/02/2026","AGA","37.00","37.00","37.00","37.00","37.00","37.00","0.00","40.70","","0.0000","0.0000"
"09/02/2026","**ALW**","0.10","0.10","0.10","0.10","0.10","0.10","0.00","","","0.0000","0.0000"
"09/02/2026","ASG","8.89","8.89","8.89","8.89","8.89","8.89","0.00","8.89","","0.0000","0.0000"
"09/02/2026","ALLGH","6.12","6.12","6.12","6.12","6.12","6.12","0.00","","6.12","2.0000","13.0000"
"09/02/2026","BOPP","64.00","55.82","64.00","64.00","64.00","64.00","0.00","64.00","","50.0000","3.0000"
"09/02/2026","CAL","0.81","0.61","0.80","0.80","0.81","0.81","0.01","","0.79","39.0000","32.0000"
"09/02/2026","CLYD","0.50","0.46","0.50","0.50","0.50","0.50","0.00","0.53","","410.0000","225.5000"
"09/02/2026","CMLT","0.14","0.14","0.14","0.14","0.14","0.14","0.00","0.14","","500.0000","70.0000"
"09/02/2026","CPC","0.06","0.05","0.06","0.06","0.06","0.06","0.00","0.06","","140.0000","9.8000"
"09/02/2026","DASPHARMA","0.38","0.38","0.38","0.38","0.38","0.38","0.00","0.38","","48.0000","18.2400"
"09/02/2026","EGH","28.97","25.00","28.97","28.97","28.97","28.97","0.00","28.96","","90.0000","2.0000"
"09/02/2026","EGL","4.50","3.48","4.23","4.23","4.50","4.50","0.27","3.85","","1.0000","4.0000"
"09/02/2026","ETI","0.77","0.76","0.77","0.77","0.77","0.77","0.00","0.70","0.77","55.0000","42.0000"
"09/02/2026","FML","8.20","8.00","8.20","8.20","8.20","8.20","0.00","8.00","","1.0000","14.0000"
"09/02/2026","FAB","7.78","7.71","7.78","7.78","7.78","7.78","0.00","","","0.0000","0.0000"
"09/02/2026","GCB","22.45","20.11","22.44","22.44","22.45","22.45","0.01","22.35","","19.0000","432.0000"
"09/02/2026","GGBL","8.45","6.60","8.39","8.39","8.45","8.45","0.06","6.60","","50.0000","423.0000"
"09/02/2026","GOIL","3.20","2.96","3.20","3.20","3.20","3.20","0.00","3.08","","170.0000","595.0000"
"09/02/2026","MAC","5.20","5.20","5.20","5.20","5.20","5.20","0.00","5.20","","0.0000","0.0000"
"09/02/2026","MTNGH","4.25","4.20","4.21","4.21","4.22","4.22","0.01","4.18","4.20","10.0000","42.0000"
"09/02/2026","PBC**","0.02","0.02","0.02","0.02","0.02","0.02","0.00","","","0.0000","0.0000"
"09/02/2026","RBGH","1.36","1.30","1.34","1.34","1.36","1.36","0.02","1.34","","7.0000","10.0000"
"09/02/2026","SCB","29.27","29.22","29.27","29.27","29.27","29.27","0.00","29.30","","0.0000","0.0000"
"09/02/2026","SIC","1.41","1.20","1.37","1.37","1.41","1.41","0.04","","1.20","3.0000","5.0000"
"09/02/2026","SOGEGH","5.52","4.49","5.50","5.50","5.52","5.52","0.02","4.71","","2.0000","13.0000"
"09/02/2026","TBL","1.20","1.20","1.20","1.20","1.20","1.20","0.00","1.32","","0.0000","0.0000"
"09/02/2026","TOTAL","40.30","40.19","40.19","40.19","40.19","40.19","0.00","40.19","40.20","65.0000","2.0000"
"09/02/2026","TLW","11.92","11.92","11.92","11.92","11.92","11.92","0.00","11.92","","11.0000","131.1200"
"09/02/2026","UNIL","19.79","19.79","19.79","19.79","19.79","19.79","0.00","19.79","","315.0000","6.0000"
"09/02/2026","AADS","0.42","0.42","0.42","0.42","0.42","0.42","0.00","0.46","","0.0000","0.0000"
"09/02/2026","SCBPREF","0.90","0.90","0.90","0.90","0.90","0.90","0.00","0.90","","0.0000","0.0000"
"09/02/2026","GLD","494.77","466.72","466.72","466.72","466.72","466.72","0.00","466.72","","4.0000","1.0000"
"09/02/2026","SAMBA","0.55","0.55","0.55","0.55","0.55","0.55","0.00","","","0.0000","0.0000"
"09/02/2026","MMH","0.10","0.10","0.10","0.10","0.10","0.10","0.00","","","0.0000","0.0000"
"09/02/2026","HORDS","0.10","0.10","0.10","0.10","0.10","0.10","0.00","","0.10","0.0000","0.0000"
"09/02/2026","IIL","0.05","0.05","0.05","0.05","0.05","0.05","0.00","","","0.0000","0.0000"
"09/02/2026","DIGICUT","0.09","0.09","0.09","0.09","0.09","0.09","0.00","","","0.0000","0.0000"
"06/02/2026","ACCESS","17.80","16.20","17.80","17.80","17.80","17.80","0.00","16.20","16.21","0.0000","0.0000"
"06/02/2026","ADB","5.06","5.06","5.06","5.06","5.06","5.06","0.00","5.06","","0.0000","0.0000"
"06/02/2026","AGA","37.00","37.00","37.00","37.00","37.00","37.00","0.00","40.70","","0.0000","0.0000"
"06/02/2026","**ALW**","0.10","0.10","0.10","0.10","0.10","0.10","0.00","","","0.0000","0.0000"
"06/02/2026","ASG","8.89","8.89","8.89","8.89","8.89","8.89","0.00","8.89","","0.0000","0.0000"
"06/02/2026","ALLGH","6.12","6.12","6.12","6.12","6.12","6.12","0.00","","6.12","608.0000","3.0000"
"06/02/2026","BOPP","64.00","55.82","64.00","64.00","64.00","64.00","0.00","64.00","","0.0000","0.0000"
"06/02/2026","CAL","0.81","0.61","0.81","0.81","0.80","0.80","-0.01","","0.79","1.0000","898.0000"
"06/02/2026","CLYD","0.50","0.46","0.50","0.50","0.50","0.50","0.00","0.53","","0.0000","0.0000"
"06/02/2026","CMLT","0.14","0.14","0.14","0.14","0.14","0.14","0.00","0.14","","0.0000","0.0000"
"06/02/2026","CPC","0.06","0.05","0.06","0.06","0.06","0.06","0.00","0.06","","0.0000","0.0000"
"06/02/2026","DASPHARMA","0.38","0.38","0.38","0.38","0.38","0.38","0.00","0.38","","0.0000","0.0000"
"06/02/2026","EGH","28.97","25.00","28.93","28.93","28.97","28.97","0.04","28.96","","1.0000","46.0000"
"06/02/2026","EGL","4.23","3.48","4.23","4.23","4.23","4.23","0.00","3.85","","0.0000","0.0000"
"06/02/2026","ETI","0.77","0.76","0.77","0.77","0.77","0.77","0.00","0.70","0.77","63.0000","48.0000"
"06/02/2026","FML","8.20","8.00","8.00","8.00","8.50","8.20","0.20","8.00","","121.0000","993.0000"
"06/02/2026","FAB","7.78","7.71","7.78","7.78","7.78","7.78","0.00","","","0.0000","0.0000"
"06/02/2026","GCB","22.44","20.11","22.37","22.37","22.44","22.44","0.07","22.35","","2.0000","56.0000"
"06/02/2026","GGBL","8.39","6.60","8.39","8.39","8.39","8.39","0.00","6.60","","2.0000","16.9000"
"06/02/2026","GOIL","3.20","2.96","3.20","3.20","3.20","3.20","0.00","3.08","","0.0000","0.0000"
"06/02/2026","MAC","5.20","5.20","5.20","5.20","5.20","5.20","0.00","5.20","","0.0000","0.0000"
"06/02/2026","MTNGH","4.25","4.20","4.20","4.20","4.21","4.21","0.01","4.18","4.20","1.0000","6.0000"
"06/02/2026","PBC**","0.02","0.02","0.02","0.02","0.02","0.02","0.00","","","0.0000","0.0000"
"06/02/2026","RBGH","1.34","1.30","1.34","1.34","1.34","1.34","0.00","1.34","","30.0000","40.8000"
"06/02/2026","SCB","29.27","29.22","29.27","29.27","29.27","29.27","0.00","29.30","","0.0000","0.0000"
"06/02/2026","SIC","1.37","1.20","1.25","1.25","1.37","1.37","0.12","","1.20","153.0000","210.0000"
"06/02/2026","SOGEGH","5.50","4.49","5.50","5.50","5.50","5.50","0.00","4.71","","0.0000","0.0000"
"06/02/2026","TBL","1.20","1.20","1.20","1.20","1.20","1.20","0.00","1.32","","0.0000","0.0000"
"06/02/2026","TOTAL","40.30","40.19","40.19","40.19","40.19","40.19","0.00","40.19","40.20","3.0000","133.0000"
"06/02/2026","TLW","11.92","11.92","11.92","11.92","11.92","11.92","0.00","11.92","","0.0000","0.0000"
"06/02/2026","UNIL","19.79","19.79","19.79","19.79","19.79","19.79","0.00","19.79","","4.0000","79.1600"
"06/02/2026","AADS","0.42","0.42","0.42","0.42","0.42","0.42","0.00","0.46","","0.0000","0.0000"
"06/02/2026","SCBPREF","0.90","0.90","0.90","0.90","0.90","0.90","0.00","0.90","","0.0000","0.0000"
"06/02/2026","GLD","494.77","466.72","466.72","466.72","466.72","466.72","0.00","466.72","","0.0000","0.0000"
"06/02/2026","SAMBA","0.55","0.55","0.55","0.55","0.55","0.55","0.00","","","0.0000","0.0000"
"06/02/2026","MMH","0.10","0.10","0.10","0.10","0.10","0.10","0.00","","","0.0000","0.0000"
"06/02/2026","HORDS","0.10","0.10","0.10","0.10","0.10","0.10","0.00","","0.10","0.0000","0.0000"
"06/02/2026","IIL","0.05","0.05","0.05","0.05","0.05","0.05","0.00","","","0.0000","0.0000"
"06/02/2026","DIGICUT","0.09","0.09","0.09","0.09","0.09","0.09","0.00","","","0.0000","0.0000"
"05/02/2026","ACCESS","17.80","16.20","17.80","17.80","17.80","17.80","0.00","16.20","16.21","181.0000","3.0000"
"05/02/2026","ADB","5.06","5.06","5.06","5.06","5.06","5.06","0.00","5.06","","3.0000","15.1800"
"05/02/2026","AGA","37.00","37.00","37.00","37.00","37.00","37.00","0.00","40.70","","0.0000","0.0000"
"05/02/2026","**ALW**","0.10","0.10","0.10","0.10","0.10","0.10","0.00","","","0.0000","0.0000"
"05/02/2026","ASG","8.89","8.89","8.89","8.89","8.89","8.89","0.00","8.89","","0.0000","0.0000"
"05/02/2026","ALLGH","6.12","6.12","6.12","6.12","6.12","6.12","0.00","","6.12","406.0000","2.0000"
"05/02/2026","BOPP","64.00","55.82","64.00","64.00","64.00","64.00","0.00","64.00","","608.0000","38.0000"
"05/02/2026","CAL","0.81","0.61","0.81","0.81","0.81","0.81","0.00","","0.79","156.0000","127.0000"
"05/02/2026","CLYD","0.50","0.46","0.50","0.50","0.50","0.50","0.00","0.53","","2.0000","1.0000"
"05/02/2026","CMLT","0.14","0.14","0.14","0.14","0.14","0.14","0.00","0.14","","0.0000","0.0000"
"05/02/2026","CPC","0.06","0.05","0.06","0.06","0.06","0.06","0.00","0.06","","0.0000","0.0000"
"05/02/2026","DASPHARMA","0.38","0.38","0.38","0.38","0.38","0.38","0.00","0.38","","0.0000","0.0000"
"05/02/2026","EGH","28.93","25.00","28.93","28.93","28.93","28.93","0.00","28.96","","0.0000","0.0000"
"05/02/2026","EGL","4.23","3.48","4.23","4.23","4.23","4.23","0.00","3.85","","1.0000","4.5000"
"05/02/2026","ETI","0.77","0.76","0.77","0.77","0.77","0.77","0.00","0.70","0.77","63.0000","48.0000"
"05/02/2026","FML","8.00","8.00","8.00","8.00","8.00","8.00","0.00","8.00","","18.0000","145.0000"
"05/02/2026","FAB","7.78","7.71","7.78","7.78","7.78","7.78","0.00","","","0.0000","0.0000"
"05/02/2026","GCB","22.37","20.11","22.36","22.36","22.37","22.37","0.01","22.35","","467.0000","10.0000"
"05/02/2026","GGBL","8.39","6.60","7.90","7.90","8.68","8.39","0.49","6.60","","12.0000","105.0000"
"05/02/2026","GOIL","3.20","2.96","3.20","3.20","3.20","3.20","0.00","3.08","","2.0000","8.0000"
"05/02/2026","MAC","5.20","5.20","5.20","5.20","5.20","5.20","0.00","5.20","","0.0000","0.0000"
"05/02/2026","MTNGH","4.25","4.20","4.20","4.20","4.20","4.20","0.00","4.18","4.20","34.0000","145.0000"
"05/02/2026","PBC**","0.02","0.02","0.02","0.02","0.02","0.02","0.00","","","0.0000","0.0000"
"05/02/2026","RBGH","1.34","1.30","1.34","1.34","1.34","1.34","0.00","1.34","","353.0000","476.5500"
"05/02/2026","SCB","29.27","29.22","29.27","29.27","29.27","29.27","0.00","29.30","","10.0000","293.1000"
"05/02/2026","SIC","1.25","1.20","1.25","1.25","1.25","1.25","0.00","","1.20","6.0000","8.0000"
"05/02/2026","SOGEGH","5.50","4.49","5.00","5.00","5.50","5.50","0.50","4.71","","25.0000","137.0000"
"05/02/2026","TBL","1.20","1.20","1.20","1.20","1.20","1.20","0.00","1.32","","0.0000","0.0000"
"05/02/2026","TOTAL","40.30","40.19","40.19","40.19","40.19","40.19","0.00","40.19","40.20","1.0000","57.0000"
"05/02/2026","TLW","11.92","11.92","11.92","11.92","11.92","11.92","0.00","11.92","","0.0000","0.0000"
"05/02/2026","UNIL","19.79","19.79","19.79","19.79","19.79","19.79","0.00","19.79","","520.0000","10.0000"
"05/02/2026","AADS","0.42","0.42","0.42","0.42","0.42","0.42","0.00","0.46","","0.0000","0.0000"
"05/02/2026","SCBPREF","0.90","0.90","0.90","0.90","0.90","0.90","0.00","0.90","","0.0000","0.0000"
"05/02/2026","GLD","494.77","466.72","466.72","466.72","466.72","466.72","0.00","466.72","","16.0000","7.0000"
"05/02/2026","SAMBA","0.55","0.55","0.55","0.55","0.55","0.55","0.00","","","0.0000","0.0000"
"05/02/2026","MMH","0.10","0.10","0.10","0.10","0.10","0.10","0.00","","","0.0000","0.0000"
"05/02/2026","HORDS","0.10","0.10","0.10","0.10","0.10","0.10","0.00","","0.10","0.0000","0.0000"
"05/02/2026","IIL","0.05","0.05","0.05","0.05","0.05","0.05","0.00","","","0.0000","0.0000"
"05/02/2026","DIGICUT","0.09","0.09","0.09","0.09","0.09","0.09","0.00","","","0.0000","0.0000"
"04/02/2026","ACCESS","17.80","16.20","16.21","16.21","17.80","17.80","1.59","16.20","16.21","4.0000","74.0000"
"04/02/2026","ADB","5.06","5.06","5.06","5.06","5.06","5.06","0.00","5.06","","0.0000","0.0000"
"04/02/2026","AGA","37.00","37.00","37.00","37.00","37.00","37.00","0.00","40.70","","0.0000","0.0000"
"04/02/2026","**ALW**","0.10","0.10","0.10","0.10","0.10","0.10","0.00","","","0.0000","0.0000"
"04/02/2026","ASG","8.89","8.89","8.89","8.89","8.89","8.89","0.00","8.89","","0.0000","0.0000"
"04/02/2026","ALLGH","6.12","6.12","6.12","6.12","6.12","6.12","0.00","","6.12","1.0000","9.0000"
"04/02/2026","BOPP","64.00","55.82","64.00","64.00","64.00","64.00","0.00","64.00","","282.0000","18.0000"
"04/02/2026","CAL","0.81","0.61","0.81","0.81","0.81","0.81","0.00","","0.79","505.0000","409.0000"
"04/02/2026","CLYD","0.50","0.46","0.50","0.50","0.50","0.50","0.00","0.53","","0.0000","0.0000"
"04/02/2026","CMLT","0.14","0.14","0.14","0.14","0.14","0.14","0.00","0.14","","0.0000","0.0000"
"04/02/2026","CPC","0.06","0.05","0.06","0.06","0.06","0.06","0.00","0.06","","0.0000","0.0000"
"04/02/2026","DASPHARMA","0.38","0.38","0.38","0.38","0.38","0.38","0.00","0.38","","0.0000","0.0000"
"04/02/2026","EGH","28.93","25.00","28.93","28.93","28.93","28.93","0.00","28.96","","19.0000","550.2400"
"04/02/2026","EGL","4.23","3.48","3.85","3.85","4.23","4.23","0.38","3.85","","5.0000","21.0000"
"04/02/2026","ETI","0.77","0.76","0.77","0.77","0.77","0.77","0.00","0.70","0.77","101.0000","78.0000"
"04/02/2026","FML","8.00","8.00","8.00","8.00","8.00","8.00","0.00","8.00","","20.0000","162.0000"
"04/02/2026","FAB","7.78","7.71","7.78","7.78","7.78","7.78","0.00","","","0.0000","0.0000"
"04/02/2026","GCB","22.36","20.11","22.33","22.33","22.36","22.36","0.03","22.35","","165.0000","3.0000"
"04/02/2026","GGBL","7.90","6.60","7.26","7.26","7.90","7.90","0.64","6.60","","40.0000","319.0000"
"04/02/2026","GOIL","3.20","2.96","3.08","3.08","3.20","3.20","0.12","3.08","","100.0000","320.0000"
"04/02/2026","MAC","5.20","5.20","5.20","5.20","5.20","5.20","0.00","5.20","","2.0000","10.4000"
"04/02/2026","MTNGH","4.25","4.20","4.20","4.20","4.20","4.20","0.00","4.18","4.20","25.0000","105.0000"
"04/02/2026","PBC**","0.02","0.02","0.02","0.02","0.02","0.02","0.00","","","0.0000","0.0000"
"04/02/2026","RBGH","1.34","1.30","1.34","1.34","1.34","1.34","0.00","1.34","","500.0000","670.0000"
"04/02/2026","SCB","29.27","29.22","29.27","29.27","29.27","29.27","0.00","29.30","","203.0000","5.0000"
"04/02/2026","SIC","1.25","1.20","1.25","1.25","1.25","1.25","0.00","","1.20","97.0000","121.0000"
"04/02/2026","SOGEGH","5.00","4.49","4.71","4.71","5.00","5.00","0.29","4.71","","10.0000","50.0000"
"04/02/2026","TBL","1.20","1.20","1.20","1.20","1.20","1.20","0.00","1.32","","0.0000","0.0000"
"04/02/2026","TOTAL","40.30","40.19","40.19","40.19","40.19","40.19","0.00","40.19","40.20","6.0000","273.0000"
"04/02/2026","TLW","11.92","11.92","11.92","11.92","11.92","11.92","0.00","11.92","","0.0000","0.0000"
"04/02/2026","UNIL","19.79","19.79","19.79","19.79","19.79","19.79","0.00","19.79","","21.0000","415.5900"
"04/02/2026","AADS","0.42","0.42","0.42","0.42","0.42","0.42","0.00","0.46","","0.0000","0.0000"
"04/02/2026","SCBPREF","0.90","0.90","0.90","0.90","0.90","0.90","0.00","0.90","","0.0000","0.0000"
"04/02/2026","GLD","494.77","466.72","466.72","466.72","466.72","466.72","0.00","466.72","","1.0000","466.7200"
"04/02/2026","SAMBA","0.55","0.55","0.55","0.55","0.55","0.55","0.00","","","0.0000","0.0000"
"04/02/2026","MMH","0.10","0.10","0.10","0.10","0.10","0.10","0.00","","","0.0000","0.0000"
"04/02/2026","HORDS","0.10","0.10","0.10","0.10","0.10","0.10","0.00","","0.10","0.0000","0.0000"
"04/02/2026","IIL","0.05","0.05","0.05","0.05","0.05","0.05","0.00","","","0.0000","0.0000"
"04/02/2026","DIGICUT","0.09","0.09","0.09","0.09","0.09","0.09","0.00","","","0.0000","0.0000"
"03/02/2026","ACCESS","16.21","16.20","16.21","16.21","16.21","16.21","0.00","16.20","16.21","116.0000","1.0000"
"03/02/2026","ADB","5.06","5.06","5.06","5.06","5.06","5.06","0.00","5.06","","80.0000","404.8000"
"03/02/2026","AGA","37.00","37.00","37.00","37.00","37.00","37.00","0.00","40.70","","0.0000","0.0000"
"03/02/2026","**ALW**","0.10","0.10","0.10","0.10","0.10","0.10","0.00","","","0.0000","0.0000"
"03/02/2026","ASG","8.89","8.89","8.89","8.89","8.89","8.89","0.00","8.89","","0.0000","0.0000"
"03/02/2026","ALLGH","6.12","6.12","6.12","6.12","6.12","6.12","0.00","","6.12","6.0000","39.0000"
"03/02/2026","BOPP","64.00","55.82","64.00","64.00","64.00","64.00","0.00","64.00","","0.0000","0.0000"
"03/02/2026","CAL","0.81","0.61","0.79","0.79","0.81","0.81","0.02","","0.79","655.0000","529.0000"
"03/02/2026","CLYD","0.50","0.46","0.50","0.50","0.50","0.50","0.00","0.53","","0.0000","0.0000"
"03/02/2026","CMLT","0.14","0.14","0.14","0.14","0.14","0.14","0.00","0.14","","0.0000","0.0000"
"03/02/2026","CPC","0.06","0.05","0.06","0.06","0.06","0.06","0.00","0.06","","0.0000","0.0000"
"03/02/2026","DASPHARMA","0.38","0.38","0.38","0.38","0.38","0.38","0.00","0.38","","10.0000","3.8000"
"03/02/2026","EGH","28.93","25.00","28.93","28.93","28.93","28.93","0.00","28.96","","0.0000","0.0000"
"03/02/2026","EGL","3.85","3.48","3.85","3.85","3.85","3.85","0.00","3.85","","200.0000","770.0000"
"03/02/2026","ETI","0.77","0.76","0.77","0.77","0.77","0.77","0.00","0.70","0.77","90.0000","69.0000"
"03/02/2026","FML","8.00","8.00","8.00","8.00","8.00","8.00","0.00","8.00","","2.0000","17.0000"
"03/02/2026","FAB","7.78","7.71","7.78","7.78","7.78","7.78","0.00","","","0.0000","0.0000"
"03/02/2026","GCB","22.33","20.11","22.33","22.33","22.33","22.33","0.00","22.35","","300.0000","6.0000"
"03/02/2026","GGBL","7.26","6.60","6.60","6.60","7.26","7.26","0.66","6.60","","26.0000","194.0000"
"03/02/2026","GOIL","3.08","2.96","3.08","3.08","3.08","3.08","0.00","3.08","","6.0000","18.7200"
"03/02/2026","MAC","5.20","5.20","5.20","5.20","5.20","5.20","0.00","5.20","","3.0000","15.6000"
"03/02/2026","MTNGH","4.25","4.20","4.20","4.20","4.20","4.20","0.00","4.18","4.20","1.0000","5.0000"
"03/02/2026","PBC**","0.02","0.02","0.02","0.02","0.02","0.02","0.00","","","0.0000","0.0000"
"03/02/2026","RBGH","1.34","1.30","1.34","1.34","1.34","1.34","0.00","1.34","","690.0000","924.6000"
"03/02/2026","SCB","29.27","29.22","29.27","29.27","29.27","29.27","0.00","29.30","","2.0000","58.6200"
"03/02/2026","SIC","1.25","1.20","1.20","1.20","1.25","1.25","0.05","","1.20","110.0000","138.0000"
"03/02/2026","SOGEGH","4.93","4.49","4.71","4.71","4.71","4.71","0.00","4.71","","2.0000","11.0000"
"03/02/2026","TBL","1.20","1.20","1.20","1.20","1.20","1.20","0.00","1.32","","0.0000","0.0000"
"03/02/2026","TOTAL","40.30","40.19","40.19","40.19","40.19","40.19","0.00","40.19","40.20","1.0000","57.0000"
"03/02/2026","TLW","11.92","11.92","11.92","11.92","11.92","11.92","0.00","11.92","","5.0000","59.6000"
"03/02/2026","UNIL","19.79","19.79","19.79","19.79","19.79","19.79","0.00","19.79","","282.0000","5.0000"
"03/02/2026","AADS","0.42","0.42","0.42","0.42","0.42","0.42","0.00","0.46","","0.0000","0.0000"
"03/02/2026","SCBPREF","0.90","0.90","0.90","0.90","0.90","0.90","0.00","0.90","","0.0000","0.0000"
"03/02/2026","GLD","494.77","466.72","466.72","466.72","466.72","466.72","0.00","466.72","","36.0000","16.0000"
"03/02/2026","SAMBA","0.55","0.55","0.55","0.55","0.55","0.55","0.00","","","0.0000","0.0000"
"03/02/2026","MMH","0.10","0.10","0.10","0.10","0.10","0.10","0.00","","","0.0000","0.0000"
"03/02/2026","HORDS","0.10","0.10","0.10","0.10","0.10","0.10","0.00","","0.10","0.0000","0.0000"
"03/02/2026","IIL","0.05","0.05","0.05","0.05","0.05","0.05","0.00","","","0.0000","0.0000"
"03/02/2026","DIGICUT","0.09","0.09","0.09","0.09","0.09","0.09","0.00","","","0.0000","0.0000"
"02/02/2026","ACCESS","16.21","16.20","16.21","16.21","16.21","16.21","0.00","16.20","16.21","4.0000","79.0000"
"02/02/2026","ADB","5.06","5.06","5.06","5.06","5.06","5.06","0.00","5.06","","7.0000","35.4200"
"02/02/2026","AGA","37.00","37.00","37.00","37.00","37.00","37.00","0.00","40.70","","0.0000","0.0000"
"02/02/2026","**ALW**","0.10","0.10","0.10","0.10","0.10","0.10","0.00","","","0.0000","0.0000"
"02/02/2026","ASG","8.89","8.89","8.89","8.89","8.89","8.89","0.00","8.89","","170.0000","1.0000"
"02/02/2026","ALLGH","6.12","6.12","6.12","6.12","6.12","6.12","0.00","","6.12","393.0000","2.0000"
"02/02/2026","BOPP","64.00","55.82","62.60","62.60","64.00","64.00","1.40","64.00","","704.0000","45.0000"
"02/02/2026","CAL","0.81","0.61","0.81","0.81","0.79","0.79","-0.02","","0.79","864.0000","684.0000"
"02/02/2026","CLYD","0.50","0.46","0.50","0.50","0.50","0.50","0.00","0.53","","2.0000","1.0000"
"02/02/2026","CMLT","0.14","0.14","0.14","0.14","0.14","0.14","0.00","0.14","","0.0000","0.0000"
"02/02/2026","CPC","0.06","0.05","0.06","0.06","0.06","0.06","0.00","0.06","","900.0000","54.0000"
"02/02/2026","DASPHARMA","0.38","0.38","0.38","0.38","0.38","0.38","0.00","0.38","","0.0000","0.0000"
"02/02/2026","EGH","28.93","25.00","28.93","28.93","28.93","28.93","0.00","28.96","","126.0000","3.0000"
"02/02/2026","EGL","3.85","3.48","3.54","3.54","3.85","3.85","0.31","3.85","","2.0000","9.0000"
"02/02/2026","ETI","0.77","0.76","0.77","0.77","0.77","0.77","0.00","0.70","0.77","46.0000","35.0000"
"02/02/2026","FML","8.00","8.00","8.00","8.00","8.00","8.00","0.00","8.00","","29.0000","232.0000"
"02/02/2026","FAB","7.78","7.71","7.78","7.78","7.78","7.78","0.00","","","0.0000","0.0000"
"02/02/2026","GCB","22.33","20.11","22.30","22.30","22.33","22.33","0.03","22.35","","2.0000","53.0000"
"02/02/2026","GGBL","6.60","6.60","6.60","6.60","6.60","6.60","0.00","6.60","","74.0000","488.4000"
"02/02/2026","GOIL","3.08","2.96","3.01","3.01","3.08","3.08","0.07","3.08","","1.0000","3.0000"
"02/02/2026","MAC","5.20","5.20","5.20","5.20","5.20","5.20","0.00","5.20","","18.0000","93.6000"
"02/02/2026","MTNGH","4.25","4.20","4.20","4.20","4.20","4.20","0.00","4.18","4.20","411.0000","1.0000"
"02/02/2026","PBC**","0.02","0.02","0.02","0.02","0.02","0.02","0.00","","","0.0000","0.0000"
"02/02/2026","RBGH","1.34","1.30","1.33","1.33","1.34","1.34","0.01","1.34","","1.0000","1.0000"
"02/02/2026","SCB","29.27","29.22","29.27","29.27","29.27","29.27","0.00","29.30","","2.0000","58.6000"
"02/02/2026","SIC","1.20","1.20","1.20","1.20","1.20","1.20","0.00","","1.20","36.0000","44.0000"
"02/02/2026","SOGEGH","4.93","4.49","4.71","4.71","4.71","4.71","0.00","4.71","","3.0000","15.0000"
"02/02/2026","TBL","1.20","1.20","1.20","1.20","1.20","1.20","0.00","1.32","","0.0000","0.0000"
"02/02/2026","TOTAL","40.30","40.19","40.20","40.20","40.19","40.19","-0.01","40.19","40.20","2.0000","93.0000"
"02/02/2026","TLW","11.92","11.92","11.92","11.92","11.92","11.92","0.00","11.92","","100.0000","1.0000"
"02/02/2026","UNIL","19.79","19.79","19.79","19.79","19.79","19.79","0.00","19.79","","200.0000","3.0000"
"02/02/2026","AADS","0.42","0.42","0.42","0.42","0.42","0.42","0.00","0.46","","0.0000","0.0000"
"02/02/2026","SCBPREF","0.90","0.90","0.90","0.90","0.90","0.90","0.00","0.90","","0.0000","0.0000"
"02/02/2026","GLD","494.77","466.72","466.72","466.72","466.72","466.72","0.00","466.72","","142.0000","66.0000"
"02/02/2026","SAMBA","0.55","0.55","0.55","0.55","0.55","0.55","0.00","","","0.0000","0.0000"
"02/02/2026","MMH","0.10","0.10","0.10","0.10","0.10","0.10","0.00","","","0.0000","0.0000"
"02/02/2026","HORDS","0.10","0.10","0.10","0.10","0.10","0.10","0.00","","0.10","0.0000","0.0000"
"02/02/2026","IIL","0.05","0.05","0.05","0.05","0.05","0.05","0.00","","","0.0000","0.0000"
"02/02/2026","DIGICUT","0.09","0.09","0.09","0.09","0.09","0.09","0.00","","","0.0000","0.0000"
"30/01/2026","ACCESS","16.21","16.20","16.21","16.21","16.21","16.21","0.00","16.21","17.80","0.0000","0.0000"
"30/01/2026","ADB","5.06","5.06","5.06","5.06","5.06","5.06","0.00","5.06","","0.0000","0.0000"
"30/01/2026","AGA","37.00","37.00","37.00","37.00","37.00","37.00","0.00","40.70","","0.0000","0.0000"
"30/01/2026","**ALW**","0.10","0.10","0.10","0.10","0.10","0.10","0.00","","","0.0000","0.0000"
"30/01/2026","ASG","8.89","8.89","8.89","8.89","8.89","8.89","0.00","","","0.0000","0.0000"
"30/01/2026","ALLGH","6.12","6.12","6.12","6.12","6.12","6.12","0.00","","6.12","0.0000","0.0000"
"30/01/2026","BOPP","62.60","55.82","62.60","62.60","62.60","62.60","0.00","62.60","","428.0000","26.0000"
"30/01/2026","CAL","0.81","0.61","0.81","0.81","0.81","0.81","0.00","0.81","0.83","303.0000","246.0000"
"30/01/2026","CLYD","0.50","0.46","0.50","0.50","0.55","0.50","0.00","0.52","","0.0000","0.0000"
"30/01/2026","CMLT","0.14","0.14","0.14","0.14","0.14","0.14","0.00","0.14","","0.0000","0.0000"
"30/01/2026","CPC","0.06","0.05","0.06","0.06","0.06","0.06","0.00","0.06","","0.0000","0.0000"
"30/01/2026","DASPHARMA","0.38","0.38","0.38","0.38","0.38","0.38","0.00","0.00","","0.0000","0.0000"
"30/01/2026","EGH","28.93","25.00","28.93","28.93","28.95","28.93","0.00","28.95","","0.0000","0.0000"
"30/01/2026","EGL","3.54","3.48","3.54","3.54","3.55","3.54","0.00","3.55","","0.0000","0.0000"
"30/01/2026","ETI","0.77","0.76","0.77","0.77","0.77","0.77","0.00","0.77","0.84","25.0000","19.0000"
"30/01/2026","FML","8.00","8.00","8.00","8.00","8.00","8.00","0.00","8.00","","0.0000","0.0000"
"30/01/2026","FAB","7.78","7.71","7.78","7.78","7.78","7.78","0.00","7.78","","0.0000","0.0000"
"30/01/2026","GCB","22.30","20.11","22.06","22.06","22.30","22.30","0.24","22.31","","1.0000","24.0000"
"30/01/2026","GGBL","6.60","6.60","6.60","6.60","6.60","6.60","0.00","","","0.0000","0.0000"
"30/01/2026","GOIL","3.01","2.96","3.01","3.01","3.07","3.01","0.00","3.08","","0.0000","0.0000"
"30/01/2026","MAC","5.20","5.20","5.20","5.20","5.20","5.20","0.00","5.20","","0.0000","0.0000"
"30/01/2026","MTNGH","4.25","4.20","4.20","4.20","4.20","4.20","0.00","4.20","4.40","8.0000","34.0000"
"30/01/2026","PBC**","0.02","0.02","0.02","0.02","0.02","0.02","0.00","","","0.0000","0.0000"
"30/01/2026","RBGH","1.33","1.30","1.33","1.33","1.34","1.33","0.00","1.34","","96.0000","128.6400"
"30/01/2026","SCB","29.27","29.22","29.27","29.27","29.30","29.27","0.00","29.30","","0.0000","0.0000"
"30/01/2026","SIC","1.20","1.20","1.20","1.20","1.20","1.20","0.00","","1.20","202.0000","242.0000"
"30/01/2026","SOGEGH","4.93","4.49","4.71","4.71","4.71","4.71","0.00","","","1.0000","5.0000"
"30/01/2026","TBL","1.20","1.20","1.20","1.20","1.32","1.20","0.00","1.32","","0.0000","0.0000"
"30/01/2026","TOTAL","40.30","40.20","40.20","40.20","40.19","40.20","0.00","","40.19","28.0000","1.0000"
"30/01/2026","TLW","11.92","11.92","11.92","11.92","11.92","11.92","0.00","11.92","","0.0000","0.0000"
"30/01/2026","UNIL","19.79","19.79","19.79","19.79","19.79","19.79","0.00","19.79","","5.0000","118.0000"
"30/01/2026","AADS","0.42","0.42","0.42","0.42","0.42","0.42","0.00","0.46","","0.0000","0.0000"
"30/01/2026","SCBPREF","0.90","0.90","0.90","0.90","0.90","0.90","0.00","0.90","","0.0000","0.0000"
"30/01/2026","GLD","494.77","466.72","466.72","466.72","515.35","466.72","0.00","466.72","","0.0000","0.0000"
"30/01/2026","SAMBA","0.55","0.55","0.55","0.55","0.55","0.55","0.00","","","0.0000","0.0000"
"30/01/2026","MMH","0.10","0.10","0.10","0.10","0.10","0.10","0.00","","","0.0000","0.0000"
"30/01/2026","HORDS","0.10","0.10","0.10","0.10","0.10","0.10","0.00","","0.10","0.0000","0.0000"
"30/01/2026","IIL","0.05","0.05","0.05","0.05","0.05","0.05","0.00","","","0.0000","0.0000"
"30/01/2026","DIGICUT","0.09","0.09","0.09","0.09","0.09","0.09","0.00","","0.09","0.0000","0.0000"
"29/01/2026","ACCESS","16.21","16.20","16.21","16.21","16.21","16.21","0.00","16.21","17.80","23.0000","372.8300"
"29/01/2026","ADB","5.06","5.06","5.06","5.06","5.06","5.06","0.00","5.06","","15.0000","75.9000"
"29/01/2026","AGA","37.00","37.00","37.00","37.00","37.00","37.00","0.00","40.70","","0.0000","0.0000"
"29/01/2026","**ALW**","0.10","0.10","0.10","0.10","0.10","0.10","0.00","","","0.0000","0.0000"
"29/01/2026","ASG","8.89","8.89","8.89","8.89","8.89","8.89","0.00","8.89","","4.0000","35.5600"
"29/01/2026","ALLGH","6.12","6.12","6.12","6.12","6.12","6.12","0.00","","6.12","1.0000","8.0000"
"29/01/2026","BOPP","62.60","55.82","62.60","62.60","62.60","62.60","0.00","62.60","","0.0000","0.0000"
"29/01/2026","CAL","0.81","0.61","0.76","0.76","0.81","0.81","0.05","0.81","0.83","863.0000","697.0000"
"29/01/2026","CLYD","0.50","0.46","0.50","0.50","0.55","0.50","0.00","0.52","","0.0000","0.0000"
"29/01/2026","CMLT","0.14","0.14","0.14","0.14","0.14","0.14","0.00","0.14","","0.0000","0.0000"
"29/01/2026","CPC","0.06","0.05","0.06","0.06","0.06","0.06","0.00","0.06","","0.0000","0.0000"
"29/01/2026","DASPHARMA","0.38","0.38","0.38","0.38","0.38","0.38","0.00","0.38","","0.0000","0.0000"
"29/01/2026","EGH","28.93","25.00","28.93","28.93","28.95","28.93","0.00","28.95","","7.0000","202.6500"
"29/01/2026","EGL","3.54","3.48","3.54","3.54","3.55","3.54","0.00","3.55","","15.0000","53.2500"
"29/01/2026","ETI","0.77","0.76","0.77","0.77","0.77","0.77","0.00","0.77","0.84","189.0000","146.0000"
"29/01/2026","FML","8.00","8.00","8.00","8.00","8.00","8.00","0.00","8.00","","2.0000","16.0000"
"29/01/2026","FAB","7.78","7.71","7.78","7.78","7.78","7.78","0.00","7.78","","0.0000","0.0000"
"29/01/2026","GCB","22.06","20.11","22.05","22.05","22.07","22.06","0.01","22.07","","614.0000","13.0000"
"29/01/2026","GGBL","6.60","6.60","6.60","6.60","6.60","6.60","0.00","6.60","","450.0000","2.0000"
"29/01/2026","GOIL","3.01","2.96","3.01","3.01","3.07","3.01","0.00","3.07","","1.0000","3.0000"
"29/01/2026","MAC","5.20","5.20","5.20","5.20","5.20","5.20","0.00","5.20","","179.0000","930.8000"
"29/01/2026","MTNGH","4.25","4.20","4.20","4.20","4.20","4.20","0.00","4.20","4.25","853.0000","3.0000"
"29/01/2026","PBC**","0.02","0.02","0.02","0.02","0.02","0.02","0.00","","","0.0000","0.0000"
"29/01/2026","RBGH","1.33","1.30","1.33","1.33","1.34","1.33","0.00","1.34","","5.0000","6.7000"
"29/01/2026","SCB","29.27","29.22","29.27","29.27","29.30","29.27","0.00","29.30","","0.0000","0.0000"
"29/01/2026","SIC","1.20","1.20","1.20","1.20","1.20","1.20","0.00","1.18","1.20","365.0000","439.0000"
"29/01/2026","SOGEGH","4.93","4.49","4.93","4.93","4.93","4.71","-0.22","4.71","4.93","1.0000","6.0000"
"29/01/2026","TBL","1.20","1.20","1.20","1.20","1.32","1.20","0.00","1.32","","0.0000","0.0000"
"29/01/2026","TOTAL","40.30","40.20","40.20","40.20","40.20","40.20","0.00","","40.20","931.0000","37.0000"
"29/01/2026","TLW","11.92","11.92","11.92","11.92","11.92","11.92","0.00","11.92","","0.0000","0.0000"
"29/01/2026","UNIL","19.79","19.79","19.79","19.79","19.79","19.79","0.00","","19.79","3.0000","71.0000"
"29/01/2026","AADS","0.42","0.42","0.42","0.42","0.42","0.42","0.00","0.46","","0.0000","0.0000"
"29/01/2026","SCBPREF","0.90","0.90","0.90","0.90","0.90","0.90","0.00","0.90","","0.0000","0.0000"
"29/01/2026","GLD","494.77","466.72","466.72","466.72","515.35","466.72","0.00","466.72","","168.0000","86.0000"
"29/01/2026","SAMBA","0.55","0.55","0.55","0.55","0.55","0.55","0.00","","","0.0000","0.0000"
"29/01/2026","MMH","0.10","0.10","0.10","0.10","0.10","0.10","0.00","","","0.0000","0.0000"
"29/01/2026","HORDS","0.10","0.10","0.10","0.10","0.10","0.10","0.00","","0.10","0.0000","0.0000"
"29/01/2026","IIL","0.05","0.05","0.05","0.05","0.05","0.05","0.00","","","0.0000","0.0000"
"29/01/2026","DIGICUT","0.09","0.09","0.09","0.09","0.09","0.09","0.00","","0.09","0.0000","0.0000"
"28/01/2026","ACCESS","16.21","16.20","16.21","16.21","16.21","16.21","0.00","16.21","16.99","79.0000","1.0000"
"28/01/2026","ADB","5.06","5.06","5.06","5.06","5.06","5.06","0.00","5.06","","136.0000","688.1600"
"28/01/2026","AGA","37.00","37.00","37.00","37.00","37.00","37.00","0.00","40.70","","0.0000","0.0000"
"28/01/2026","**ALW**","0.10","0.10","0.10","0.10","0.10","0.10","0.00","","","0.0000","0.0000"
"28/01/2026","ASG","8.89","8.89","8.89","8.89","8.89","8.89","0.00","","8.89","22.0000","195.5800"
"28/01/2026","ALLGH","6.12","6.12","6.12","6.12","6.12","6.12","0.00","","6.12","228.0000","1.0000"
"28/01/2026","BOPP","62.60","55.82","62.56","62.56","62.60","62.60","0.04","","","3.0000","187.0000"
"28/01/2026","CAL","0.76","0.61","0.72","0.72","0.76","0.76","0.04","0.74","0.76","2.0000","1.0000"
"28/01/2026","CLYD","0.50","0.46","0.50","0.50","0.55","0.50","0.00","0.55","","1.0000","1.0000"
"28/01/2026","CMLT","0.14","0.14","0.14","0.14","0.14","0.14","0.00","0.14","","0.0000","0.0000"
"28/01/2026","CPC","0.06","0.05","0.06","0.06","0.06","0.06","0.00","0.06","","950.0000","57.0000"
"28/01/2026","DASPHARMA","0.38","0.38","0.38","0.38","0.38","0.38","0.00","0.38","","67.0000","25.4600"
"28/01/2026","EGH","28.93","25.00","28.89","28.89","28.93","28.93","0.04","28.93","","1.0000","45.0000"
"28/01/2026","EGL","3.54","3.48","3.53","3.53","3.54","3.54","0.01","3.54","","1.0000","4.0000"
"28/01/2026","ETI","0.77","0.76","0.77","0.77","0.77","0.77","0.00","0.77","0.84","38.0000","30.0000"
"28/01/2026","FML","8.00","8.00","8.00","8.00","8.00","8.00","0.00","8.00","","176.0000","1.0000"
"28/01/2026","FAB","7.78","7.71","7.78","7.78","7.78","7.78","0.00","7.78","","0.0000","0.0000"
"28/01/2026","GCB","22.05","20.11","22.05","22.05","22.11","22.05","0.00","22.11","","112.0000","2.0000"
"28/01/2026","GGBL","6.60","6.60","6.60","6.60","6.60","6.60","0.00","6.60","","377.0000","2.0000"
"28/01/2026","GOIL","3.01","2.96","3.01","3.01","3.07","3.01","0.00","3.07","","100.0000","307.0000"
"28/01/2026","MAC","5.20","5.20","5.20","5.20","5.20","5.20","0.00","","5.20","2.0000","10.4000"
"28/01/2026","MTNGH","4.25","4.20","4.20","4.20","4.20","4.20","0.00","4.10","4.20","28.0000","118.0000"
"28/01/2026","PBC**","0.02","0.02","0.02","0.02","0.02","0.02","0.00","","","0.0000","0.0000"
"28/01/2026","RBGH","1.33","1.30","1.33","1.33","1.35","1.33","0.00","1.35","","205.0000","276.7500"
"28/01/2026","SCB","29.27","29.22","29.27","29.27","29.30","29.27","0.00","29.30","","475.0000","13.0000"
"28/01/2026","SIC","1.20","1.20","1.20","1.20","1.20","1.20","0.00","","1.20","86.0000","104.0000"
"28/01/2026","SOGEGH","4.93","4.49","4.93","4.93","4.93","4.93","0.00","4.93","","52.0000","260.0000"
"28/01/2026","TBL","1.20","1.20","1.20","1.20","1.32","1.20","0.00","1.32","","0.0000","0.0000"
"28/01/2026","TOTAL","40.30","40.20","40.23","40.23","40.20","40.20","-0.03","40.19","","4.0000","193.0000"
"28/01/2026","TLW","11.92","11.92","11.92","11.92","11.92","11.92","0.00","11.92","","0.0000","0.0000"
"28/01/2026","UNIL","19.79","19.79","19.79","19.79","19.79","19.79","0.00","","19.79","7.0000","148.0000"
"28/01/2026","AADS","0.42","0.42","0.42","0.42","0.42","0.42","0.00","0.46","","0.0000","0.0000"
"28/01/2026","SCBPREF","0.90","0.90","0.90","0.90","0.90","0.90","0.00","0.90","","0.0000","0.0000"
"28/01/2026","GLD","494.77","466.72","466.72","466.72","466.72","466.72","0.00","466.72","","41.0000","19.0000"
"28/01/2026","SAMBA","0.55","0.55","0.55","0.55","0.55","0.55","0.00","","","0.0000","0.0000"
"28/01/2026","MMH","0.10","0.10","0.10","0.10","0.10","0.10","0.00","","","0.0000","0.0000"
"28/01/2026","HORDS","0.10","0.10","0.10","0.10","0.10","0.10","0.00","","0.10","0.0000","0.0000"
"28/01/2026","IIL","0.05","0.05","0.05","0.05","0.05","0.05","0.00","","","0.0000","0.0000"
"28/01/2026","DIGICUT","0.09","0.09","0.09","0.09","0.09","0.09","0.00","","0.09","0.0000","0.0000"
"27/01/2026","ACCESS","16.21","16.20","16.21","16.21","16.21","16.21","0.00","16.21","17.80","0.0000","0.0000"
"27/01/2026","ADB","5.06","5.06","5.06","5.06","5.06","5.06","0.00","5.06","","0.0000","0.0000"
"27/01/2026","AGA","37.00","37.00","37.00","37.00","37.00","37.00","0.00","40.70","","0.0000","0.0000"
"27/01/2026","**ALW**","0.10","0.10","0.10","0.10","0.10","0.10","0.00","","","0.0000","0.0000"
"27/01/2026","ASG","8.89","8.89","8.89","8.89","8.89","8.89","0.00","8.89","","0.0000","0.0000"
"27/01/2026","ALLGH","6.12","6.12","6.12","6.12","6.12","6.12","0.00","","6.12","207.0000","1.0000"
"27/01/2026","BOPP","62.56","55.82","62.56","62.56","62.00","62.56","0.00","62.60","","0.0000","0.0000"
"27/01/2026","CAL","0.72","0.61","0.71","0.71","0.72","0.72","0.01","0.72","0.75","109.0000","78.0000"
"27/01/2026","CLYD","0.50","0.46","0.50","0.50","0.54","0.50","0.00","0.52","","0.0000","0.0000"
"27/01/2026","CMLT","0.14","0.14","0.14","0.14","0.14","0.14","0.00","0.14","","0.0000","0.0000"
"27/01/2026","CPC","0.06","0.05","0.06","0.06","0.06","0.06","0.00","0.06","","0.0000","0.0000"
"27/01/2026","DASPHARMA","0.38","0.38","0.38","0.38","0.38","0.38","0.00","0.38","","0.0000","0.0000"
"27/01/2026","EGH","28.89","25.00","28.89","28.89","28.88","28.89","0.00","28.91","","0.0000","0.0000"
"27/01/2026","EGL","3.53","3.48","3.53","3.53","3.55","3.53","0.00","3.54","","0.0000","0.0000"
"27/01/2026","ETI","0.77","0.76","0.77","0.77","0.77","0.77","0.00","0.77","","72.0000","55.0000"
"27/01/2026","FML","8.00","8.00","8.00","8.00","8.00","8.00","0.00","8.00","8.00","20.0000","160.0000"
"27/01/2026","FAB","7.78","7.71","7.78","7.78","7.78","7.78","0.00","7.78","","0.0000","0.0000"
"27/01/2026","GCB","22.05","20.11","22.05","22.05","22.05","22.05","0.00","22.07","","0.0000","0.0000"
"27/01/2026","GGBL","6.60","6.60","6.60","6.60","6.60","6.60","0.00","6.60","","0.0000","0.0000"
"27/01/2026","GOIL","3.01","2.96","3.01","3.01","3.03","3.01","0.00","3.03","","0.0000","0.0000"
"27/01/2026","MAC","5.20","5.20","5.20","5.20","5.20","5.20","0.00","","5.20","0.0000","0.0000"
"27/01/2026","MTNGH","4.25","4.20","4.20","4.20","4.20","4.20","0.00","4.20","4.28","1.0000","4.0000"
"27/01/2026","PBC**","0.02","0.02","0.02","0.02","0.02","0.02","0.00","","","0.0000","0.0000"
"27/01/2026","RBGH","1.33","1.30","1.33","1.33","1.34","1.33","0.00","1.34","","935.0000","1.0000"
"27/01/2026","SCB","29.27","29.22","29.26","29.26","29.27","29.27","0.01","29.26","","750.0000","21.0000"
"27/01/2026","SIC","1.20","1.20","1.20","1.20","1.20","1.20","0.00","1.21","1.20","10.0000","12.0000"
"27/01/2026","SOGEGH","4.93","4.49","4.93","4.93","4.93","4.93","0.00","4.93","","0.0000","0.0000"
"27/01/2026","TBL","1.20","1.20","1.20","1.20","1.32","1.20","0.00","1.32","","0.0000","0.0000"
"27/01/2026","TOTAL","40.30","40.23","40.25","40.25","40.23","40.23","-0.02","40.23","","2.0000","86.0000"
"27/01/2026","TLW","11.92","11.92","11.92","11.92","11.92","11.92","0.00","11.92","","0.0000","0.0000"
"27/01/2026","UNIL","19.79","19.79","19.79","19.79","19.80","19.79","0.00","19.80","","0.0000","0.0000"
"27/01/2026","AADS","0.42","0.42","0.42","0.42","0.42","0.42","0.00","0.46","0.46","0.0000","0.0000"
"27/01/2026","SCBPREF","0.90","0.90","0.90","0.90","0.90","0.90","0.00","0.90","","0.0000","0.0000"
"27/01/2026","GLD","494.77","466.72","466.72","466.72","466.72","466.72","0.00","466.72","","1.0000","466.7200"
"27/01/2026","SAMBA","0.55","0.55","0.55","0.55","0.55","0.55","0.00","","","0.0000","0.0000"
"27/01/2026","MMH","0.10","0.10","0.10","0.10","0.10","0.10","0.00","","","0.0000","0.0000"
"27/01/2026","HORDS","0.10","0.10","0.10","0.10","0.10","0.10","0.00","","","0.1000","0.0000"
"27/01/2026","IIL","0.05","0.05","0.05","0.05","0.05","0.05","0.00","","","0.0000","0.0000"
"27/01/2026","DIGICUT","0.09","0.09","0.09","0.09","0.09","0.09","0.00","","","0.0000","0.0000"
"26/01/2026","ACCESS","16.21","16.20","16.21","16.21","16.21","16.21","0.00","16.21","17.80","3.0000","48.6300"
"26/01/2026","ADB","5.06","5.06","5.06","5.06","5.06","5.06","0.00","5.06","","4.0000","20.2400"
"26/01/2026","AGA","37.00","37.00","37.00","37.00","37.00","37.00","0.00","40.70","","0.0000","0.0000"
"26/01/2026","**ALW**","0.10","0.10","0.10","0.10","0.10","0.10","0.00","","","0.0000","0.0000"
"26/01/2026","ASG","8.89","8.89","8.89","8.89","8.89","8.89","0.00","8.89","","0.0000","0.0000"
"26/01/2026","ALLGH","6.12","6.12","6.12","6.12","6.12","6.12","0.00","","6.12","242.0000","1.0000"
"26/01/2026","BOPP","62.56","55.82","62.56","62.56","62.00","62.56","0.00","62.56","","0.0000","0.0000"
"26/01/2026","CAL","0.71","0.61","0.70","0.70","0.72","0.71","0.01","0.71","0.72","123.0000","87.0000"
"26/01/2026","CLYD","0.50","0.46","0.50","0.50","0.54","0.50","0.00","0.52","","0.0000","0.0000"
"26/01/2026","CMLT","0.14","0.14","0.14","0.14","0.14","0.14","0.00","0.14","","0.0000","0.0000"
"26/01/2026","CPC","0.06","0.05","0.06","0.06","0.06","0.06","0.00","0.06","","0.0000","0.0000"
"26/01/2026","DASPHARMA","0.38","0.38","0.38","0.38","0.38","0.38","0.00","0.38","","20.0000","7.6000"
"26/01/2026","EGH","28.89","25.00","28.89","28.89","28.88","28.89","0.00","28.90","","0.0000","0.0000"
"26/01/2026","EGL","3.53","3.48","3.53","3.53","3.55","3.53","0.00","3.53","","7.0000","24.7100"
"26/01/2026","ETI","0.77","0.76","0.77","0.77","0.77","0.77","0.00","0.77","","2.0000","2.0000"
"26/01/2026","FML","8.00","8.00","8.00","8.00","8.00","8.00","0.00","8.00","8.00","10.0000","80.0000"
"26/01/2026","FAB","7.78","7.71","7.78","7.78","7.78","7.78","0.00","7.78","","0.0000","0.0000"
"26/01/2026","GCB","22.05","20.11","22.00","22.00","22.05","22.05","0.05","22.05","","23.0000","509.0000"
"26/01/2026","GGBL","6.60","6.60","6.60","6.60","6.60","6.60","0.00","6.60","","1.0000","6.6000"
"26/01/2026","GOIL","3.01","2.96","3.01","3.01","3.03","3.01","0.00","3.03","","264.0000","799.9200"
"26/01/2026","MAC","5.20","5.20","5.20","5.20","5.20","5.20","0.00","","5.20","0.0000","0.0000"
"26/01/2026","MTNGH","4.25","4.20","4.20","4.20","4.20","4.20","0.00","4.20","4.28","21.0000","89.0000"
"26/01/2026","PBC**","0.02","0.02","0.02","0.02","0.02","0.02","0.00","","","0.0000","0.0000"
"26/01/2026","RBGH","1.33","1.30","1.33","1.33","1.33","1.33","0.00","1.34","","0.0000","0.0000"
"26/01/2026","SCB","29.26","29.22","29.26","29.26","29.26","29.26","0.00","29.26","","0.0000","0.0000"
"26/01/2026","SIC","1.20","1.20","1.20","1.20","1.20","1.20","0.00","","1.20","138.0000","166.0000"
"26/01/2026","SOGEGH","4.93","4.49","4.93","4.93","4.93","4.93","0.00","4.93","","404.0000","1.0000"
"26/01/2026","TBL","1.20","1.20","1.20","1.20","1.32","1.20","0.00","1.32","","0.0000","0.0000"
"26/01/2026","TOTAL","40.30","40.25","40.25","40.25","40.24","40.25","0.00","","40.24","1.0000","52.0000"
"26/01/2026","TLW","11.92","11.92","11.92","11.92","11.92","11.92","0.00","11.92","","0.0000","0.0000"
"26/01/2026","UNIL","19.79","19.79","19.79","19.79","19.80","19.79","0.00","19.80","","0.0000","0.0000"
"26/01/2026","AADS","0.42","0.42","0.42","0.42","0.42","0.42","0.00","0.46","0.46","0.0000","0.0000"
"26/01/2026","SCBPREF","0.90","0.90","0.90","0.90","0.90","0.90","0.00","0.90","","0.0000","0.0000"
"26/01/2026","GLD","494.77","466.72","494.77","494.77","466.72","466.72","-28.05","466.72","","4.0000","1.0000"
"26/01/2026","SAMBA","0.55","0.55","0.55","0.55","0.55","0.55","0.00","","","0.0000","0.0000"
"26/01/2026","MMH","0.10","0.10","0.10","0.10","0.10","0.10","0.00","","","0.0000","0.0000"
"26/01/2026","HORDS","0.10","0.10","0.10","0.10","0.10","0.10","0.00","","0.10","0.0000","0.0000"
"26/01/2026","IIL","0.05","0.05","0.05","0.05","0.05","0.05","0.00","","","0.0000","0.0000"
"26/01/2026","DIGICUT","0.09","0.09","0.09","0.09","0.09","0.09","0.00","","0.09","0.0000","0.0000"
"23/01/2026","ACCESS","16.21","16.20","16.21","16.21","16.21","16.21","0.00","16.21","17.80","7.0000","113.4700"
"23/01/2026","ADB","5.06","5.06","5.06","5.06","5.06","5.06","0.00","5.06","","2.0000","10.1200"
"23/01/2026","AGA","37.00","37.00","37.00","37.00","37.00","37.00","0.00","40.70","","0.0000","0.0000"
"23/01/2026","**ALW**","0.10","0.10","0.10","0.10","0.10","0.10","0.00","","","0.0000","0.0000"
"23/01/2026","ASG","8.89","8.89","8.89","8.89","8.89","8.89","0.00","8.89","","900.0000","8.0000"
"23/01/2026","ALLGH","6.12","6.12","6.12","6.12","6.12","6.12","0.00","","6.12","383.0000","2.0000"
"23/01/2026","BOPP","62.56","55.82","62.56","62.56","62.00","62.56","0.00","62.56","","2.0000","125.1200"
"23/01/2026","CAL","0.70","0.61","0.70","0.70","0.70","0.70","0.00","0.70","0.72","1.0000","756.0000"
"23/01/2026","CLYD","0.50","0.46","0.50","0.50","0.54","0.50","0.00","0.54","","0.0000","0.0000"
"23/01/2026","CMLT","0.14","0.14","0.14","0.14","0.14","0.14","0.00","0.14","","0.0000","0.0000"
"23/01/2026","CPC","0.06","0.05","0.06","0.06","0.06","0.06","0.00","0.06","","1.0000","60.0000"
"23/01/2026","DASPHARMA","0.38","0.38","0.38","0.38","0.38","0.38","0.00","0.38","","722.0000","274.3600"
"23/01/2026","EGH","28.89","25.00","28.88","28.88","28.88","28.89","0.01","28.88","","905.0000","26.0000"
"23/01/2026","EGL","3.53","3.48","3.53","3.53","3.55","3.53","0.00","3.55","","20.0000","70.8000"
"23/01/2026","ETI","0.77","0.76","0.77","0.77","0.77","0.77","0.00","0.77","","16.0000","12.0000"
"23/01/2026","FML","8.00","8.00","8.00","8.00","8.00","8.00","0.00","","8.00","486.0000","3.0000"
"23/01/2026","FAB","7.78","7.71","7.78","7.78","7.78","7.78","0.00","7.78","","0.0000","0.0000"
"23/01/2026","GCB","22.00","20.11","21.68","21.68","21.68","22.00","0.32","21.70","","1.0000","22.0000"
"23/01/2026","GGBL","6.60","6.60","6.60","6.60","6.60","6.60","0.00","6.60","","35.0000","231.0000"
"23/01/2026","GOIL","3.01","2.96","3.01","3.01","3.01","3.01","0.00","3.02","","20.0000","60.4000"
"23/01/2026","MAC","5.20","5.20","5.20","5.20","5.20","5.20","0.00","","5.20","13.0000","67.6000"
"23/01/2026","MTNGH","4.25","4.20","4.20","4.20","4.20","4.20","0.00","4.20","4.28","6.0000","27.0000"
"23/01/2026","PBC**","0.02","0.02","0.02","0.02","0.02","0.02","0.00","","","0.0000","0.0000"
"23/01/2026","RBGH","1.33","1.30","1.33","1.33","1.33","1.33","0.00","1.33","","113.0000","150.2900"
"23/01/2026","SCB","29.26","29.22","29.26","29.26","29.26","29.26","0.00","29.26","","0.0000","0.0000"
"23/01/2026","SIC","1.20","1.20","1.20","1.20","1.20","1.20","0.00","1.20","1.25","1.0000","1.0000"
"23/01/2026","SOGEGH","4.93","4.49","4.93","4.93","4.93","4.93","0.00","4.93","","20.0000","99.0000"
"23/01/2026","TBL","1.20","1.20","1.20","1.20","1.32","1.20","0.00","1.32","","0.0000","0.0000"
"23/01/2026","TOTAL","40.30","40.25","40.25","40.25","40.25","40.25","0.00","","40.24","1.0000","48.0000"
"23/01/2026","TLW","11.92","11.92","11.92","11.92","11.92","11.92","0.00","11.92","","0.0000","0.0000"
"23/01/2026","UNIL","19.79","19.79","19.79","19.79","19.80","19.79","0.00","19.80","","77.0000","1.0000"
"23/01/2026","AADS","0.42","0.42","0.42","0.42","0.42","0.42","0.00","0.46","0.46","0.0000","0.0000"
"23/01/2026","SCBPREF","0.90","0.90","0.90","0.90","0.90","0.90","0.00","0.90","","0.0000","0.0000"
"23/01/2026","GLD","494.77","448.40","494.77","494.77","494.77","494.77","0.00","448.40","494.77","24.0000","11.0000"
"23/01/2026","SAMBA","0.55","0.55","0.55","0.55","0.55","0.55","0.00","","","0.0000","0.0000"
"23/01/2026","MMH","0.10","0.10","0.10","0.10","0.10","0.10","0.00","","","0.0000","0.0000"
"23/01/2026","HORDS","0.10","0.10","0.10","0.10","0.10","0.10","0.00","","0.10","0.0000","0.0000"
"23/01/2026","IIL","0.05","0.05","0.05","0.05","0.05","0.05","0.00","","","0.0000","0.0000"
"23/01/2026","DIGICUT","0.09","0.09","0.09","0.09","0.09","0.09","0.00","","0.09","0.0000","0.0000"
"22/01/2026","ACCESS","16.21","16.20","16.21","16.21","16.21","16.21","0.00","16.21","17.80","28.0000","453.8800"
"22/01/2026","ADB","5.06","5.06","5.06","5.06","5.06","5.06","0.00","5.06","","0.0000","0.0000"
"22/01/2026","AGA","37.00","37.00","37.00","37.00","37.00","37.00","0.00","40.70","","0.0000","0.0000"
"22/01/2026","**ALW**","0.10","0.10","0.10","0.10","0.10","0.10","0.00","","","0.0000","0.0000"
"22/01/2026","ASG","8.89","8.89","8.89","8.89","8.89","8.89","0.00","8.89","","0.0000","0.0000"
"22/01/2026","ALLGH","6.12","6.12","6.12","6.12","6.12","6.12","0.00","","6.12","125.0000","765.0000"
"22/01/2026","BOPP","62.56","55.82","60.00","60.00","62.00","62.56","2.56","62.00","","2.0000","144.0000"
"22/01/2026","CAL","0.70","0.61","0.66","0.66","0.70","0.70","0.04","0.67","0.70","155.0000","108.0000"
"22/01/2026","CLYD","0.50","0.46","0.50","0.50","0.54","0.50","0.00","0.52","","0.0000","0.0000"
"22/01/2026","CMLT","0.14","0.14","0.14","0.14","0.14","0.14","0.00","0.14","","0.0000","0.0000"
"22/01/2026","CPC","0.06","0.05","0.06","0.06","0.06","0.06","0.00","0.06","","0.0000","0.0000"
"22/01/2026","DASPHARMA","0.38","0.38","0.38","0.38","0.38","0.38","0.00","0.38","","0.0000","0.0000"
"22/01/2026","EGH","28.88","25.00","28.87","28.87","28.88","28.88","0.01","28.87","","4.0000","117.0000"
"22/01/2026","EGL","3.53","3.48","3.53","3.53","3.55","3.53","0.00","3.55","","6.0000","21.3000"
"22/01/2026","ETI","0.77","0.76","0.77","0.77","0.77","0.77","0.00","0.77","","72.0000","55.0000"
"22/01/2026","FML","8.00","8.00","8.00","8.00","8.00","8.00","0.00","","8.00","5.0000","40.0000"
"22/01/2026","FAB","7.78","7.71","7.78","7.78","7.78","7.78","0.00","7.78","","1.0000","15.0000"
"22/01/2026","GCB","21.68","20.11","21.66","21.66","21.68","21.68","0.02","21.67","","4.0000","90.0000"
"22/01/2026","GGBL","6.60","6.60","6.60","6.60","6.60","6.60","0.00","6.60","","32.0000","211.2000"
"22/01/2026","GOIL","3.01","2.96","3.01","3.01","3.01","3.01","0.00","3.03","","7.0000","21.2100"
"22/01/2026","MAC","5.20","5.20","5.20","5.20","5.20","5.20","0.00","","5.20","0.0000","0.0000"
"22/01/2026","MTNGH","4.25","4.20","4.20","4.20","4.20","4.20","0.00","4.00","4.20","7.0000","32.0000"
"22/01/2026","PBC**","0.02","0.02","0.02","0.02","0.02","0.02","0.00","","","0.0000","0.0000"
"22/01/2026","RBGH","1.33","1.30","1.33","1.33","1.33","1.33","0.00","1.33","","24.0000","31.9200"
"22/01/2026","SCB","29.26","29.22","29.26","29.26","29.26","29.26","0.00","29.26","","0.0000","0.0000"
"22/01/2026","SIC","1.20","1.20","1.20","1.20","1.20","1.20","0.00","1.20","1.20","3.0000","4.0000"
"22/01/2026","SOGEGH","4.93","4.49","4.49","4.49","4.93","4.93","0.44","4.93","","75.0000","372.0000"
"22/01/2026","TBL","1.20","1.20","1.20","1.20","1.32","1.20","0.00","1.32","","0.0000","0.0000"
"22/01/2026","TOTAL","40.30","40.25","40.29","40.29","40.25","40.25","-0.04","","40.25","1.0000","57.0000"
"22/01/2026","TLW","11.92","11.92","11.92","11.92","11.92","11.92","0.00","11.92","","0.0000","0.0000"
"22/01/2026","UNIL","19.79","19.79","19.79","19.79","19.80","19.79","0.00","19.80","","240.0000","4.0000"
"22/01/2026","AADS","0.42","0.42","0.42","0.42","0.42","0.42","0.00","0.46","0.46","0.0000","0.0000"
"22/01/2026","SCBPREF","0.90","0.90","0.90","0.90","0.90","0.90","0.00","0.90","","0.0000","0.0000"
"22/01/2026","GLD","494.77","448.40","494.77","494.77","494.77","494.77","0.00","448.40","494.77","33.0000","16.0000"
"22/01/2026","SAMBA","0.55","0.55","0.55","0.55","0.55","0.55","0.00","","","0.0000","0.0000"
"22/01/2026","MMH","0.10","0.10","0.10","0.10","0.10","0.10","0.00","","","0.0000","0.0000"
"22/01/2026","HORDS","0.10","0.10","0.10","0.10","0.10","0.10","0.00","","0.10","0.0000","0.0000"
"22/01/2026","IIL","0.05","0.05","0.05","0.05","0.05","0.05","0.00","","","0.0000","0.0000"
"22/01/2026","DIGICUT","0.09","0.09","0.09","0.09","0.09","0.09","0.00","","0.09","0.0000","0.0000"
"21/01/2026","ACCESS","16.21","16.20","16.20","16.20","16.21","16.21","0.01","16.21","17.80","20.0000","324.0000"
"21/01/2026","ADB","5.06","5.06","5.06","5.06","5.06","5.06","0.00","5.06","","0.0000","0.0000"
"21/01/2026","AGA","37.00","37.00","37.00","37.00","37.00","37.00","0.00","40.70","","0.0000","0.0000"
"21/01/2026","**ALW**","0.10","0.10","0.10","0.10","0.10","0.10","0.00","","","0.0000","0.0000"
"21/01/2026","ASG","8.89","8.89","8.89","8.89","8.89","8.89","0.00","","8.89","246.0000","2.0000"
"21/01/2026","ALLGH","6.12","6.12","6.12","6.12","6.12","6.12","0.00","","6.12","887.0000","5.0000"
"21/01/2026","BOPP","58.61","55.82","58.61","58.61","60.00","60.00","1.39","60.00","64.00","2.0000","122.0000"
"21/01/2026","CAL","0.66","0.61","0.66","0.66","0.68","0.66","0.00","0.67","0.70","150.0000","99.0000"
"21/01/2026","CLYD","0.50","0.46","0.50","0.50","0.54","0.50","0.00","0.52","","2.0000","1.0000"
"21/01/2026","CMLT","0.14","0.14","0.14","0.14","0.14","0.14","0.00","0.14","","0.0000","0.0000"
"21/01/2026","CPC","0.06","0.05","0.06","0.06","0.06","0.06","0.00","0.06","","1.0000","96.0000"
"21/01/2026","DASPHARMA","0.38","0.38","0.38","0.38","0.38","0.38","0.00","0.38","","0.0000","0.0000"
"21/01/2026","EGH","28.87","25.00","26.25","26.25","28.87","28.87","2.62","28.87","","5.0000","144.0000"
"21/01/2026","EGL","3.53","3.48","3.53","3.53","3.54","3.53","0.00","3.54","","594.0000","2.0000"
"21/01/2026","ETI","0.77","0.76","0.76","0.76","0.77","0.77","0.01","0.76","","174.0000","134.0000"
"21/01/2026","FML","8.00","8.00","8.00","8.00","8.00","8.00","0.00","8.00","","15.0000","120.0000"
"21/01/2026","FAB","7.78","7.71","7.77","7.77","7.78","7.78","0.01","7.78","","37.0000","292.0000"
"21/01/2026","GCB","21.66","20.11","20.17","20.17","22.00","21.66","1.49","22.00","","3.0000","73.0000"
"21/01/2026","GGBL","6.60","6.60","6.60","6.60","6.60","6.60","0.00","6.60","","75.0000","495.0000"
"21/01/2026","GOIL","3.01","2.96","3.01","3.01","3.01","3.01","0.00","3.01","","0.0000","0.0000"
"21/01/2026","MAC","5.20","5.20","5.20","5.20","5.20","5.20","0.00","5.20","","0.0000","0.0000"
"21/01/2026","MTNGH","4.25","4.20","4.20","4.20","4.20","4.20","0.00","4.20","4.28","719.0000","3.0000"
"21/01/2026","PBC**","0.02","0.02","0.02","0.02","0.02","0.02","0.00","","","0.0000","0.0000"
"21/01/2026","RBGH","1.33","1.30","1.33","1.33","1.33","1.33","0.00","1.33","","84.0000","111.7200"
"21/01/2026","SCB","29.26","29.22","29.26","29.26","29.26","29.26","0.00","29.26","","3.0000","102.0000"
"21/01/2026","SIC","1.20","1.20","1.20","1.20","1.20","1.20","0.00","1.20","1.20","3.0000","4.0000"
"21/01/2026","SOGEGH","4.49","4.49","4.49","4.49","4.49","4.49","0.00","4.49","4.93","1.0000","7.0000"
"21/01/2026","TBL","1.20","1.20","1.20","1.20","1.32","1.20","0.00","1.32","","0.0000","0.0000"
"21/01/2026","TOTAL","40.30","40.29","40.29","40.29","40.26","40.29","0.00","","40.26","1.0000","43.0000"
"21/01/2026","TLW","11.92","11.92","11.92","11.92","11.92","11.92","0.00","11.92","","0.0000","0.0000"
"21/01/2026","UNIL","19.79","19.79","19.79","19.79","19.79","19.79","0.00","19.79","","24.0000","474.9600"
"21/01/2026","AADS","0.42","0.42","0.42","0.42","0.42","0.42","0.00","0.46","0.46","0.0000","0.0000"
"21/01/2026","SCBPREF","0.90","0.90","0.90","0.90","0.90","0.90","0.00","0.90","","0.0000","0.0000"
"21/01/2026","GLD","494.77","448.40","494.77","494.77","494.77","494.77","0.00","448.40","494.77","121.0000","59.0000"
"21/01/2026","SAMBA","0.55","0.55","0.55","0.55","0.55","0.55","0.00","","","0.0000","0.0000"
"21/01/2026","MMH","0.10","0.10","0.10","0.10","0.10","0.10","0.00","","","0.0000","0.0000"
"21/01/2026","HORDS","0.10","0.10","0.10","0.10","0.10","0.10","0.00","","0.10","0.0000","0.0000"
"21/01/2026","IIL","0.05","0.05","0.05","0.05","0.05","0.05","0.00","","","0.0000","0.0000"
"21/01/2026","DIGICUT","0.09","0.09","0.09","0.09","0.09","0.09","0.00","","0.09","0.0000","0.0000"
"20/01/2026","ACCESS","16.20","16.20","16.20","16.20","16.20","16.20","0.00","16.20","17.80","1.0000","22.0000"
"20/01/2026","ADB","5.06","5.06","5.06","5.06","5.06","5.06","0.00","5.06","","0.0000","0.0000"
"20/01/2026","AGA","37.00","37.00","37.00","37.00","37.00","37.00","0.00","40.70","","0.0000","0.0000"
"20/01/2026","**ALW**","0.10","0.10","0.10","0.10","0.10","0.10","0.00","","","0.0000","0.0000"
"20/01/2026","ASG","8.89","8.89","8.89","8.89","8.89","8.89","0.00","8.89","","0.0000","0.0000"
"20/01/2026","ALLGH","6.12","6.12","6.12","6.12","6.12","6.12","0.00","","6.12","2.0000","12.0000"
"20/01/2026","BOPP","58.61","55.82","58.61","58.61","58.61","58.61","0.00","58.61","60.00","92.0000","5.0000"
"20/01/2026","CAL","0.66","0.61","0.64","0.64","0.69","0.66","0.02","0.66","0.69","208.0000","137.0000"
"20/01/2026","CLYD","0.50","0.46","0.50","0.50","0.50","0.50","0.00","0.50","","0.0000","0.0000"
"20/01/2026","CMLT","0.14","0.14","0.14","0.14","0.14","0.14","0.00","0.14","","0.0000","0.0000"
"20/01/2026","CPC","0.06","0.05","0.06","0.06","0.06","0.06","0.00","0.06","","0.0000","0.0000"
"20/01/2026","DASPHARMA","0.38","0.38","0.38","0.38","0.38","0.38","0.00","0.38","","27.0000","10.2600"
"20/01/2026","EGH","26.25","25.00","26.25","26.25","26.25","26.25","0.00","26.25","","652.0000","17.0000"
"20/01/2026","EGL","3.53","3.48","3.52","3.52","3.52","3.53","0.01","3.53","","2.0000","7.0000"
"20/01/2026","ETI","0.77","0.76","0.76","0.76","0.76","0.76","0.00","0.70","","23.0000","17.0000"
"20/01/2026","FML","8.00","8.00","8.00","8.00","8.00","8.00","0.00","8.00","","2.0000","22.0000"
"20/01/2026","FAB","7.77","7.71","7.77","7.77","7.77","7.77","0.00","7.78","","0.0000","0.0000"
"20/01/2026","GCB","20.17","20.11","20.16","20.16","20.17","20.17","0.01","20.18","","6.0000","124.0000"
"20/01/2026","GGBL","6.60","6.60","6.60","6.60","6.60","6.60","0.00","6.60","","462.0000","3.0000"
"20/01/2026","GOIL","3.01","2.96","3.01","3.01","3.01","3.01","0.00","3.01","","90.0000","270.9000"
"20/01/2026","MAC","5.20","5.20","5.20","5.20","5.20","5.20","0.00","5.20","","16.0000","83.2000"
"20/01/2026","MTNGH","4.25","4.20","4.20","4.20","4.20","4.20","0.00","4.20","4.25","1.0000","7.0000"
"20/01/2026","PBC**","0.02","0.02","0.02","0.02","0.02","0.02","0.00","","","0.0000","0.0000"
"20/01/2026","RBGH","1.33","1.30","1.32","1.32","1.33","1.33","0.01","1.33","","2.0000","2.0000"
"20/01/2026","SCB","29.26","29.22","29.26","29.26","29.26","29.26","0.00","29.26","","0.0000","0.0000"
"20/01/2026","SIC","1.20","1.20","1.20","1.20","1.20","1.20","0.00","1.20","1.20","392.0000","470.0000"
"20/01/2026","SOGEGH","4.49","4.49","4.49","4.49","4.49","4.49","0.00","4.49","","1.0000","7.0000"
"20/01/2026","TBL","1.20","1.20","1.20","1.20","1.32","1.20","0.00","1.32","","0.0000","0.0000"
"20/01/2026","TOTAL","40.30","40.29","40.29","40.29","40.29","40.29","0.00","","40.29","2.0000","105.0000"
"20/01/2026","TLW","11.92","11.92","11.92","11.92","11.92","11.92","0.00","11.92","11.92","0.0000","0.0000"
"20/01/2026","UNIL","19.79","19.79","19.79","19.79","19.79","19.79","0.00","19.79","","308.0000","6.0000"
"20/01/2026","AADS","0.42","0.42","0.42","0.42","0.42","0.42","0.00","0.46","0.46","0.0000","0.0000"
"20/01/2026","SCBPREF","0.90","0.90","0.90","0.90","0.90","0.90","0.00","","","0.0000","0.0000"
"20/01/2026","GLD","494.77","448.40","494.77","494.77","494.77","494.77","0.00","448.40","","112.0000","55.0000"
"20/01/2026","SAMBA","0.55","0.55","0.55","0.55","0.55","0.55","0.00","","","0.0000","0.0000"
"20/01/2026","MMH","0.10","0.10","0.10","0.10","0.10","0.10","0.00","","","0.0000","0.0000"
"20/01/2026","HORDS","0.10","0.10","0.10","0.10","0.10","0.10","0.00","","0.10","0.0000","0.0000"
"20/01/2026","IIL","0.05","0.05","0.05","0.05","0.05","0.05","0.00","","","0.0000","0.0000"
"20/01/2026","DIGICUT","0.09","0.09","0.09","0.09","0.09","0.09","0.00","","0.09","0.0000","0.0000"
"19/01/2026","ASG","8.89","8.89","8.89","8.89","8.89","8.89","0.00","","8.89","0.0000","0.0000"
"19/01/2026","**ALW**","0.10","0.10","0.10","0.10","0.10","0.10","0.00","","","0.0000","0.0000"
"19/01/2026","AGA","37.00","37.00","37.00","37.00","37.00","37.00","0.00","40.70","","0.0000","0.0000"
"19/01/2026","ADB","5.06","5.06","5.06","5.06","5.06","5.06","0.00","5.06","","0.0000","0.0000"
"19/01/2026","ACCESS","16.20","16.20","16.20","16.20","16.20","16.20","0.00","16.20","17.80","0.0000","0.0000"
"19/01/2026","ALLGH","6.12","6.12","6.12","6.12","6.12","6.12","0.00","","6.12","0.0000","0.0000"
"19/01/2026","BOPP","58.61","55.82","58.61","58.61","58.61","58.61","0.00","58.61","","5.0000","299.0000"
"19/01/2026","CAL","0.64","0.61","0.64","0.64","0.64","0.64","0.00","0.64","","161.0000","103.0000"
"19/01/2026","CLYD","0.50","0.46","0.50","0.50","0.50","0.50","0.00","0.50","","0.0000","0.0000"
"19/01/2026","CMLT","0.14","0.14","0.14","0.14","0.14","0.14","0.00","0.14","","0.0000","0.0000"
"19/01/2026","CPC","0.06","0.05","0.06","0.06","0.06","0.06","0.00","0.06","","0.0000","0.0000"
"19/01/2026","DASPHARMA","0.38","0.38","0.38","0.38","0.38","0.38","0.00","0.38","","0.0000","0.0000"
"19/01/2026","EGH","26.25","25.00","26.25","26.25","26.25","26.25","0.00","26.25","26.75","867.0000","22.0000"
"19/01/2026","EGL","3.52","3.48","3.52","3.52","3.52","3.52","0.00","3.53","","0.0000","0.0000"
"19/01/2026","ETI","0.77","0.76","0.76","0.76","0.76","0.76","0.00","0.70","0.77","14.0000","11.0000"
"19/01/2026","FML","8.00","8.00","8.00","8.00","8.00","8.00","0.00","8.00","","0.0000","0.0000"
"19/01/2026","FAB","7.77","7.71","7.77","7.77","7.77","7.77","0.00","7.78","","0.0000","0.0000"
"19/01/2026","GCB","20.16","20.11","20.16","20.16","20.17","20.16","0.00","20.17","","528.0000","10.0000"
"19/01/2026","GGBL","6.60","6.60","6.60","6.60","6.60","6.60","0.00","6.60","","0.0000","0.0000"
"19/01/2026","GOIL","3.01","2.96","3.00","3.00","3.01","3.01","0.01","3.00","","2.0000","7.0000"
"19/01/2026","MAC","5.20","5.20","5.20","5.20","5.20","5.20","0.00","","","0.0000","0.0000"
"19/01/2026","MTNGH","4.25","4.20","4.20","4.20","4.20","4.20","0.00","4.20","4.23","12.0000","52.0000"
"19/01/2026","PBC**","0.02","0.02","0.02","0.02","0.02","0.02","0.00","","","0.0000","0.0000"
"19/01/2026","RBGH","1.32","1.30","1.32","1.32","1.33","1.32","0.00","1.33","","0.0000","0.0000"
"19/01/2026","SCB","29.26","29.22","29.26","29.26","29.26","29.26","0.00","29.26","","0.0000","0.0000"
"19/01/2026","SIC","1.20","1.20","1.20","1.20","1.20","1.20","0.00","1.20","1.20","80.0000","96.0000"
"19/01/2026","SOGEGH","4.49","4.49","4.49","4.49","4.49","4.49","0.00","4.49","","2.0000","12.0000"
"19/01/2026","TBL","1.20","1.20","1.20","1.20","1.32","1.20","0.00","1.32","","0.0000","0.0000"
"19/01/2026","TOTAL","40.30","40.29","40.29","40.29","40.29","40.29","0.00","40.29","40.30","760.0000","30.0000"
"19/01/2026","TLW","11.92","11.92","11.92","11.92","11.92","11.92","0.00","11.92","11.92","190.0000","2.0000"
"19/01/2026","UNIL","19.79","19.79","19.79","19.79","19.79","19.79","0.00","19.79","","0.0000","0.0000"
"19/01/2026","AADS","0.42","0.42","0.42","0.42","0.42","0.42","0.00","0.46","0.46","0.0000","0.0000"
"19/01/2026","SCBPREF","0.90","0.90","0.90","0.90","0.90","0.90","0.00","","","0.0000","0.0000"
"19/01/2026","GLD","494.77","448.40","494.77","494.77","494.77","494.77","0.00","448.40","","0.0000","0.0000"
"19/01/2026","SAMBA","0.55","0.55","0.55","0.55","0.55","0.55","0.00","","","0.0000","0.0000"
"19/01/2026","MMH","0.10","0.10","0.10","0.10","0.10","0.10","0.00","","","0.0000","0.0000"
"19/01/2026","HORDS","0.10","0.10","0.10","0.10","0.10","0.10","0.00","0.09","0.10","0.0000","0.0000"
"19/01/2026","IIL","0.05","0.05","0.05","0.05","0.05","0.05","0.00","","","0.0000","0.0000"
"19/01/2026","DIGICUT","0.09","0.09","0.09","0.09","0.09","0.09","0.00","","0.09","0.0000","0.0000"
"16/01/2026","SAMBA","0.55","0.55","0.55","0.55","0.55","0.55","0.00","0.00","0.00","0.0000","0.0000"
"16/01/2026","MMH","0.10","0.10","0.10","0.10","0.10","0.10","0.00","0.00","0.00","0.0000","0.0000"
"16/01/2026","HORDS","0.10","0.10","0.10","0.10","0.10","0.10","0.00","0.00","0.10","0.0000","0.0000"
"16/01/2026","IIL","0.05","0.04","0.05","0.05","0.05","0.05","0.00","0.00","0.05","0.0000","0.0000"
"16/01/2026","DIGICUT","0.09","0.09","0.09","0.09","0.09","0.09","0.00","0.00","0.09","0.0000","0.0000"
"16/01/2026","FML","8.00","3.70","8.00","8.00","8.00","8.00","0.00","8.00","8.20","160.0000","1280.0000"
"16/01/2026","GCB","17.82","6.37","17.80","17.80","17.82","17.82","0.02","17.81","0.00","650.0000","11583.0000"
"16/01/2026","GGBL","6.60","5.47","6.60","6.60","6.60","6.60","0.00","0.00","7.00","686.0000","4527.6000"
"16/01/2026","GOIL","2.61","1.52","2.61","2.61","2.61","2.61","0.00","2.68","0.00","1.0000","2.6800"
"16/01/2026","MAC","5.38","5.38","5.20","5.20","5.20","5.20","0.00","4.70","5.20","2.0000","10.4000"
"16/01/2026","MTNGH","4.52","2.50","4.05","4.05","4.05","4.05","0.00","4.05","4.20","3293042.0000","13336820.1000"
"16/01/2026","PBC**","0.02","0.02","0.02","0.02","0.02","0.02","0.00","0.00","0.00","0.0000","0.0000"
"16/01/2026","RBGH","1.25","0.60","1.25","1.25","1.25","1.25","0.00","0.00","1.25","18462.0000","23077.5000"
"16/01/2026","SCB","29.11","23.00","29.11","29.11","29.11","29.11","0.00","29.11","0.00","0.0000","0.0000"
"16/01/2026","SIC","1.20","0.27","1.20","1.20","1.20","1.20","0.00","1.20","0.00","26660.0000","31992.0000"
"16/01/2026","SOGEGH","4.10","1.50","4.10","4.10","4.10","4.10","0.00","0.00","0.00","10.0000","41.0000"
"16/01/2026","TBL","1.10","0.83","1.10","1.10","1.10","1.10","0.00","1.20","0.00","0.0000","0.0000"
"16/01/2026","TOTAL","40.65","13.12","40.50","40.50","40.50","40.50","0.00","0.00","40.50","371.0000","15025.5000"
"16/01/2026","TLW","11.92","11.92","11.92","11.92","11.92","11.92","0.00","0.00","0.00","0.0000","0.0000"
"16/01/2026","UNIL","20.50","19.50","19.79","19.79","19.79","19.79","0.00","0.00","19.80","15.0000","296.8500"
"16/01/2026","RBGH","1.32","1.30","1.32","1.32","1.33","1.32","0.00","1.33","0.00","0.0000","0.0000"
"16/01/2026","PBC**","0.02","0.02","0.02","0.02","0.02","0.02","0.00","0.00","0.00","0.0000","0.0000"
"16/01/2026","MTNGH","4.25","4.20","4.25","4.25","4.20","4.20","-0.05","4.20","4.25","27812988.0000","116814805.1500"
"16/01/2026","MAC","5.20","5.20","5.20","5.20","5.20","5.20","0.00","0.00","0.00","5.0000","26.0000"
"16/01/2026","GOIL","3.00","2.96","3.00","3.00","3.00","3.00","0.00","3.00","0.00","100.0000","300.0000"
"16/01/2026","GGBL","6.60","6.60","6.60","6.60","6.60","6.60","0.00","6.60","0.00","1299.0000","8573.4000"
"16/01/2026","GCB","20.16","20.11","20.16","20.16","20.19","20.16","0.00","20.18","0.00","1334.0000","26910.4900"
"16/01/2026","FAB","7.77","7.71","7.77","7.77","7.77","7.77","0.00","7.77","0.00","0.0000","0.0000"
"16/01/2026","FML","8.00","8.00","8.00","8.00","8.00","8.00","0.00","8.00","0.00","334.0000","2672.0000"
"16/01/2026","ETI","0.77","0.76","0.76","0.76","0.76","0.76","0.00","0.76","0.77","19583.0000","14934.1700"
"16/01/2026","EGL","3.52","3.48","3.52","3.52","3.52","3.52","0.00","3.53","0.00","0.0000","0.0000"
"16/01/2026","EGH","26.25","25.00","26.25","26.25","26.25","26.25","0.00","26.25","0.00","83.0000","2178.7500"
"16/01/2026","DASPHARMA","0.38","0.38","0.38","0.38","0.38","0.38","0.00","0.38","0.00","349.0000","132.6200"
"16/01/2026","CPC","0.06","0.05","0.06","0.06","0.06","0.06","0.00","0.06","0.00","0.0000","0.0000"
"16/01/2026","CMLT","0.14","0.14","0.14","0.14","0.14","0.14","0.00","0.14","0.00","0.0000","0.0000"
"16/01/2026","CLYD","0.50","0.46","0.46","0.46","0.50","0.50","0.04","0.50","0.00","324000.0000","162000.0000"
"16/01/2026","CAL","0.64","0.61","0.63","0.63","0.64","0.64","0.01","0.64","0.66","210955.0000","135009.8900"
"16/01/2026","BOPP","58.61","55.82","58.61","58.61","58.61","58.61","0.00","58.61","64.45","0.0000","0.0000"
"16/01/2026","ADB","5.06","5.06","5.06","5.06","5.06","5.06","0.00","5.06","0.00","30.0000","151.8000"
"16/01/2026","AGA","37.00","37.00","37.00","37.00","37.00","37.00","0.00","40.70","0.00","0.0000","0.0000"
"16/01/2026","**ALW**","0.10","0.10","0.10","0.10","0.10","0.10","0.00","0.00","0.00","0.0000","0.0000"
"16/01/2026","ASG","8.89","8.89","8.89","8.89","8.89","8.89","0.00","0.00","8.89","23.0000","204.4700"
"16/01/2026","ALLGH","6.12","6.12","6.12","6.12","6.12","6.12","0.00","0.00","6.12","737.0000","4510.4400"
"16/01/2026","ACCESS","16.20","16.20","16.20","16.20","16.20","16.20","0.00","16.20","17.80","183.0000","2964.6000"
"15/01/2026","ADB","5.06","5.06","5.06","5.06","5.06","5.06","0.00","5.06","0.00","0.0000","0.0000"
"15/01/2026","GOIL","3.00","2.96","3.00","3.00","3.00","3.00","0.00","3.01","0.00","80.0000","240.8000"
"15/01/2026","MAC","5.20","5.20","5.20","5.20","5.20","5.20","0.00","0.00","5.20","8.0000","41.6000"
"15/01/2026","MTNGH","4.25","4.20","4.23","4.23","4.23","4.25","0.02","4.22","4.23","3591791.0000","15253121.9900"
"15/01/2026","GGBL","6.60","6.60","6.60","6.60","6.60","6.60","0.00","6.60","0.00","173.0000","1141.8000"
"15/01/2026","TOTAL","40.30","40.29","40.29","40.29","40.29","40.29","0.00","40.00","40.29","1217.0000",""
"15/01/2026","UNIL","19.79","19.79","19.79","19.79","19.79","19.79","0.00","0.00","19.79","94.0000",""
"15/01/2026","ACCESS","16.20","16.20","16.20","16.20","16.20","16.20","0.00","16.20","17.80","246.0000","3985.2000"
"15/01/2026","ADB","5.06","5.06","5.06","5.06","5.06","5.06","0.00","5.06","0.00","0.0000","0.0000"
"15/01/2026","AGA","37.00","37.00","37.00","37.00","37.00","37.00","0.00","40.70","0.00","0.0000","0.0000"
"15/01/2026","**ALW**","0.10","0.10","0.10","0.10","0.10","0.10","0.00","0.00","0.00","0.0000","0.0000"
"15/01/2026","ASG","8.89","8.89","8.89","8.89","8.89","8.89","0.00","0.00","8.89","439.0000","3902.7100"
"15/01/2026","ALLGH","6.12","6.12","6.12","6.12","6.12","6.12","0.00","0.00","6.12","12191.0000","74608.9200"
"15/01/2026","BOPP","58.61","55.82","58.61","58.61","58.61","58.61","0.00","58.61","64.45","11.0000","644.7100"
"15/01/2026","CAL","0.64","0.61","0.62","0.62","0.66","0.63","0.01","0.64","0.66","73421.0000","46570.8400"
"15/01/2026","CLYD","0.46","0.46","0.46","0.46","0.50","0.46","0.00","0.50","0.00","350.0000","175.0000"
"15/01/2026","CMLT","0.14","0.14","0.14","0.14","0.14","0.14","0.00","0.15","0.00","0.0000","0.0000"
"15/01/2026","CPC","0.06","0.05","0.06","0.06","0.06","0.06","0.00","0.06","0.00","0.0000","0.0000"
"15/01/2026","DASPHARMA","0.38","0.38","0.38","0.38","0.38","0.38","0.00","0.38","0.00","870.0000","330.6000"
"15/01/2026","EGH","26.25","25.00","26.25","26.25","26.25","26.25","0.00","26.25","0.00","10.0000","262.5000"
"15/01/2026","EGL","3.52","3.48","3.48","3.48","3.52","3.52","0.04","3.53","0.00","3011.0000","10598.3900"
"15/01/2026","ETI","0.77","0.76","0.76","0.76","0.76","0.76","0.00","0.70","0.76","103744.0000","78845.4400"
"15/01/2026","FML","8.00","8.00","8.00","8.00","8.00","8.00","0.00","8.00","0.00","1740.0000","13920.0000"
"15/01/2026","FAB","7.77","7.71","7.71","7.71","7.77","7.77","0.06","7.76","0.00","2739.0000","21282.0300"
"15/01/2026","GCB","20.16","20.11","20.16","20.16","20.17","20.16","0.00","2.18","0.00","1560.0000","31480.1900"
"15/01/2026","DIGICUT","0.09","0.09","0.09","0.09","0.09","0.09","0.00","0.00","0.09","0.0000","0.0000"
"15/01/2026","IIL","0.05","0.05","0.05","0.05","0.05","0.05","0.00","0.05","0.00","0.0000","0.0000"
"15/01/2026","HORDS","0.10","0.10","0.10","0.10","0.10","0.10","0.00","0.09","0.10","0.0000","0.0000"
"15/01/2026","MMH","0.10","0.10","0.10","0.10","0.10","0.10","0.00","0.00","0.00","0.0000","0.0000"
"15/01/2026","SAMBA","0.55","0.55","0.55","0.55","0.55","0.55","0.00","0.00","0.00","0.0000","0.0000"
"15/01/2026","GLD","494.77","448.40","494.77","494.77","494.77","494.77","0.00","448.40","494.77","5078.0000","2512442.0600"
"15/01/2026","SCBPREF","0.90","0.90","0.90","0.90","0.90","0.90","0.00","0.00","0.00","0.0000","0.0000"
"15/01/2026","AADS","0.42","0.42","0.42","0.42","0.42","0.42","0.00","0.46","0.00","0.0000","0.0000"
"15/01/2026","UNIL","19.79","19.79","19.79","19.79","19.79","19.79","0.00","19.79","0.00","321.0000","6352.5900"
"15/01/2026","TLW","11.92","11.92","11.92","11.92","11.92","11.92","0.00","11.92","0.00","13.0000","154.9600"
"15/01/2026","TBL","1.20","1.20","1.20","1.20","1.32","1.20","0.00","1.32","0.00","0.0000","0.0000"
"15/01/2026","TOTAL","40.30","40.29","40.29","40.29","40.29","40.29","0.00","0.00","40.29","1258.0000","50684.8200"
"15/01/2026","SOGEGH","4.49","4.49","4.49","4.49","4.49","4.49","0.00","4.49","0.00","436.0000","1957.6400"
"15/01/2026","SIC","1.20","1.20","1.20","1.20","1.20","1.20","0.00","0.00","1.20","42364.0000","50836.8000"
"15/01/2026","SCB","29.26","29.22","29.26","29.26","29.26","29.26","0.00","29.26","0.00","16.0000","468.1600"
"15/01/2026","RBGH","1.32","1.30","1.32","1.32","1.33","1.32","0.00","1.33","0.00","10.0000","13.3000"
"15/01/2026","PBC**","0.02","0.02","0.02","0.02","0.02","0.02","0.00","0.00","0.00","0.0000","0.0000"
"14/01/2026","SCBPREF","0.90","0.90","0.90","0.90","0.90","0.90","0.00","0.00","0.00","0.0000",""
"14/01/2026","SCB","29.26","29.22","29.25","29.25","29.26","29.26","0.01","29.26","0.00","2917.0000",""
"14/01/2026","SAMBA","0.55","0.55","0.55","0.55","0.55","0.55","0.00","0.00","0.00","0.0000",""
"14/01/2026","RBGH","1.32","1.30","1.32","1.32","1.33","1.32","0.00","1.33","0.00","4.0000",""
"14/01/2026","PBC**","0.02","0.02","0.02","0.02","0.02","0.02","0.00","0.00","0.00","0.0000",""
"14/01/2026","MTNGH","4.23","4.20","4.23","4.23","4.23","4.23","0.00","4.23","4.25","546941.0000",""
"14/01/2026","MMH","0.10","0.10","0.10","0.10","0.10","0.10","0.00","0.00","0.00","0.0000",""
"14/01/2026","MAC","5.20","5.20","5.20","5.20","5.20","5.20","0.00","0.00","0.00","0.0000",""
"14/01/2026","IIL","0.05","0.05","0.05","0.05","0.05","0.05","0.00","0.05","0.00","0.0000",""
"14/01/2026","HORDS","0.10","0.10","0.10","0.10","0.10","0.10","0.00","0.09","0.10","0.0000",""
"14/01/2026","GOIL","3.00","2.96","3.00","3.00","3.00","3.00","0.00","3.00","0.00","0.0000",""
"14/01/2026","GLD","494.77","448.40","448.40","448.40","494.77","494.77","46.37","448.40","0.00","5010.0000",""
"14/01/2026","GGBL","6.60","6.60","6.60","6.60","6.60","6.60","0.00","6.60","0.00","95.0000",""
"14/01/2026","GCB","20.16","20.11","20.16","20.16","20.17","20.16","0.00","20.17","0.00","181.0000",""
"14/01/2026","FML","8.00","8.00","8.00","8.00","8.00","8.00","0.00","8.00","0.00","692.0000",""
"14/01/2026","FAB","7.71","7.71","7.71","7.71","7.71","7.71","0.00","7.76","0.00","0.0000",""
"14/01/2026","ETI","0.77","0.76","0.76","0.76","0.76","0.76","0.00","0.76","0.77","4213.0000",""
"14/01/2026","EGL","3.48","3.48","3.48","3.48","3.48","3.48","0.00","3.50","0.00","2302.0000",""
"14/01/2026","EGH","26.25","25.00","26.25","26.25","26.25","26.25","0.00","26.25","0.00","522.0000",""
"14/01/2026","DIGICUT","0.09","0.09","0.09","0.09","0.09","0.09","0.00","0.00","0.09","0.0000",""
"14/01/2026","DASPHARMA","0.38","0.38","0.38","0.38","0.38","0.38","0.00","0.38","0.00","0.0000",""
"14/01/2026","CPC","0.06","0.05","0.06","0.06","0.06","0.06","0.00","0.06","0.00","0.0000",""
"14/01/2026","CMLT","0.14","0.14","0.14","0.14","0.14","0.14","0.00","0.15","0.00","0.0000",""
"14/01/2026","CLYD","0.46","0.46","0.46","0.46","0.50","0.46","0.00","0.50","0.00","1000.0000",""
"14/01/2026","CAL","0.64","0.61","0.61","0.61","0.62","0.62","0.01","0.62","0.64","376778.0000",""
"14/01/2026","BOPP","58.61","55.82","58.61","58.61","58.61","58.61","0.00","58.61","64.45","0.0000",""
"14/01/2026","ASG","8.89","8.89","8.89","8.89","8.89","8.89","0.00","8.89","0.00","0.0000",""
"14/01/2026","ALW","0.10","0.10","0.10","0.10","0.10","0.10","0.00","0.00","0.00","0.0000",""
"14/01/2026","ALLGH","6.12","6.12","6.12","6.12","6.12","6.12","0.00","0.00","0.00","658.0000",""
"14/01/2026","AGA","37.00","37.00","37.00","37.00","37.00","37.00","0.00","40.70","0.00","0.0000",""
"14/01/2026","ADB","5.06","5.06","5.06","5.06","5.06","5.06","0.00","5.06","0.00","37.0000",""
"14/01/2026","ACCESS","16.20","16.20","16.20","16.20","16.20","16.20","0.00","16.20","0.00","47.0000",""
"14/01/2026","AADS","0.42","0.42","0.42","0.42","0.42","0.42","0.00","0.46","0.00","0.0000",""
"14/01/2026","MMH","0.10","0.10","0.10","0.10","0.10","0.10","0.00","0.00","0.00","0.0000","0.0000"
"14/01/2026","HORDS","0.10","0.10","0.10","0.10","0.10","0.10","0.00","0.09","0.10","0.0000","0.0000"
"14/01/2026","IIL","0.05","0.05","0.05","0.05","0.05","0.05","0.00","0.05","0.00","0.0000","0.0000"
"14/01/2026","DIGICUT","0.09","0.09","0.09","0.09","0.09","0.09","0.00","0.00","0.09","0.0000","0.0000"
"14/01/2026","ACCESS","16.20","16.20","16.20","16.20","16.20","16.20","0.00","16.20","0.00","4122.0000","66776.4000"
"14/01/2026","ADB","5.06","5.06","5.06","5.06","5.06","5.06","0.00","5.06","0.00","0.0000","0.0000"
"13/01/2026","HORDS","0.10","0.10","0.10","0.10","0.10","0.10","0.00","0.00","0.10","10.0000","1.0000"
"13/01/2026","IIL","0.05","0.04","0.05","0.05","0.05","0.05","0.00","0.00","0.05","0.0000","0.0000"
"13/01/2026","DIGICUT","0.09","0.09","0.09","0.09","0.09","0.09","0.00","0.00","0.09","0.0000","0.0000"
"13/01/2026","ACCESS","16.40","5.20","16.20","16.20","16.20","16.20","0.00","16.20","0.00","235.0000","3807.0000"
"13/01/2026","ADB","5.06","5.06","5.06","5.06","5.06","5.06","0.00","5.06","0.00","0.0000","0.0000"
"13/01/2026","AGA","37.00","37.00","37.00","37.00","37.00","37.00","0.00","40.70","0.00","0.0000","0.0000"
"13/01/2026","**ALW**","0.10","0.10","0.10","0.10","0.10","0.10","0.00","0.00","0.00","0.0000","0.0000"
"13/01/2026","ASG","8.89","8.89","8.89","8.89","8.89","8.89","0.00","8.89","0.00","0.0000","0.0000"
"13/01/2026","ALLGH","6.12","6.12","6.12","6.12","6.12","6.12","0.00","0.00","6.12","170.0000","1040.4000"
"13/01/2026","BOPP","55.82","25.26","55.82","55.82","55.82","55.82","0.00","55.82","0.00","0.0000","0.0000"
"13/01/2026","CAL","0.90","0.33","0.54","0.54","0.58","0.58","0.04","0.58","0.00","3811350.0000","2210470.9700"
"13/01/2026","CLYD","0.46","0.03","0.46","0.46","0.46","0.46","0.00","0.50","0.00","0.0000","0.0000"
"13/01/2026","CMLT","0.14","0.14","0.14","0.14","0.14","0.14","0.00","0.15","0.00","0.0000","0.0000"
"13/01/2026","CPC","0.05","0.02","0.05","0.05","0.05","0.05","0.00","0.05","0.00","0.0000","0.0000"
"13/01/2026","DASPHARMA","0.38","0.38","0.38","0.38","0.38","0.38","0.00","0.38","0.00","0.0000","0.0000"
"13/01/2026","EGH","25.00","6.25","25.00","25.00","25.00","25.00","0.00","25.00","0.00","2918.0000","72950.0000"
"13/01/2026","EGL","3.46","1.98","3.46","3.46","3.46","3.46","0.00","3.47","0.00","0.0000","0.0000"
"13/01/2026","ETI","1.00","0.31","0.77","0.77","0.77","0.77","0.00","0.70","0.77","14615.0000","11253.5500"
"13/01/2026","FML","8.01","3.70","8.00","8.00","8.00","8.00","0.00","0.00","8.00","744.0000","5952.0000"
"13/01/2026","GCB","19.58","6.37","19.51","19.51","19.53","19.58","0.07","19.52","20.00","5448.0000","106893.4800"
"13/01/2026","GGBL","6.60","5.47","6.60","6.60","6.60","6.60","0.00","0.00","6.60","217.0000","1432.2000"
"13/01/2026","GOIL","2.91","1.52","2.91","2.91","2.91","2.91","0.00","2.95","0.00","0.0000","0.0000"
"13/01/2026","MAC","5.38","5.38","5.20","5.20","5.20","5.20","0.00","5.20","0.00","0.0000","0.0000"
"13/01/2026","MTNGH","4.52","2.50","4.20","4.20","4.20","4.20","0.00","4.20","4.21","960269.0000","4033240.7600"
"13/01/2026","PBC**","0.02","0.02","0.02","0.02","0.02","0.02","0.00","0.00","0.00","0.0000","0.0000"
"13/01/2026","RBGH","1.25","0.60","1.25","1.25","1.25","1.25","0.00","1.25","0.00","0.0000","0.0000"
"13/01/2026","SCB","29.16","23.00","29.16","29.16","29.16","29.16","0.00","29.16","0.00","0.0000","0.0000"
"13/01/2026","SIC","1.20","0.27","1.20","1.20","1.20","1.20","0.00","0.00","1.20","33095.0000","39714.0000"
"13/01/2026","SOGEGH","4.50","1.50","4.49","4.49","4.49","4.49","0.00","4.49","0.00","2915.0000","13088.3500"
"13/01/2026","TBL","1.20","0.83","1.20","1.20","1.20","1.20","0.00","1.32","0.00","0.0000","0.0000"
"13/01/2026","TOTAL","40.65","13.12","40.35","40.35","40.35","40.35","0.00","0.00","40.30","966.0000","38929.8000"
"13/01/2026","TLW","11.92","11.92","11.92","11.92","11.92","11.92","0.00","11.92","0.00","0.0000","0.0000"
"13/01/2026","UNIL","20.50","19.50","19.79","19.79","19.79","19.79","0.00","0.00","19.79","36.0000","712.4400"
"13/01/2026","AADS","0.42","0.41","0.42","0.42","0.42","0.42","0.00","0.42","0.00","0.0000","0.0000"
"13/01/2026","SCBPREF","0.90","0.90","0.90","0.90","0.90","0.90","0.00","0.00","0.00","0.0000","0.0000"
"13/01/2026","GLD","508.31","338.83","492.31","492.31","487.60","489.02","-3.29","489.02","0.00","139.0000","67974.2200"
"13/01/2026","SAMBA","0.55","0.55","0.55","0.55","0.55","0.55","0.00","0.00","0.00","0.0000","0.0000"
"13/01/2026","MMH","0.10","0.10","0.10","0.10","0.10","0.10","0.00","0.00","0.00","0.0000","0.0000"
"12/01/2026","","7.50","5.20","7.50","7.50","7.50","7.50","7.5000","5.20","7.50","7.5000","7.5000"
"12/01/2026","ADB","5.06","5.06","5.06","5.06","5.06","5.06","5.0600","5.06","5.06","5.0600","5.0600"
"12/01/2026","AGA","37.00","37.00","37.00","37.00","37.00","37.00","37.0000","37.00","37.00","37.0000","37.0000"
"12/01/2026","**ALW**","0.10","0.10","0.10","0.10","0.10","0.10","0.1000","0.10","0.10","0.1000","0.1000"
"12/01/2026","ASG","8.89","8.89","8.89","8.89","8.89","8.89","8.8900","8.89","8.89","8.8900","8.8900"
"12/01/2026","ACCESS","16.20","16.20","16.20","16.20","16.20","16.20","0.00","16.20","0.00","257.0000","4163.4000"
"12/01/2026","ADB","5.06","5.06","5.06","5.06","5.06","5.06","0.00","5.06","0.00","0.0000","0.0000"
"12/01/2026","AGA","37.00","37.00","37.00","37.00","37.00","37.00","0.00","40.70","0.00","0.0000","0.0000"
"12/01/2026","**ALW**","0.10","0.10","0.10","0.10","0.10","0.10","0.00","0.00","0.00","0.0000","0.0000"
"12/01/2026","MAC","5.20","5.20","5.20","5.20","5.20","5.20","0.00","0.00","0.00","0.0000","0.0000"
"12/01/2026","MTNGH","4.23","4.20","4.21","4.21","4.23","4.23","0.02","4.23","4.30","9416457.0000","37550613.3300"
"12/01/2026","PBC**","0.02","0.02","0.02","0.02","0.02","0.02","0.00","0.00","0.00","0.0000","0.0000"
"12/01/2026","RBGH","1.30","1.30","1.30","1.30","1.33","1.30","0.00","1.33","1.42","585.0000","778.0500"
"12/01/2026","SCB","29.25","29.22","29.25","29.25","29.25","29.25","0.00","29.25","0.00","1.0000","29.2500"
"12/01/2026","SIC","1.20","1.20","1.20","1.20","1.20","1.20","0.00","0.00","1.20","76867.0000","92240.4000"
"12/01/2026","SOGEGH","4.49","4.49","4.49","4.49","4.49","4.49","0.00","4.49","0.00","2343.0000","10520.0700"
"12/01/2026","TBL","1.20","1.20","1.20","1.20","1.20","1.20","0.00","1.32","0.00","0.0000","0.0000"
"12/01/2026","TOTAL","40.30","40.29","40.29","40.29","40.27","40.29","0.00","0.00","40.27","2132.0000","85838.8900"
"12/01/2026","TLW","11.92","11.92","11.92","11.92","11.92","11.92","0.00","11.92","0.00","0.0000","0.0000"
"12/01/2026","UNIL","19.79","19.79","19.79","19.79","19.79","19.79","0.00","19.79","0.00","1170.0000","23154.3000"
"12/01/2026","AADS","0.42","0.42","0.42","0.42","0.42","0.42","0.00","0.46","0.00","0.0000","0.0000"
"12/01/2026","SCBPREF","0.90","0.90","0.90","0.90","0.90","0.90","0.00","0.00","0.00","0.0000","0.0000"
"12/01/2026","GLD","480.00","448.40","448.40","448.40","448.40","448.40","0.00","448.40","0.00","145.0000","65018.0000"
"12/01/2026","SAMBA","0.55","0.55","0.55","0.55","0.55","0.55","0.00","0.00","0.00","0.0000","0.0000"
"12/01/2026","MMH","0.10","0.10","0.10","0.10","0.10","0.10","0.00","0.00","0.00","0.0000","0.0000"
"12/01/2026","HORDS","0.10","0.10","0.10","0.10","0.10","0.10","0.00","0.09","0.10","0.0000","0.0000"
"12/01/2026","IIL","0.05","0.05","0.05","0.05","0.05","0.05","0.00","0.00","0.00","0.0000","0.0000"
"12/01/2026","DIGICUT","0.09","0.09","0.09","0.09","0.09","0.09","0.00","0.00","0.09","0.0000","0.0000"
"11/01/2026","MMH","0.10","0.10","0.10","0.10","0.10","0.10","0.00","0.00","0.00","0.0000","0.0000"
"08/01/2026","ACCESS","16.20","16.20","16.20","16.20","16.20","16.20","0.00","16.20","0.00","2.0000","32.4000"
"08/01/2026","ADB","5.06","5.06","5.06","5.06","5.06","5.06","0.00","5.06","0.00","0.0000","0.0000"
"08/01/2026","AGA","37.00","37.00","37.00","37.00","37.00","37.00","0.00","40.70","0.00","0.0000","0.0000"
"08/01/2026","**ALW**","0.10","0.10","0.10","0.10","0.10","0.10","0.00","0.00","0.00","0.0000","0.0000"
"08/01/2026","ASG","8.89","8.89","8.89","8.89","8.89","8.89","0.00","8.89","0.00","0.0000","0.0000"
"08/01/2026","ALLGH","6.12","6.12","6.12","6.12","6.12","6.12","0.00","6.12","0.00","10.0000","61.2000"
"08/01/2026","BOPP","58.61","55.82","58.61","58.61","58.61","58.61","0.00","60.61","0.00","0.0000","0.0000"
"08/01/2026","CAL","0.64","0.61","0.61","0.61","0.61","0.61","0.00","0.61","0.64","57214.0000","34900.5400"
"08/01/2026","CLYD","0.46","0.46","0.46","0.46","0.46","0.46","0.00","0.50","0.00","0.0000","0.0000"
"08/01/2026","CMLT","0.14","0.14","0.14","0.14","0.14","0.14","0.00","0.15","0.00","0.0000","0.0000"
"08/01/2026","CPC","0.06","0.05","0.06","0.06","0.06","0.06","0.00","0.06","0.00","1210.0000","72.6000"
"08/01/2026","DASPHARMA","0.38","0.38","0.38","0.38","0.38","0.38","0.00","0.38","0.00","0.0000","0.0000"
"08/01/2026","EGH","26.25","25.00","26.25","26.25","26.25","26.25","0.00","26.25","0.00","10.0000","262.5000"
"08/01/2026","EGL","3.48","3.48","3.48","3.48","3.48","3.48","0.00","3.50","0.00","0.0000","0.0000"
"08/01/2026","ETI","0.77","0.76","0.76","0.76","0.76","0.76","0.00","0.70","0.76","39351.0000","29906.7600"
"08/01/2026","FML","8.00","8.00","8.00","8.00","8.00","8.00","0.00","7.21","8.00","1643.0000","13144.0000"
"08/01/2026","FAB","7.71","7.71","7.71","7.71","7.71","7.71","0.00","7.76","8.48","805.0000","6826.4000"
"08/01/2026","GCB","20.15","20.11","20.15","20.15","20.15","20.15","0.00","20.15","0.00","96003.0000","1934519.4100"
"08/01/2026","GGBL","6.60","6.60","6.60","6.60","6.60","6.60","0.00","6.60","6.60","26.0000","171.6000"
"08/01/2026","GOIL","3.00","2.96","3.00","3.00","3.00","3.00","0.00","3.01","0.00","0.0000","0.0000"
"08/01/2026","MAC","5.20","5.20","5.20","5.20","5.20","5.20","0.00","0.00","0.00","0.0000","0.0000"
"08/01/2026","MTNGH","4.21","4.20","4.20","4.20","4.21","4.21","0.01","4.21","4.40","7521.0000","31663.4100"
"08/01/2026","PBC**","0.02","0.02","0.02","0.02","0.02","0.02","0.00","0.00","0.00","0.0000","0.0000"
"08/01/2026","RBGH","1.30","1.30","1.30","1.30","1.30","1.30","0.00","1.33","0.00","0.0000","0.0000"
"08/01/2026","SCB","29.25","29.22","29.25","29.25","29.25","29.25","0.00","29.25","0.00","0.0000","0.0000"
"08/01/2026","SIC","1.20","1.20","1.20","1.20","1.20","1.20","0.00","1.20","0.00","97291.0000","116749.2000"
"08/01/2026","SOGEGH","4.49","4.49","4.49","4.49","4.49","4.49","0.00","4.49","0.00","5.0000","22.4500"
"08/01/2026","TBL","1.20","1.20","1.20","1.20","1.20","1.20","0.00","1.32","0.00","0.0000","0.0000"
"08/01/2026","TOTAL","40.30","40.29","40.30","40.30","4.29","40.29","-0.01","0.00","40.29","1311.0000","52820.1900"
"08/01/2026","TLW","11.92","11.92","11.92","11.92","11.92","11.92","0.00","11.92","0.00","4.0000","47.6800"
"08/01/2026","UNIL","19.79","19.79","19.79","19.79","19.79","19.79","0.00","0.00","19.79","314.0000","6214.0600"
"08/01/2026","AADS","0.42","0.42","0.42","0.42","0.42","0.42","0.00","0.46","0.00","0.0000","0.0000"
"08/01/2026","SCBPREF","0.90","0.90","0.90","0.90","0.90","0.90","0.00","0.00","0.00","0.0000","0.0000"
"08/01/2026","GLD","480.00","448.40","448.40","448.40","448.40","448.40","0.00","448.40","0.00","0.0000","0.0000"
"08/01/2026","SAMBA","0.55","0.55","0.55","0.55","0.55","0.55","0.00","0.00","0.00","0.0000","0.0000"
"08/01/2026","MMH","0.10","0.10","0.10","0.10","0.10","0.10","0.00","0.00","0.00","0.0000","0.0000"
"08/01/2026","HORDS","0.10","0.10","0.10","0.10","0.10","0.10","0.00","0.00","0.10","0.0000","0.0000"
"08/01/2026","IIL","0.05","0.05","0.05","0.05","0.05","0.05","0.00","0.05","0.00","19500.0000","975.0000"
"08/01/2026","DIGICUT","0.09","0.09","0.09","0.09","0.09","0.09","0.00","0.00","0.09","0.0000","0.0000"
"07/01/2026","ACCESS","16.20","16.20","16.20","16.20","16.20","16.20","0.00","16.20","0.00","411.0000","6658.2000"
"07/01/2026","ADB","5.06","5.06","5.06","5.06","5.06","5.06","0.00","5.06","0.00","0.0000","0.0000"
"07/01/2026","AGA","37.00","37.00","37.00","37.00","37.00","37.00","0.00","40.70","0.00","0.0000","0.0000"
"07/01/2026","**ALW**","0.10","0.10","0.10","0.10","0.10","0.10","0.00","0.00","0.00","0.0000","0.0000"
"07/01/2026","ASG","8.89","8.89","8.89","8.89","8.89","8.89","0.00","8.89","0.00","0.0000","0.0000"
"07/01/2026","ALLGH","6.12","6.12","6.12","6.12","6.12","6.12","0.00","6.12","0.00","67.0000","410.0400"
"07/01/2026","BOPP","58.61","55.82","55.82","55.82","58.61","58.61","2.79","61.40","0.00","1485.0000","87049.8000"
"07/01/2026","CAL","0.64","0.61","0.64","0.64","0.61","0.61","-0.03","0.61","0.00","198678.0000","121881.3000"
"07/01/2026","CLYD","0.46","0.46","0.46","0.46","0.46","0.46","0.00","0.50","0.00","0.0000","0.0000"
"07/01/2026","CMLT","0.14","0.14","0.14","0.14","0.14","0.14","0.00","0.15","0.00","0.0000","0.0000"
"07/01/2026","CPC","0.06","0.05","0.05","0.05","0.05","0.06","0.01","0.06","0.00","2500.0000","150.0000"
"07/01/2026","DASPHARMA","0.38","0.38","0.38","0.38","0.38","0.38","0.00","0.38","0.00","0.0000","0.0000"
"07/01/2026","EGH","26.25","25.00","25.00","25.00","26.25","26.25","1.25","26.25","0.00","4334.0000","113767.5000"
"07/01/2026","EGL","3.48","3.48","3.48","3.48","3.48","3.48","0.00","3.50","0.00","0.0000","0.0000"
"07/01/2026","ETI","0.77","0.76","0.76","0.76","0.76","0.76","0.00","0.70","0.76","28356.0000","21550.5600"
"07/01/2026","FML","8.00","8.00","8.00","8.00","8.00","8.00","0.00","7.21","8.00","891.0000","7128.0000"
"07/01/2026","FAB","7.71","7.71","7.71","7.71","7.71","7.71","0.00","7.76","8.48","0.0000","0.0000"
"07/01/2026","GCB","20.15","20.11","20.13","20.13","20.15","20.15","0.02","20.15","0.00","1475.0000","29723.2500"
"07/01/2026","GGBL","6.60","6.60","6.60","6.60","6.60","6.60","0.00","6.60","6.60","53508.0000","353152.8000"
"07/01/2026","GOIL","3.00","2.96","2.97","2.97","3.00","3.00","0.03","3.00","0.00","3042.0000","9125.5800"
"07/01/2026","MAC","5.20","5.20","5.20","5.20","5.20","5.20","0.00","0.00","0.00","0.0000","0.0000"
"07/01/2026","MTNGH","4.21","4.20","4.20","4.20","4.20","4.20","0.00","4.20","4.30","1177361.0000","4945126.2000"
"07/01/2026","PBC**","0.02","0.02","0.02","0.02","0.02","0.02","0.00","0.00","0.00","0.0000","0.0000"
"07/01/2026","RBGH","1.30","1.30","1.30","1.30","1.30","1.30","0.00","1.33","0.00","35.0000","46.5500"
"07/01/2026","SCB","29.25","29.22","29.25","29.25","29.25","29.25","0.00","29.25","0.00","533.0000","15590.2500"
"07/01/2026","SIC","1.20","1.20","1.20","1.20","1.20","1.20","0.00","0.00","1.20","50268.0000","60321.6000"
"07/01/2026","SOGEGH","4.49","4.49","4.49","4.49","4.49","4.49","0.00","0.00","4.49","3317.0000","14893.3300"
"07/01/2026","TBL","1.20","1.20","1.20","1.20","1.20","1.20","0.00","1.32","0.00","0.0000","0.0000"
"07/01/2026","TOTAL","40.30","40.30","40.30","40.30","40.30","40.30","0.00","0.00","40.29","809.0000","32594.6100"
"07/01/2026","TLW","11.92","11.92","11.92","11.92","11.92","11.92","0.00","11.92","11.92","0.0000","0.0000"
"07/01/2026","UNIL","19.79","19.79","19.79","19.79","19.79","19.79","0.00","19.79","19.79","408.0000","8074.3200"
"07/01/2026","AADS","0.42","0.42","0.42","0.42","0.42","0.42","0.00","0.46","0.46","0.0000","0.0000"
"07/01/2026","SCBPREF","0.90","0.90","0.90","0.90","0.90","0.90","0.00","0.00","0.00","0.0000","0.0000"
"07/01/2026","GLD","480.00","448.40","448.40","448.40","448.40","448.40","0.00","448.40","0.00","1.0000","448.4000"
"07/01/2026","SAMBA","0.55","0.55","0.55","0.55","0.55","0.55","0.00","0.00","0.00","0.0000","0.0000"
"07/01/2026","MMH","0.10","0.10","0.10","0.10","0.10","0.10","0.00","0.00","0.00","0.0000","0.0000"
"07/01/2026","HORDS","0.10","0.10","0.10","0.10","0.10","0.10","0.00","0.00","0.10","0.0000","0.0000"
"07/01/2026","IIL","0.05","0.05","0.05","0.05","0.05","0.05","0.00","0.05","0.00","0.0000","0.0000"
"07/01/2026","DIGICUT","0.09","0.09","0.09","0.09","0.09","0.09","0.00","0.00","0.09","0.0000","0.0000"
"06/01/2026","ACCESS","16.20","16.20","16.20","16.20","16.20","16.20","0.00","16.20","0.00","37.0000","599.4000"
"06/01/2026","ADB","5.06","5.06","5.06","5.06","5.06","5.06","0.00","5.06","0.00","0.0000","0.0000"
"06/01/2026","AGA","37.00","37.00","37.00","37.00","37.00","37.00","0.00","40.70","0.00","0.0000","0.0000"
"06/01/2026","**ALW**","0.10","0.10","0.10","0.10","0.10","0.10","0.00","0.00","0.00","0.0000","0.0000"
"06/01/2026","ASG","8.89","8.89","8.89","8.89","8.89","8.89","0.00","8.89","0.00","0.0000","0.0000"
"06/01/2026","ALLGH","6.12","6.12","6.12","6.12","6.12","6.12","0.00","6.12","0.00","36.0000","220.3200"
"06/01/2026","BOPP","55.82","55.82","55.82","55.82","58.61","55.82","0.00","55.83","58.61","33.0000","1934.1300"
"06/01/2026","CAL","0.64","0.64","0.64","0.64","0.64","0.64","0.00","0.60","0.64","99092.0000","63389.1600"
"06/01/2026","CLYD","0.46","0.46","0.46","0.46","0.46","0.46","0.00","0.50","0.50","0.0000","0.0000"
"06/01/2026","CMLT","0.14","0.14","0.14","0.14","0.14","0.14","0.00","0.15","0.15","0.0000","0.0000"
"06/01/2026","CPC","0.05","0.05","0.05","0.05","0.05","0.05","0.00","0.05","0.05","0.0000","0.0000"
"06/01/2026","DASPHARMA","0.38","0.38","0.38","0.38","0.38","0.38","0.00","0.38","0.38","0.0000","0.0000"
"06/01/2026","EGH","25.00","25.00","25.00","25.00","25.00","25.00","0.00","25.00","25.00","105.0000","2625.0000"
"06/01/2026","EGL","3.48","3.48","3.48","3.48","3.48","3.48","0.00","3.50","3.50","0.0000","0.0000"
"06/01/2026","ETI","0.77","0.76","0.77","0.77","0.70","0.76","-0.01","0.70","0.77","29688.0000","22598.4500"
"06/01/2026","FML","8.00","8.00","8.00","8.00","8.00","8.00","0.00","7.21","8.00","1558.0000","12464.0000"
"06/01/2026","FAB","7.71","7.71","7.71","7.71","7.71","7.71","0.00","7.75","0.00","0.0000","0.0000"
"06/01/2026","GCB","20.13","20.11","20.13","20.13","20.14","20.13","0.00","20.14","0.00","427.0000","8599.7800"
"06/01/2026","GGBL","6.60","6.60","6.60","6.60","6.60","6.60","0.00","6.60","6.60","27758.0000","183202.8000"
"06/01/2026","GOIL","2.97","2.96","2.97","2.97","2.99","2.97","0.00","2.99","0.00","55.0000","164.4500"
"06/01/2026","MAC","5.20","5.20","5.20","5.20","5.20","5.20","0.00","5.20","0.00","0.0000","0.0000"
"06/01/2026","MTNGH","4.21","4.20","4.21","4.21","4.20","4.20","-0.01","4.20","4.30","18325232.0000","76967682.5400"
"06/01/2026","PBC**","0.02","0.02","0.02","0.02","0.02","0.02","0.00","0.00","0.00","0.0000","0.0000"
"06/01/2026","RBGH","1.30","1.30","1.30","1.30","1.33","1.30","0.00","1.33","0.00","76.0000","101.0600"
"06/01/2026","SCB","29.25","29.22","29.25","29.25","29.25","29.25","0.00","29.25","0.00","117.0000","3422.2500"
"06/01/2026","SIC","1.20","1.20","1.20","1.20","1.20","1.20","0.00","0.00","1.20","46053.0000","55263.6000"
"06/01/2026","SOGEGH","4.49","4.49","4.49","4.49","4.49","4.49","0.00","0.00","4.49","100.0000","449.0000"
"06/01/2026","TBL","1.20","1.20","1.20","1.20","1.20","1.20","0.00","1.32","0.00","0.0000","0.0000"
"06/01/2026","TOTAL","40.30","40.30","40.30","40.30","40.30","40.30","0.00","0.00","40.30","1234.0000","49730.2000"
"06/01/2026","TLW","11.92","11.92","11.92","11.92","11.92","11.92","0.00","11.92","0.00","0.0000","0.0000"
"06/01/2026","UNIL","19.79","19.79","19.79","19.79","19.79","19.79","0.00","19.79","0.00","4.0000","79.1600"
"06/01/2026","AADS","0.42","0.42","0.42","0.42","0.42","0.42","0.00","0.46","0.00","0.0000","0.0000"
"06/01/2026","SCBPREF","0.90","0.90","0.90","0.90","0.90","0.90","0.00","0.00","0.00","0.0000","0.0000"
"06/01/2026","GLD","480.00","448.40","448.40","448.40","448.40","448.40","0.00","448.40","0.00","0.0000","0.0000"
"06/01/2026","SAMBA","0.55","0.55","0.55","0.55","0.55","0.55","0.00","0.00","0.00","0.0000","0.0000"
"06/01/2026","MMH","0.10","0.10","0.10","0.10","0.10","0.10","0.00","0.00","0.00","0.0000","0.0000"
"06/01/2026","HORDS","0.10","0.10","0.10","0.10","0.10","0.10","0.00","0.00","0.00","0.0000","0.0000"
"06/01/2026","IIL","0.05","0.05","0.05","0.05","0.05","0.05","0.00","0.00","0.00","0.0000","0.0000"
"06/01/2026","DIGICUT","0.09","0.09","0.09","0.09","0.09","0.09","0.00","0.00","0.09","0.0000","0.0000"
"05/01/2026","ACCESS","16.20","16.20","16.20","16.20","16.20","16.20","0.00","16.20","0.00","107.0000","1733.4000"
"05/01/2026","ADB","5.06","5.06","5.06","5.06","5.06","5.06","0.00","5.06","0.00","27.0000","136.6200"
"05/01/2026","AGA","37.00","37.00","37.00","37.00","37.00","37.00","0.00","40.70","0.00","0.0000","0.0000"
"05/01/2026","**ALW**","0.10","0.10","0.10","0.10","0.10","0.10","0.00","0.00","0.00","0.0000","0.0000"
"05/01/2026","ASG","8.89","8.89","8.89","8.89","8.89","8.89","0.00","8.89","0.00","0.0000","0.0000"
"05/01/2026","ALLGH","6.12","6.12","6.12","6.12","6.12","6.12","0.00","6.12","0.00","105.0000","642.6000"
"05/01/2026","BOPP","55.82","55.82","55.82","55.82","55.82","55.82","0.00","55.83","0.00","487.0000","28543.0700"
"05/01/2026","CAL","0.64","0.64","0.64","0.64","0.64","0.64","0.00","0.64","0.00","240797.0000","154110.0800"
"05/01/2026","CLYD","0.46","0.46","0.46","0.46","0.46","0.46","0.00","0.50","0.00","50.0000","25.0000"
"05/01/2026","CMLT","0.14","0.14","0.14","0.14","0.14","0.14","0.00","0.15","0.00","0.0000","0.0000"
"05/01/2026","CPC","0.05","0.05","0.05","0.05","0.05","0.05","0.00","0.05","0.00","0.0000","0.0000"
"05/01/2026","DASPHARMA","0.38","0.38","0.38","0.38","0.38","0.38","0.00","0.38","0.00","0.0000","0.0000"
"05/01/2026","EGH","25.00","25.00","25.00","25.00","25.00","25.00","0.00","25.00","0.00","1024.0000","25600.0000"
"05/01/2026","EGL","3.48","3.48","3.48","3.48","3.48","3.48","0.00","3.50","0.00","111.0000","388.5000"
"05/01/2026","ETI","0.77","0.77","0.77","0.77","0.77","0.77","0.00","0.70","0.77","207018.0000","159403.8600"
"05/01/2026","FML","8.00","8.00","8.00","8.00","8.00","8.00","0.00","7.20","8.00","1625.0000","13000.0000"
"05/01/2026","FAB","7.71","7.71","7.71","7.71","7.71","7.71","0.00","7.74","0.00","0.0000","0.0000"
"05/01/2026","GCB","20.13","20.11","20.11","20.11","20.13","20.13","0.02","20.14","0.00","7391.0000","148782.8800"
"05/01/2026","GGBL","6.60","6.60","6.60","6.60","6.60","6.60","0.00","0.00","6.60","495.0000","3267.0000"
"05/01/2026","GOIL","2.97","2.96","2.96","2.96","2.97","2.97","0.01","2.98","0.00","6260.0000","18589.1400"
"05/01/2026","MAC","5.20","5.20","5.20","5.20","5.20","5.20","0.00","5.20","0.00","0.0000","0.0000"
"05/01/2026","MTNGH","4.21","4.20","4.20","4.20","4.21","4.21","0.01","4.20","4.35","485319.0000","2043235.4600"
"05/01/2026","PBC**","0.02","0.02","0.02","0.02","0.02","0.02","0.00","0.00","0.00","0.0000","0.0000"
"05/01/2026","RBGH","1.30","1.30","1.30","1.30","1.30","1.30","0.00","1.30","0.00","314.0000","409.8400"
"05/01/2026","SCB","29.25","29.22","29.22","29.22","29.22","29.25","0.03","29.25","0.00","3010.0000","88042.5000"
"05/01/2026","SIC","1.20","1.20","1.20","1.20","1.20","1.20","0.00","1.09","1.20","183045.0000","219654.0000"
"05/01/2026","SOGEGH","4.49","4.49","4.49","4.49","4.49","4.49","0.00","0.00","4.49","11219.0000","50373.3100"
"05/01/2026","TBL","1.20","1.20","1.20","1.20","1.20","1.20","0.00","1.32","0.00","0.0000","0.0000"
"05/01/2026","TOTAL","40.30","40.30","40.30","40.30","40.30","40.30","0.00","0.00","40.30","3567.0000","143750.1000"
"05/01/2026","TLW","11.92","11.92","11.92","11.92","11.92","11.92","0.00","11.92","0.00","46.0000","548.3200"
"05/01/2026","UNIL","19.79","19.79","19.79","19.79","19.79","19.79","0.00","19.79","0.00","26.0000","514.5400"
"05/01/2026","AADS","0.42","0.42","0.42","0.42","0.42","0.42","0.00","0.46","0.00","0.0000","0.0000"
"05/01/2026","SCBPREF","0.90","0.90","0.90","0.90","0.90","0.90","0.00","0.00","0.00","0.0000","0.0000"
"05/01/2026","GLD","480.00","448.40","480.00","480.00","448.40","448.40","-31.60","480.00","0.00","3367.0000","1509952.8000"
"05/01/2026","SAMBA","0.55","0.55","0.55","0.55","0.55","0.55","0.00","0.00","0.00","0.0000","0.0000"
"05/01/2026","MMH","0.10","0.10","0.10","0.10","0.10","0.10","0.00","0.00","0.00","0.0000","0.0000"
"05/01/2026","HORDS","0.10","0.10","0.10","0.10","0.10","0.10","0.00","0.00","0.10","0.0000","0.0000"
"05/01/2026","IIL","0.05","0.05","0.05","0.05","0.05","0.05","0.00","0.00","0.05","9752.0000","487.6000"
"05/01/2026","DIGICUT","0.09","0.09","0.09","0.09","0.09","0.09","0.00","0.00","0.00","0.0000","0.0000"
"02/01/2026","HORDS","0.10","0.10","0.10","0.10","0.10","0.10","0.00","0.00","0.10","10.0000","1.0000"
"02/01/2026","IIL","0.05","0.04","0.05","0.05","0.05","0.05","0.00","0.00","0.05","0.0000","0.0000"
"02/01/2026","DIGICUT","0.09","0.09","0.09","0.09","0.09","0.09","0.00","0.00","0.09","0.0000","0.0000"
"02/01/2026","ACCESS","16.40","5.20","16.20","16.20","16.20","16.20","0.00","16.20","0.00","235.0000","3807.0000"
"02/01/2026","ADB","5.06","5.06","5.06","5.06","5.06","5.06","0.00","5.06","0.00","0.0000","0.0000"
"02/01/2026","AGA","37.00","37.00","37.00","37.00","37.00","37.00","0.00","40.70","0.00","0.0000","0.0000"
"02/01/2026","**ALW**","0.10","0.10","0.10","0.10","0.10","0.10","0.00","0.00","0.00","0.0000","0.0000"
"02/01/2026","ASG","8.89","8.89","8.89","8.89","8.89","8.89","0.00","8.89","0.00","0.0000","0.0000"
"02/01/2026","ALLGH","6.12","6.12","6.12","6.12","6.12","6.12","0.00","0.00","6.12","170.0000","1040.4000"
"02/01/2026","BOPP","55.82","25.26","55.82","55.82","55.82","55.82","0.00","55.82","0.00","0.0000","0.0000"
"02/01/2026","CAL","0.90","0.33","0.54","0.54","0.58","0.58","0.04","0.58","0.00","3811350.0000","2210470.9700"
"02/01/2026","CLYD","0.46","0.03","0.46","0.46","0.46","0.46","0.00","0.50","0.00","0.0000","0.0000"
"02/01/2026","CMLT","0.14","0.14","0.14","0.14","0.14","0.14","0.00","0.15","0.00","0.0000","0.0000"
"02/01/2026","CPC","0.05","0.02","0.05","0.05","0.05","0.05","0.00","0.05","0.00","0.0000","0.0000"
"02/01/2026","DASPHARMA","0.38","0.38","0.38","0.38","0.38","0.38","0.00","0.38","0.00","0.0000","0.0000"
"02/01/2026","EGH","25.00","6.25","25.00","25.00","25.00","25.00","0.00","25.00","0.00","2918.0000","72950.0000"
"02/01/2026","EGL","3.46","1.98","3.46","3.46","3.46","3.46","0.00","3.47","0.00","0.0000","0.0000"
"02/01/2026","ETI","1.00","0.31","0.77","0.77","0.77","0.77","0.00","0.70","0.77","14615.0000","11253.5500"
"02/01/2026","FML","8.01","3.70","8.00","8.00","8.00","8.00","0.00","0.00","8.00","744.0000","5952.0000"
"02/01/2026","GCB","19.58","6.37","19.51","19.51","19.53","19.58","0.07","19.52","20.00","5448.0000","106893.4800"
"02/01/2026","GGBL","6.60","5.47","6.60","6.60","6.60","6.60","0.00","0.00","6.60","217.0000","1432.2000"
"02/01/2026","GOIL","2.91","1.52","2.91","2.91","2.91","2.91","0.00","2.95","0.00","0.0000","0.0000"
"02/01/2026","MAC","5.38","5.38","5.20","5.20","5.20","5.20","0.00","5.20","0.00","0.0000","0.0000"
"02/01/2026","MTNGH","4.52","2.50","4.20","4.20","4.20","4.20","0.00","4.20","4.21","960269.0000","4033240.7600"
"02/01/2026","PBC**","0.02","0.02","0.02","0.02","0.02","0.02","0.00","0.00","0.00","0.0000","0.0000"
"02/01/2026","RBGH","1.25","0.60","1.25","1.25","1.25","1.25","0.00","1.25","0.00","0.0000","0.0000"
"02/01/2026","SCB","29.16","23.00","29.16","29.16","29.16","29.16","0.00","29.16","0.00","0.0000","0.0000"
"02/01/2026","SIC","1.20","0.27","1.20","1.20","1.20","1.20","0.00","0.00","1.20","33095.0000","39714.0000"
"02/01/2026","SOGEGH","4.50","1.50","4.49","4.49","4.49","4.49","0.00","4.49","0.00","2915.0000","13088.3500"
"02/01/2026","TBL","1.20","0.83","1.20","1.20","1.20","1.20","0.00","1.32","0.00","0.0000","0.0000"
"02/01/2026","TOTAL","40.65","13.12","40.35","40.35","40.35","40.35","0.00","0.00","40.30","966.0000","38929.8000"
"02/01/2026","TLW","11.92","11.92","11.92","11.92","11.92","11.92","0.00","11.92","0.00","0.0000","0.0000"
"02/01/2026","UNIL","20.50","19.50","19.79","19.79","19.79","19.79","0.00","0.00","19.79","36.0000","712.4400"
"02/01/2026","AADS","0.42","0.41","0.42","0.42","0.42","0.42","0.00","0.42","0.00","0.0000","0.0000"
"02/01/2026","SCBPREF","0.90","0.90","0.90","0.90","0.90","0.90","0.00","0.00","0.00","0.0000","0.0000"
"02/01/2026","GLD","508.31","338.83","492.31","492.31","487.60","489.02","-3.29","489.02","0.00","139.0000","67974.2200"
"02/01/2026","SAMBA","0.55","0.55","0.55","0.55","0.55","0.55","0.00","0.00","0.00","0.0000","0.0000"
"02/01/2026","MMH","0.10","0.10","0.10","0.10","0.10","0.10","0.00","0.00","0.00","0.0000","0.0000"
"02/01/2026","HORDS","0.10","0.10","0.10","0.10","0.10","0.10","0.00","0.00","0.10","10.0000","1.0000"
"02/01/2026","ACCESS","16.20","16.20","16.20","16.20","16.20","16.20","0.00","16.20","0.00","81.0000","1312.2000"
"02/01/2026","ADB","5.06","5.06","5.06","5.06","5.06","5.06","0.00","5.06","0.00","0.0000","0.0000"
"02/01/2026","AGA","37.00","37.00","37.00","37.00","37.00","37.00","0.00","40.70","0.00","0.0000","0.0000"
"02/01/2026","**ALW**","0.10","0.10","0.10","0.10","0.10","0.10","0.00","0.00","0.00","0.0000","0.0000"
"02/01/2026","ASG","8.89","8.89","8.89","8.89","8.89","8.89","0.00","8.89","0.00","0.0000","0.0000"
"02/01/2026","ALLGH","6.12","6.12","6.12","6.12","6.12","6.12","0.00","6.12","0.00","0.0000","0.0000"
"02/01/2026","BOPP","55.82","55.82","55.82","55.82","55.82","55.82","0.00","55.83","0.00","0.0000","0.0000"
"02/01/2026","CAL","0.64","0.64","0.64","0.64","0.64","0.64","0.00","0.00","0.00","160062.0000","102439.6800"
"02/01/2026","CLYD","0.46","0.46","0.46","0.46","0.46","0.46","0.00","0.50","0.00","0.0000","0.0000"
"02/01/2026","CMLT","0.14","0.14","0.14","0.14","0.14","0.14","0.00","0.15","0.00","0.0000","0.0000"
"02/01/2026","CPC","0.05","0.05","0.05","0.05","0.05","0.05","0.00","0.05","0.00","0.0000","0.0000"
"02/01/2026","DASPHARMA","0.38","0.38","0.38","0.38","0.38","0.38","0.00","0.38","0.00","40.0000","15.2000"
"02/01/2026","EGH","25.00","25.00","25.00","25.00","25.00","25.00","0.00","25.00","0.00","555.0000","13875.0000"
"02/01/2026","EGL","3.48","3.48","3.48","3.48","3.48","3.48","0.00","3.49","0.00","14.0000","48.8600"
"02/01/2026","ETI","0.77","0.77","0.77","0.77","0.77","0.77","0.00","0.70","0.77","79697.0000","61366.6900"
"02/01/2026","FML","8.00","8.00","8.00","8.00","8.00","8.00","0.00","0.00","8.00","2261.0000","18088.0000"
"02/01/2026","FAB","7.71","7.71","7.71","7.71","7.71","7.71","0.00","0.00","0.00","0.0000","0.0000"
"02/01/2026","GCB","20.11","20.11","20.11","20.11","20.11","20.11","0.00","20.11","0.00","20302.0000","408273.2200"
"02/01/2026","GGBL","6.60","6.60","6.60","6.60","6.60","6.60","0.00","0.00","6.60","715.0000","4719.0000"
"02/01/2026","GOIL","2.96","2.96","2.96","2.96","2.96","2.96","0.00","2.98","0.00","0.0000","0.0000"
"02/01/2026","MAC","5.20","5.20","5.20","5.20","5.20","5.20","0.00","5.20","0.00","0.0000","0.0000"
"02/01/2026","MTNGH","4.20","4.20","4.20","4.20","4.20","4.20","0.00","4.20","4.35","648197.0000","2722427.4000"
"02/01/2026","PBC**","0.02","0.02","0.02","0.02","0.02","0.02","0.00","0.00","0.00","0.0000","0.0000"
"02/01/2026","RBGH","1.30","1.30","1.30","1.30","1.30","1.30","0.00","1.30","0.00","802.0000","1042.6000"
"02/01/2026","SCB","29.22","29.22","29.22","29.22","29.22","29.22","0.00","29.25","0.00","12.0000","351.0000"
"02/01/2026","SIC","1.20","1.20","1.20","1.20","1.20","1.20","0.00","1.09","1.20","60301.0000","72361.2000"
"02/01/2026","SOGEGH","4.49","4.49","4.49","4.49","4.49","4.49","0.00","0.00","4.49","15107.0000","67830.4300"
"02/01/2026","TBL","1.20","1.20","1.20","1.20","1.20","1.20","0.00","1.32","0.00","0.0000","0.0000"
"02/01/2026","TOTAL","40.30","40.30","40.30","40.30","40.30","40.30","0.00","0.00","40.30","1197.0000","48239.1000"
"02/01/2026","TLW","11.92","11.92","11.92","11.92","11.92","11.92","0.00","11.92","0.00","0.0000","0.0000"
"02/01/2026","UNIL","19.79","19.79","19.79","19.79","19.79","19.79","0.00","19.79","0.00","1114.0000","22046.0600"
"02/01/2026","AADS","0.42","0.42","0.42","0.42","0.42","0.42","0.00","0.46","0.00","0.0000","0.0000"
"02/01/2026","SCBPREF","0.90","0.90","0.90","0.90","0.90","0.90","0.00","0.00","0.00","0.0000","0.0000"
"02/01/2026","GLD","480.00","480.00","480.00","480.00","480.00","480.00","0.00","480.00","0.00","206.0000","98880.0000"
"02/01/2026","SAMBA","0.55","0.55","0.55","0.55","0.55","0.55","0.00","0.00","0.00","0.0000","0.0000"
"02/01/2026","MMH","0.10","0.10","0.10","0.10","0.10","0.10","0.00","0.00","0.00","0.0000","0.0000"
"02/01/2026","HORDS","0.10","0.10","0.10","0.10","0.10","0.10","0.00","0.00","0.10","0.0000","0.0000"
"02/01/2026","IIL","0.05","0.05","0.05","0.05","0.05","0.05","0.00","0.00","0.05","0.0000","0.0000"
"02/01/2026","DIGICUT","0.09","0.09","0.09","0.09","0.09","0.09","0.00","0.00","0.00","0.0000","0.0000"